month,trades,net_usd,R,win_pct,losses,lost_usd,up,down
2025-09,19,332.09,3.35,63.16,7,-538.41,0,0
2025-10,44,1410.41,12.78,63.64,16,-1675.39,0,0
2025-11,32,1532.4,13.35,84.38,5,-625.64,0,0
2025-12,30,388.5,2.91,70.0,9,-1175.49,0,0
2026-01,48,1691.71,13.75,77.08,11,-1496.22,0,0
2026-02,33,2242.05,18.75,84.85,5,-817.45,0,0
2026-03,40,2722.93,15.49,82.5,7,-1282.35,0,0
2026-04,38,342.53,1.75,71.05,11,-2196.09,0,0
2026-05,29,3026.89,14.09,86.21,4,-935.61,0,0
2026-06,31,1489.47,6.25,70.97,9,-2116.36,0,0
2026-07,38,965.43,4.03,71.05,11,-2702.14,0,0
2026-08,43,2572.57,10.0,79.07,9,-2561.52,0,0
2026-09,5,148.22,0.72,60.0,2,-588.8,0,0
