tf,side,kind,quality,entry_time,close_time,hold_min,regime,confluent,mart_step,risk_scale,risk_money,risk_pct_eq,open_at_fill,same_side_at_fill,open_risk_%eq,net,r_net,outcome,mfe_r,mae_r
M10,sell,OB,0.611,2025-10-21 01:03:00,2025-10-21 01:15:00,12.0,trend,False,-1,0.9,46.88000000000102,0.39429881592604826,0,0,0.39429881592604826,6.449999999998655,0.1375853242320502,partial_be,0.61518771331057,0.4522184300341353
M10,buy,OB,0.522,2025-10-21 10:33:00,2025-10-21 10:35:00,2.0,trend,True,0,1.25,140.6999999999971,1.1936282140793615,1,1,2.3706287714451864,-142.40000000000074,-1.012082444918292,sl,0.0,1.268656716417898
M5,buy,OB,0.65,2025-10-21 10:33:00,2025-10-21 10:36:00,3.0,trend,True,0,1.25,138.7399999999979,1.1770005573658249,1,1,2.3706287714451864,-139.93000000000052,-1.0085771947527935,sl,0.0,1.0277497477295756
M5,sell,OB,0.57,2025-10-22 16:37:00,2025-10-22 16:40:00,3.0,trend,True,-1,1.25,70.67999999999849,0.6143277075007316,0,0,0.6143277075007316,-71.70000000000066,-1.0144312393888255,sl,0.1977928692699471,1.071307300509352
M5,sell,OB,0.554,2025-10-23 04:22:00,2025-10-23 04:46:00,24.0,trend,False,-1,0.9,45.70000000000164,0.3997005307183569,0,0,0.3997005307183569,4.729999999998563,0.1035010940918685,partial_be,0.8435448577679765,0.7943107221006519
M5,buy,OB,0.555,2025-10-23 04:43:00,2025-10-23 04:59:00,16.0,trend,False,-1,0.9,43.11999999999898,0.37713538040644473,1,0,0.7768359111248015,-43.80000000000044,-1.015769944341407,sl,0.2857142857142857,1.0287569573284236
M5,sell,IMB,0.65,2025-10-23 09:04:00,2025-10-23 09:10:00,6.0,trend,False,-1,0.9,45.88000000000102,0.402650754882414,0,0,0.402650754882414,-46.55999999999884,-1.014821272885741,sl,0.0,1.1011333914559571
M5,buy,IMB,0.56,2025-10-23 13:30:00,2025-10-23 13:45:00,15.0,trend,False,-1,0.9,45.77999999999974,0.40204906263200646,1,0,0.7735360733208315,10.780000000003165,0.2354740061162784,partial_be,1.8990825688073607,0.3608562691131018
M30,sell,OB,0.576,2025-10-23 09:14:00,2025-10-23 16:06:00,412.0,trend,False,-1,0.9,42.30000000000109,0.37193450787262466,0,0,0.37193450787262466,25.13999999999883,0.5943262411347088,partial_be,2.0241134751772285,0.1437352245863259
M5,buy,UW,0.593,2025-10-27 00:44:00,2025-10-27 00:47:00,3.0,trend,False,0,0.9,97.30000000000018,0.8547196247315318,0,0,0.8547196247315318,-99.00000000000382,-1.0174717368962347,sl,0.0585817060636904,1.2004110996917028
