key,tf,poi_id,kind,side,quality,grade,selected_time,entry_time,close_time,hold_min,entry,limit,sl,tp1,tp2,zone_top,zone_bottom,risk_usd_per_unit,atr,lots,risk_money,gross,commission,swap,net,r_gross,r_net,outcome,partial,mfe_r,mae_r,legs,cum_net,cum_r,month
M10#1630,M10,1630,IMB,sell,0.61,B,2025-09-10 13:50:00,2025-09-10 13:53:00,2025-09-10 22:34:00,521.0,3657.46,3657.46,3664.18,3653.43,3637.3,3664.18,3657.46,6.7199999999998,2.7357142857142662,0.14,94.07999999999721,233.849999999999,1.9600000000000002,0.0,231.889999999999,2.485650510204145,2.4648171768708105,tp2,True,3.016369047619135,0.05208333333338902,0.03@3653.43:tp1;0.11@3637.30:tp2,231.889999999999,2.4648171768708105,2025-09
M10#1747,M10,1747,OB,buy,0.613,B,2025-09-12 18:00:00,2025-09-12 18:05:00,2025-09-15 02:22:00,3377.0,3646.16,3646.16,3638.49,3650.76,3669.17,3646.16,3638.49,7.670000000000073,3.9214285714285455,0.13,99.71000000000095,-101.00999999999976,1.82,-6.5,-109.32999999999976,-1.013037809647967,-1.0964797913950328,sl,False,0.5971316818774295,1.0847457627118162,0.03@3638.39:sl;0.1@3638.39:sl,122.55999999999923,1.3683373854757777,2025-09
M10#1821,M10,1821,IMB,buy,0.711,A,2025-09-15 20:00:00,2025-09-16 01:00:00,2025-09-16 04:00:00,180.0,3672.88,3672.88,3667.8,3675.93,3688.12,3672.88,3667.8,5.079999999999927,4.3828571428571195,0.19,96.51999999999862,240.79999999999563,2.66,-7.5,230.63999999999564,2.494819726481549,2.3895565685868103,tp2,True,3.253937007874012,0.407480314960668,0.04@3675.93:tp1;0.15@3688.12:tp2,353.1999999999949,3.757893954062588,2025-09
M10#1885,M10,1885,IMB,sell,0.643,B,2025-09-17 05:30:00,2025-09-17 05:49:00,2025-09-17 06:15:00,26.0,3682.41,3682.41,3685.9,3680.32,3671.94,3685.9,3682.41,3.4900000000002365,3.5914285714285534,0.29,101.21000000000687,12.429999999989834,4.0600000000000005,0.0,8.369999999989833,0.12281395119048502,0.08269933800997199,partial_be,True,0.6647564469912756,0.4842406876791962,0.07@3680.32:tp1;0.22@3682.51:be,361.5699999999847,3.84059329207256,2025-09
M10#2052,M10,2052,IMB,buy,0.627,B,2025-09-22 21:50:00,2025-09-22 22:28:00,2025-09-23 01:00:00,152.0,3744.65,3744.65,3741.76,3746.38,3753.32,3744.65,3741.76,2.8899999999998727,2.396428571428617,0.35,101.14999999999554,-66.35000000000673,4.9,0.0,-71.25000000000674,-0.6559565002472532,-0.7043994068216498,partial_be,True,1.3633217993080373,1.70242214532882,0.08@3746.38:tp1;0.27@3741.68:be,290.319999999978,3.1361938852509104,2025-09
M10#2076,M10,2076,IMB,buy,0.663,A,2025-09-23 17:40:00,2025-09-23 19:36:00,2025-09-23 21:55:00,139.0,3766.79,3766.79,3759.68,3771.06,3788.12,3766.79,3759.68,7.110000000000127,6.394999999999949,0.14,99.5400000000018,11.710000000000944,1.9600000000000002,0.0,9.750000000000943,0.11764114928672627,0.09795057263412464,partial_be,True,2.666666666666624,0.26722925457103475,0.03@3771.06:tp1;0.11@3766.69:be,300.06999999997896,3.234144457885035,2025-09
M30#774,M30,774,UW,buy,0.636,B,2025-09-23 21:30:00,2025-09-23 21:51:00,2025-09-23 21:56:00,5.0,3775.34,3775.34,3764.89,3781.61,3806.69,3775.34,3764.89,10.450000000000273,8.76071428571426,0.09,94.05000000000247,-94.95000000000165,1.2600000000000002,0.0,-96.21000000000166,-1.0095693779904216,-1.0229665071770242,sl,False,0.0,1.150239234449729,0.02@3764.79:sl;0.07@3764.79:sl,203.8599999999773,2.2111779507080107,2025-09
M5#4335,M5,4335,OB,sell,0.588,B,2025-09-25 17:10:00,2025-09-25 17:23:00,2025-09-25 18:15:00,52.0,3735.85,3735.85,3743.1,3731.5,3714.1,3743.1,3735.85,7.25,6.58928571428565,0.14,101.50000000000001,11.950000000000726,1.9600000000000002,0.0,9.990000000000725,0.11773399014779039,0.09842364532020417,partial_be,True,1.651034482758593,0.2786206896551699,0.03@3731.50:tp1;0.11@3735.95:be,213.84999999997802,2.309601596028215,2025-09
M5#4333,M5,4333,IMB,sell,0.557,B,2025-09-25 17:25:00,2025-09-25 21:25:00,2025-09-25 21:35:00,10.0,3746.51,3746.51,3751.81,3743.33,3730.61,3751.81,3746.51,5.299999999999727,6.39142857142854,0.19,100.69999999999482,-102.59999999999309,2.66,0.0,-105.25999999999308,-1.0188679245282857,-1.0452830188679096,sl,False,0.1056603773585715,1.0641509433962573,0.04@3751.91:sl;0.15@3751.91:sl,108.58999999998494,1.2643185771603054,2025-09
M10#2213,M10,2213,UW,sell,0.6,B,2025-09-26 08:20:00,2025-09-26 08:39:00,2025-09-26 09:12:00,33.0,3749.65,3749.65,3753.57,3747.3,3737.89,3753.57,3749.65,3.9200000000000728,2.5235714285714232,0.25,98.00000000000182,12.200000000001182,3.5,0.0,8.700000000001182,0.1244897959183771,0.08877551020409205,partial_be,True,2.0102040816326436,0.08673469387747053,0.06@3747.30:tp1;0.19@3749.75:be,117.28999999998612,1.3530940873643975,2025-09
M5#4612,M5,4612,IMB,buy,0.745,A,2025-09-30 17:40:00,2025-09-30 18:08:00,2025-10-01 04:46:00,638.0,3837.88,3837.88,3828.27,3843.65,3866.71,3837.88,3828.27,9.610000000000127,6.79357142857134,0.1,96.10000000000127,242.17999999999938,1.4000000000000001,-12.0,228.77999999999938,2.5200832466180665,2.3806451612902846,tp2,True,3.012486992715862,0.6826222684703287,0.02@3843.65:tp1;0.08@3866.71:tp2,346.0699999999855,3.733739248654682,2025-10
M5#1002814,M5,1002814,OB,sell,0.558,B,2025-10-02 13:15:00,2025-10-02 13:21:00,2025-10-02 13:42:00,21.0,3883.26,3883.26,3888.52,3880.1,3867.48,3888.52,3883.26,5.2599999999997635,2.601428571428609,0.19,99.9399999999955,11.140000000002601,2.66,0.0,8.480000000002601,0.11146688012810789,0.08485091054635764,partial_be,True,0.6615969581749381,0.2566539923954315,0.04@3880.10:tp1;0.15@3883.36:be,354.5499999999881,3.81859015920104,2025-10
M10#1001696,M10,1001696,OB,buy,0.629,B,2025-10-09 04:00:00,2025-10-09 04:03:00,2025-10-09 05:02:00,59.0,4014.51,4014.51,4005.27,4020.05,4042.23,4014.51,4005.27,9.240000000000236,7.089999999999918,0.11,101.6400000000026,10.179999999996653,1.54,0.0,8.639999999996654,0.10015741833920103,0.08500590318768628,partial_be,True,2.3744588744587705,0.6774891774891838,0.02@4020.05:tp1;0.09@4014.41:be,363.1899999999847,3.903596062388726,2025-10
M5#1003312,M5,1003312,OB,sell,0.603,B,2025-10-09 07:25:00,2025-10-09 15:54:00,2025-10-09 16:00:00,6.0,4049.01,4049.01,4054.3,4045.84,4033.14,4054.3,4049.01,5.289999999999964,2.7671428571428414,0.19,100.50999999999931,-102.40999999999758,2.66,0.0,-105.06999999999758,-1.0189035916824025,-1.0453686200377903,sl,False,0.003780718336566483,1.22495274102072,0.04@4054.40:sl;0.15@4054.40:sl,258.11999999998716,2.8582274423509357,2025-10
M10#1001734,M10,1001734,OB,buy,0.713,A,2025-10-09 23:10:00,2025-10-10 01:10:00,2025-10-10 06:26:00,316.0,3967.97,3967.97,3957.35,3974.34,3999.83,3967.97,3957.35,10.61999999999989,7.807857142857172,0.09,95.57999999999903,12.04000000000133,1.2600000000000002,0.0,10.78000000000133,0.12596777568530498,0.11278510148568151,partial_be,True,2.502824858757124,0.8709981167608376,0.02@3974.34:tp1;0.07@3967.87:be,268.8999999999885,2.971012543836617,2025-10
M5#1003390,M5,1003390,IMB,sell,0.642,B,2025-10-10 02:50:00,2025-10-10 02:52:00,2025-10-10 06:26:00,214.0,3989.78,3989.78,3998.06,3984.81,3964.94,3998.06,3989.78,8.279999999999745,3.161428571428587,0.12,99.35999999999694,238.47000000000207,1.68,0.0,236.79000000000207,2.4000603864735246,2.3831521739131376,tp2,True,3.0917874396136655,0.6086956521739274,0.03@3984.81:tp1;0.09@3964.94:tp2,505.68999999999056,5.354164717749755,2025-10
M5#1003465,M5,1003465,OB,sell,0.644,B,2025-10-10 17:30:00,2025-10-10 17:31:00,2025-10-10 17:39:00,8.0,3987.39,3987.39,3994.7,3983.0,3965.46,3994.7,3987.39,7.309999999999945,6.980000000000051,0.14,102.33999999999925,12.070000000000618,1.9600000000000002,0.0,10.110000000000618,0.11794019933555508,0.09878835255032921,partial_be,True,0.9794801641586741,0.09986320109439448,0.03@3983.00:tp1;0.11@3987.49:be,515.7999999999912,5.452953070300084,2025-10
M15#1001238,M15,1001238,OB,sell,0.632,B,2025-10-10 11:15:00,2025-10-13 01:25:00,2025-10-13 02:08:00,43.0,4040.88,4040.88,4055.88,4031.88,3995.88,4055.88,4040.88,15.0,8.779285714285736,0.07,104.99999999999999,-105.69999999999936,0.9799999999999999,0.0,-106.67999999999937,-1.0066666666666608,-1.015999999999994,sl,False,0.5306666666666691,1.2079999999999926,0.01@4055.98:sl;0.06@4055.98:sl,409.1199999999918,4.43695307030009,2025-10
M5#1003612,M5,1003612,IMB,buy,0.583,B,2025-10-14 04:40:00,2025-10-14 04:41:00,2025-10-14 04:54:00,13.0,4139.03,4139.03,4131.99,4143.25,4160.15,4139.03,4131.99,7.039999999999964,5.438571428571582,0.14,98.5599999999995,-99.95999999999185,1.9600000000000002,0.0,-101.91999999999184,-1.014204545454468,-1.0340909090908315,sl,False,0.18181818181827578,1.011363636363626,0.03@4131.89:sl;0.11@4131.89:sl,307.2,3.4028621612092587,2025-10
M5#1003640,M5,1003640,UW,buy,0.597,B,2025-10-14 15:25:00,2025-10-14 16:01:00,2025-10-14 16:40:00,39.0,4098.43,4098.43,4090.35,4103.28,4122.67,4098.43,4090.35,8.080000000000382,4.6892857142859485,0.12,96.96000000000458,232.7099999999964,1.68,0.0,231.0299999999964,2.4000618811879684,2.3827351485147017,tp2,True,3.003712871286928,0.10024752475252004,0.03@4103.28:tp1;0.09@4122.67:tp2,538.2299999999964,5.78559730972396,2025-10
M10#1001849,M10,1001849,OB,sell,0.707,A,2025-10-14 20:10:00,2025-10-15 01:14:00,2025-10-15 04:07:00,173.0,4159.06,4159.06,4179.08,4147.05,4099.0,4179.08,4159.06,20.019999999999527,8.944999999999968,0.05,100.09999999999764,-100.59999999999945,0.7000000000000001,0.0,-101.29999999999946,-1.0049950049950234,-1.0119880119880305,sl,False,0.44155844155845925,1.054445554445563,0.01@4179.18:sl;0.04@4179.18:sl,436.92999999999694,4.77360929773593,2025-10
M5#1003708,M5,1003708,IMB,buy,0.659,A,2025-10-15 04:30:00,2025-10-15 05:31:00,2025-10-15 07:25:00,114.0,4173.72,4173.72,4162.75,4180.3,4206.63,4173.72,4162.75,10.970000000000255,6.795000000000073,0.09,98.7300000000023,12.459999999997308,1.2600000000000002,0.0,11.199999999997308,0.12620277524558915,0.11344069684996502,partial_be,True,1.5487693710117947,0.607110300820392,0.02@4180.30:tp1;0.07@4173.62:be,448.12999999999425,4.887049994585895,2025-10
M10#1001945,M10,1001945,OB,buy,0.638,B,2025-10-16 13:50:00,2025-10-16 15:39:00,2025-10-16 17:07:00,88.0,4232.8,4232.8,4223.04,4238.66,4262.08,4232.8,4223.04,9.760000000000218,5.701428571428745,0.1,97.60000000000218,245.9599999999973,1.4000000000000001,0.0,244.5599999999973,2.520081967213031,2.5057377049179492,tp2,True,3.025614754098267,0.5430327868852524,0.02@4238.66:tp1;0.08@4262.08:tp2,692.6899999999915,7.3927876995038435,2025-10
M5#1003868,M5,1003868,OB,buy,0.708,A,2025-10-16 17:35:00,2025-10-16 17:46:00,2025-10-16 19:16:00,90.0,4255.26,4255.26,4246.63,4260.44,4281.15,4255.26,4246.63,8.63000000000011,7.309999999999945,0.12,103.56000000000131,248.54999999999288,1.68,0.0,246.86999999999287,2.400057937427479,2.3838354577055787,tp2,True,3.1019698725375653,0.1575898030128117,0.03@4260.44:tp1;0.09@4281.15:tp2,939.5599999999844,9.776623157209421,2025-10
M5#1003987,M5,1003987,IMB,buy,0.603,B,2025-10-20 12:30:00,2025-10-20 13:08:00,2025-10-20 14:58:00,110.0,4247.39,4247.39,4239.35,4252.21,4271.51,4247.39,4239.35,8.039999999999964,3.987857142856813,0.13,104.51999999999953,255.65999999999806,1.82,0.0,253.83999999999807,2.446039035591267,2.4286261002678837,tp2,True,3.1815920398010005,0.231343283582163,0.03@4252.21:tp1;0.1@4271.51:tp2,1193.3999999999824,12.205249257477305,2025-10
M10#1002063,M10,1002063,OB,sell,0.611,B,2025-10-21 00:00:00,2025-10-21 01:03:00,2025-10-21 01:15:00,12.0,4365.92,4365.92,4377.64,4358.89,4330.76,4377.64,4365.92,11.720000000000255,8.132142857142819,0.09,105.4800000000023,13.359999999996946,1.2600000000000002,0.0,12.099999999996946,0.1266590822904499,0.11471368979898257,partial_be,True,0.61518771331057,0.45221843003413537,0.02@4358.89:tp1;0.07@4366.02:be,1205.4999999999793,12.319962947276288,2025-10
M5#1004017,M5,1004017,OB,buy,0.65,B,2025-10-21 08:10:00,2025-10-21 10:33:00,2025-10-21 10:36:00,3.0,4314.65,4314.65,4294.83,4326.54,4374.11,4314.65,4294.83,19.81999999999971,3.3650000000002365,0.05,99.09999999999854,-99.60000000000036,0.7000000000000001,0.0,-100.30000000000037,-1.0050454086781213,-1.0121089808274655,sl,False,0.0,1.0277497477295756,0.01@4294.73:sl;0.04@4294.73:sl,1105.199999999979,11.307853966448823,2025-10
M5#1004197,M5,1004197,IMB,sell,0.574,B,2025-10-22 16:10:00,2025-10-22 16:11:00,2025-10-22 16:36:00,25.0,4066.79,4066.79,4082.94,4057.1,4018.34,4082.94,4066.79,16.15000000000009,13.05142857142859,0.06,96.90000000000056,9.19000000000051,0.8400000000000001,0.0,8.35000000000051,0.09484004127967446,0.08617131062951973,partial_be,True,1.1869969040247657,0.12074303405571561,0.01@4057.10:tp1;0.05@4066.89:be,1113.5499999999795,11.394025277078343,2025-10
M5#1004254,M5,1004254,OB,sell,0.554,B,2025-10-23 04:20:00,2025-10-23 04:22:00,2025-10-23 04:46:00,24.0,4085.91,4085.91,4095.05,4080.43,4058.49,4095.05,4085.91,9.140000000000327,7.9614285714285415,0.12,109.68000000000393,15.53999999999678,1.68,0.0,13.85999999999678,0.14168490153169425,0.126367614879616,partial_be,True,0.8435448577679765,0.7943107221006519,0.03@4080.43:tp1;0.09@4086.01:be,1127.4099999999762,11.52039289195796,2025-10
M5#1004264,M5,1004264,OB,buy,0.555,B,2025-10-23 04:40:00,2025-10-23 04:43:00,2025-10-23 04:59:00,16.0,4084.04,4084.04,4073.26,4090.51,4116.38,4084.04,4073.26,10.779999999999745,7.311428571428548,0.1,107.79999999999745,-108.80000000000109,1.4000000000000001,0.0,-110.2000000000011,-1.0092764378479004,-1.0222634508349138,sl,False,0.2857142857142857,1.0287569573284236,0.02@4073.16:sl;0.08@4073.16:sl,1017.2099999999751,10.498129441123046,2025-10
M5#1004183,M5,1004183,IMB,sell,0.65,B,2025-10-23 08:30:00,2025-10-23 09:04:00,2025-10-23 09:10:00,6.0,4119.37,4119.37,4130.84,4112.49,4084.96,4130.84,4119.37,11.470000000000255,4.197857142857174,0.09,103.2300000000023,-104.1299999999974,1.2600000000000002,0.0,-105.3899999999974,-1.0087183958151222,-1.02092414995636,sl,False,0.0,1.1011333914559571,0.02@4130.94:sl;0.07@4130.94:sl,911.8199999999778,9.477205291166687,2025-10
M5#1004293,M5,1004293,IMB,buy,0.56,B,2025-10-23 12:40:00,2025-10-23 13:30:00,2025-10-23 13:45:00,15.0,4107.07,4107.07,4100.53,4110.99,4126.69,4107.07,4100.53,6.539999999999964,5.117142857142816,0.16,104.63999999999942,14.48000000000684,2.24,0.0,12.24000000000684,0.1383792048930325,0.11697247706428619,partial_be,True,1.8990825688073611,0.3608562691131018,0.04@4110.99:tp1;0.12@4106.97:be,924.0599999999846,9.594177768230972,2025-10
M5#1004416,M5,1004416,IMB,buy,0.678,A,2025-10-24 16:40:00,2025-10-24 16:41:00,2025-10-24 21:01:00,260.0,4105.75,4105.75,4091.18,4114.49,4149.46,4105.75,4091.18,14.570000000000164,12.212857142857112,0.07,101.99000000000113,8.139999999997599,0.9799999999999999,0.0,7.159999999997599,0.07981174624960789,0.07020296107459084,partial_be,True,2.2676733013040216,0.547700754975942,0.01@4114.49:tp1;0.06@4105.65:be,931.2199999999822,9.664380729305563,2025-10
M5#1004450,M5,1004450,UW,buy,0.593,B,2025-10-27 00:40:00,2025-10-27 00:44:00,2025-10-27 00:47:00,3.0,4083.55,4083.55,4073.82,4089.39,4112.74,4083.55,4073.82,9.730000000000018,10.697857142857206,0.11,107.0300000000002,-108.1300000000042,1.54,0.0,-109.67000000000421,-1.0102774922919182,-1.0246659815005512,sl,False,0.05858170606369043,1.2004110996917028,0.02@4073.72:sl;0.09@4073.72:sl,821.549999999978,8.639714747805012,2025-10
M5#1004653,M5,1004653,OB,buy,0.601,B,2025-10-29 17:35:00,2025-10-29 17:47:00,2025-10-29 17:51:00,4.0,3996.9,3996.9,3991.28,4000.27,4013.76,3996.9,3991.28,5.619999999999891,5.162857142857092,0.19,106.77999999999793,-108.68000000000484,2.66,0.0,-111.34000000000484,-1.017793594306115,-1.0427046263345852,sl,False,0.24733096085407466,1.3380782918149694,0.04@3991.18:sl;0.15@3991.18:sl,710.2099999999732,7.5970101214704275,2025-10
M5#1004729,M5,1004729,IMB,buy,0.675,A,2025-10-30 12:00:00,2025-10-30 12:21:00,2025-10-30 12:35:00,14.0,3988.97,3988.97,3976.78,3996.28,4025.54,3988.97,3976.78,12.1899999999996,7.510714285714324,0.08,97.5199999999968,-98.31999999999971,1.12,0.0,-99.43999999999971,-1.0082034454471178,-1.019688269073041,sl,False,0.1452009844134569,1.2534864643150325,0.02@3976.68:sl;0.06@3976.68:sl,610.7699999999735,6.577321852397386,2025-10
M5#1004792,M5,1004792,UW,sell,0.585,B,2025-10-31 01:45:00,2025-10-31 01:48:00,2025-10-31 03:11:00,83.0,4038.67,4038.67,4046.34,4034.07,4015.66,4046.34,4038.67,7.670000000000073,6.6635714285714585,0.13,99.71000000000095,12.800000000000637,1.82,0.0,10.980000000000636,0.1283722796108767,0.11011934610370606,partial_be,True,2.4667535853976394,0.6166883963494099,0.03@4034.07:tp1;0.1@4038.77:be,621.7499999999741,6.687441198501092,2025-10
M5#1004861,M5,1004861,IMB,sell,0.584,B,2025-10-31 18:40:00,2025-10-31 19:43:00,2025-10-31 20:12:00,29.0,3999.0,3999.0,4005.08,3995.35,3980.76,4005.08,3999.0,6.079999999999927,8.404285714285672,0.17,103.35999999999876,-105.05999999999723,2.3800000000000003,0.0,-107.43999999999723,-1.016447368421038,-1.039473684210512,sl,False,0.5657894736842263,1.0657894736842262,0.04@4005.18:sl;0.13@4005.18:sl,514.3099999999769,5.647967514290579,2025-10
M5#2002838,M5,2002838,IMB,sell,0.576,B,2025-11-03 13:40:00,2025-11-03 13:48:00,2025-11-03 14:33:00,45.0,4007.93,4007.93,4014.36,4004.07,3988.64,4014.36,4007.93,6.430000000000291,3.851428571428674,0.16,102.88000000000466,14.239999999994325,2.24,0.0,11.999999999994325,0.138413685847528,0.11664074650071717,partial_be,True,0.9144634525660013,0.25816485225509084,0.04@4004.07:tp1;0.12@4008.03:be,526.3099999999712,5.764608260791297,2025-11
M5#2002801,M5,2002801,IMB,buy,0.621,B,2025-11-04 01:20:00,2025-11-04 02:41:00,2025-11-04 03:26:00,45.0,3982.37,3982.37,3974.11,3987.33,4007.15,3982.37,3974.11,8.259999999999764,3.8185714285713988,0.12,99.11999999999716,13.980000000000928,1.68,0.0,12.300000000000928,0.1410411622276163,0.12409200968524293,partial_be,True,1.4648910411622584,0.4539951573850009,0.03@3987.33:tp1;0.09@3982.27:be,538.6099999999722,5.88870027047654,2025-11
M30#2000493,M30,2000493,IMB,buy,0.608,B,2025-11-06 13:30:00,2025-11-06 14:53:00,2025-11-06 16:18:00,85.0,4003.8,4003.8,3992.83,4010.38,4036.71,4003.8,3992.83,10.970000000000255,6.822857142857141,0.09,98.7300000000023,12.459999999997308,1.2600000000000002,0.0,11.199999999997308,0.12620277524558915,0.11344069684996502,partial_be,True,1.1431175934366156,0.18869644484960033,0.02@4010.38:tp1;0.07@4003.70:be,549.8099999999695,6.002140967326505,2025-11
M5#2003282,M5,2003282,IMB,buy,0.759,A,2025-11-10 03:50:00,2025-11-10 03:54:00,2025-11-10 08:00:00,246.0,4043.83,4043.83,4035.09,4049.07,4070.05,4043.83,4035.09,8.739999999999782,5.8321428571428635,0.12,104.87999999999738,251.700000000003,1.68,0.0,250.020000000003,2.399885583524116,2.38386727688796,tp2,True,3.1098398169337496,0.6990846681922517,0.03@4049.07:tp1;0.09@4070.05:tp2,799.8299999999724,8.386008244214466,2025-11
M10#2001779,M10,2001779,OB,buy,0.615,B,2025-11-13 14:40:00,2025-11-13 15:04:00,2025-11-13 15:19:00,15.0,4229.62,4229.67,4223.11,4233.61,4249.35,4229.67,4223.11,6.5600000000004,6.535000000000049,0.16,104.9600000000064,15.359999999996944,2.24,0.0,13.119999999996944,0.1463414634145961,0.12499999999996325,partial_be,True,0.8628048780487056,0.5731707317073154,0.04@4233.61:tp1;0.12@4229.57:be,812.9499999999694,8.511008244214429,2025-11
M15#2001202,M15,2001202,IMB,buy,0.644,B,2025-11-13 15:45:00,2025-11-13 20:35:00,2025-11-14 09:25:00,770.0,4159.4,4159.4,4140.04,4171.02,4217.48,4159.4,4140.04,19.359999999999673,9.377142857142903,0.05,96.79999999999836,11.220000000002983,0.7000000000000001,-2.0,8.520000000002984,0.11590909090912369,0.08801652892565215,partial_be,True,2.6833677685951245,0.732438016528906,0.01@4171.02:tp1;0.04@4159.30:be,821.4699999999723,8.59902477314008,2025-11
M5#2003640,M5,2003640,IMB,sell,0.62,B,2025-11-14 17:05:00,2025-11-14 17:48:00,2025-11-14 17:58:00,10.0,4091.95,4091.95,4105.49,4083.83,4051.33,4105.49,4091.95,13.539999999999964,12.76642857142854,0.07,94.77999999999973,7.519999999997708,0.9799999999999999,0.0,6.5399999999977085,0.07934163325593721,0.0690018991348146,partial_be,True,0.7259970457902477,0.3530280649926638,0.01@4083.83:tp1;0.06@4092.05:be,828.00999999997,8.668026672274895,2025-11
M5#2003779,M5,2003779,OB,sell,0.575,B,2025-11-18 10:20:00,2025-11-18 10:32:00,2025-11-18 10:33:00,1.0,4028.67,4028.67,4035.11,4024.81,4009.35,4035.11,4028.67,6.440000000000055,6.0457142857142765,0.16,103.04000000000087,-104.63999999999942,2.24,0.0,-106.87999999999941,-1.0155279503105448,-1.037267080745327,sl,False,0.0,1.0605590062111598,0.04@4035.21:sl;0.12@4035.21:sl,721.1299999999706,7.630759591529568,2025-11
M5#2003873,M5,2003873,IMB,buy,0.571,B,2025-11-19 08:30:00,2025-11-19 09:08:00,2025-11-19 09:59:00,51.0,4086.68,4086.68,4079.5,4090.99,4108.22,4086.68,4079.5,7.179999999999836,4.872857142857193,0.14,100.51999999999772,11.830000000000837,1.9600000000000002,0.0,9.870000000000836,0.11768802228413355,0.09818941504179327,partial_be,True,1.420612813370544,0.22423398328686758,0.03@4090.99:tp1;0.11@4086.58:be,730.9999999999714,7.728949006571361,2025-11
M5#2003889,M5,2003889,IMB,buy,0.595,B,2025-11-19 15:25:00,2025-11-19 17:53:00,2025-11-19 17:53:00,0.0,4098.15,4098.15,4091.5,4102.14,4118.1,4098.15,4091.5,6.649999999999636,4.689285714285559,0.16,106.39999999999418,-107.99999999999272,2.24,0.0,-110.23999999999272,-1.0150375939849496,-1.036090225563898,sl,False,0.0,1.20300751879699,0.04@4091.40:sl;0.12@4091.40:sl,620.7599999999786,6.692858781007463,2025-11
M5#2003959,M5,2003959,UW,buy,0.645,B,2025-11-20 09:55:00,2025-11-20 10:04:00,2025-11-20 10:12:00,8.0,4051.21,4051.21,4043.35,4055.93,4074.79,4051.21,4043.35,7.860000000000127,5.2392857142857405,0.13,102.18000000000166,-103.48000000000047,1.82,0.0,-105.30000000000047,-1.0127226463104209,-1.030534351145026,sl,False,0.5559796437658804,1.0445292620865017,0.03@4043.25:sl;0.1@4043.25:sl,515.4599999999782,5.662324429862437,2025-11
M5#2003991,M5,2003991,OB,buy,0.59,B,2025-11-20 10:50:00,2025-11-20 18:58:00,2025-11-20 19:35:00,37.0,4050.28,4050.28,4042.76,4054.79,4072.84,4050.28,4042.76,7.519999999999982,7.183571428571505,0.13,97.75999999999976,12.529999999995653,1.82,0.0,10.709999999995652,0.12817103109651884,0.10955400981992305,partial_be,True,1.4574468085105863,0.8803191489362183,0.03@4054.79:tp1;0.1@4050.18:be,526.1699999999738,5.77187843968236,2025-11
M10#2002024,M10,2002024,IMB,buy,0.604,B,2025-11-21 01:20:00,2025-11-21 02:23:00,2025-11-21 02:53:00,30.0,4072.57,4072.57,4064.14,4077.63,4097.86,4072.57,4064.14,8.430000000000291,5.118571428571419,0.12,101.16000000000349,14.27999999999656,1.68,0.0,12.59999999999656,0.1411625148279564,0.12455516014231045,partial_be,True,0.8683274021351668,0.11506524317914842,0.03@4077.63:tp1;0.09@4072.47:be,538.7699999999704,5.89643359982467,2025-11
M5#2004088,M5,2004088,IMB,buy,0.584,B,2025-11-21 15:10:00,2025-11-21 17:41:00,2025-11-21 17:43:00,2.0,4055.53,4055.53,4050.02,4058.84,4072.06,4055.53,4050.02,5.510000000000218,7.525714285714263,0.19,104.69000000000415,11.739999999994325,2.66,0.0,9.079999999994325,0.11214060559741962,0.08673225714007035,partial_be,True,0.8439201451904632,0.050816696914734845,0.04@4058.84:tp1;0.15@4055.43:be,547.8499999999648,5.983165856964741,2025-11
M5#2004103,M5,2004103,UW,buy,0.584,B,2025-11-21 18:15:00,2025-11-21 22:33:00,2025-11-21 22:35:00,2.0,4061.33,4061.33,4055.25,4064.98,4079.57,4061.33,4055.25,6.079999999999927,6.169999999999975,0.17,103.35999999999876,13.300000000001548,2.3800000000000003,0.0,10.920000000001547,0.12867647058825182,0.10565015479877785,partial_be,True,0.6101973684210659,0.2878289473684245,0.04@4064.98:tp1;0.13@4061.23:be,558.7699999999663,6.088816011763519,2025-11
M5#2004237,M5,2004237,OB,sell,0.586,B,2025-11-25 12:00:00,2025-11-25 15:20:00,2025-11-25 15:30:00,10.0,4146.09,4146.09,4151.38,4142.92,4130.22,4151.38,4146.09,5.289999999999964,5.332142857143026,0.2,105.79999999999927,14.35000000000855,2.8000000000000003,0.0,11.550000000008549,0.1356332703214428,0.10916824196605508,partial_be,True,1.4896030245747,0.5141776937618664,0.05@4142.92:tp1;0.15@4146.19:be,570.3199999999749,6.197984253729573,2025-11
M10#2002119,M10,2002119,IMB,buy,0.618,B,2025-11-25 08:20:00,2025-11-25 10:54:00,2025-11-25 19:27:00,513.0,4110.24,4110.24,4095.71,4118.96,4153.83,4110.24,4095.71,14.529999999999745,4.977857142856984,0.07,101.7099999999982,270.2600000000011,0.9799999999999999,0.0,269.2800000000011,2.6571625208927925,2.6475272834530124,tp2,True,3.0123881624226567,0.03578802477629292,0.01@4118.96:tp1;0.06@4153.83:tp2,839.599999999976,8.845511537182585,2025-11
M10#2002278,M10,2002278,IMB,buy,0.601,B,2025-11-28 06:40:00,2025-11-28 07:09:00,2025-11-28 07:24:00,15.0,4176.63,4176.63,4171.88,4179.48,4190.88,4176.63,4171.88,4.75,4.24714285714286,0.22,104.50000000000001,12.549999999991089,3.0800000000000005,0.0,9.469999999991089,0.12009569377981902,0.0906220095692927,partial_be,True,2.4210526315789473,4.103157894736796,0.05@4179.48:tp1;0.17@4176.53:be,849.0699999999671,8.936133546751877,2025-11
M5#2004477,M5,2004477,IMB,buy,0.632,B,2025-11-28 13:25:00,2025-11-28 14:00:00,2025-11-28 15:25:00,85.0,4168.39,4168.39,4163.17,4171.52,4184.05,4168.39,4163.17,5.220000000000255,4.487142857142771,0.2,104.4000000000051,14.14999999999509,2.8000000000000003,0.0,11.34999999999509,0.1355363984673793,0.10871647509573311,partial_be,True,1.8716475095783622,0.18582375478931176,0.05@4171.52:tp1;0.15@4168.29:be,860.4199999999622,9.04485002184761,2025-11
M5#2004499,M5,2004499,UW,sell,0.601,B,2025-11-28 17:00:00,2025-11-28 17:57:00,2025-11-28 18:16:00,19.0,4202.44,4202.44,4208.34,4198.9,4184.74,4208.34,4202.44,5.900000000000546,5.524999999999831,0.18,106.20000000000984,12.759999999994763,2.5200000000000005,0.0,10.239999999994762,0.12015065913364954,0.09642184557432969,partial_be,True,0.6762711864405784,0.5644067796609524,0.04@4198.90:tp1;0.14@4202.54:be,870.659999999957,9.14127186742194,2025-11
M5#3002654,M5,3002654,IMB,sell,0.613,B,2025-12-01 08:10:00,2025-12-01 08:10:00,2025-12-01 08:30:00,20.0,4233.54,4233.54,4239.53,4229.95,4215.57,4239.53,4233.54,5.989999999999782,6.385000000000024,0.18,107.81999999999609,12.95999999999549,2.5200000000000005,0.0,10.43999999999549,0.1202003338897789,0.09682804674453598,partial_be,True,1.1986644407346498,0.1385642737896423,0.04@4229.95:tp1;0.14@4233.64:be,881.0999999999525,9.238099914166476,2025-12
M10#2002363,M10,2002363,UW,buy,0.6,B,2025-12-01 22:40:00,2025-12-01 22:57:00,2025-12-01 23:35:00,38.0,4235.14,4235.14,4229.37,4238.6,4252.45,4235.14,4229.37,5.770000000000437,5.552857142857127,0.18,103.86000000000787,12.439999999995054,2.5200000000000005,0.0,9.919999999995053,0.11977662237621906,0.09551319083375988,partial_be,True,0.9341421143845772,0.14038128249572598,0.04@4238.60:tp1;0.14@4235.04:be,891.0199999999476,9.333613105000236,2025-12
M5#3002861,M5,3002861,UW,buy,0.57,B,2025-12-03 18:30:00,2025-12-03 18:53:00,2025-12-03 18:54:00,1.0,4212.35,4212.35,4206.26,4216.0,4230.62,4212.35,4206.26,6.0900000000001455,5.338571428571413,0.17,103.53000000000247,-105.23000000000866,2.3800000000000003,0.0,-107.61000000000865,-1.0164203612480067,-1.0394088669951327,sl,False,0.0,1.0032840722496612,0.04@4206.16:sl;0.13@4206.16:sl,783.4099999999389,8.294204238005102,2025-12
M10#3001374,M10,3001374,OB,sell,0.645,B,2025-12-05 14:10:00,2025-12-05 17:32:00,2025-12-05 18:10:00,38.0,4250.88,4250.88,4259.94,4245.44,4223.7,4259.94,4250.88,9.05999999999949,3.2057142857143583,0.11,99.6599999999944,255.5000000000036,1.54,0.0,253.96000000000362,2.563716636564499,2.5482640979331515,tp2,True,3.5706401766006826,0.9646799116999097,0.02@4245.44:tp1;0.09@4223.70:tp2,1037.3699999999426,10.842468335938253,2025-12
M5#3003084,M5,3003084,UW,sell,0.685,A,2025-12-09 09:55:00,2025-12-09 11:05:00,2025-12-09 11:19:00,14.0,4201.8,4201.8,4210.7,4196.46,4175.1,4210.7,4201.8,8.899999999999636,2.737857142857268,0.12,106.79999999999563,-108.0,1.68,0.0,-109.68,-1.011235955056221,-1.0269662921348734,sl,False,0.21797752808995377,1.0325842696629186,0.03@4210.80:sl;0.09@4210.80:sl,927.6899999999425,9.81550204380338,2025-12
M15#3001083,M15,3001083,OB,sell,0.607,B,2025-12-10 22:45:00,2025-12-11 02:12:00,2025-12-11 16:37:00,865.0,4239.92,4239.78,4253.75,4231.4,4197.87,4253.75,4239.78,13.970000000000255,13.126428571428473,0.07,97.79000000000177,8.760000000000218,0.9799999999999999,0.0,7.780000000000219,0.08957971162695634,0.0795582370385528,partial_be,True,2.518969219756547,0.5705082319254975,0.01@4231.40:tp1;0.06@4239.88:be,935.4699999999427,9.895060280841934,2025-12
M10#3001721,M10,3001721,IMB,buy,0.662,A,2025-12-11 19:50:00,2025-12-11 20:58:00,2025-12-11 22:07:00,69.0,4270.98,4270.98,4261.04,4276.94,4300.8,4270.98,4261.04,9.9399999999996,8.33071428571436,0.11,109.3399999999956,11.020000000004984,1.54,0.0,9.480000000004985,0.10078653740630536,0.08670203036405127,partial_be,True,0.6569416498994887,0.7957746478873413,0.02@4276.94:tp1;0.09@4270.88:be,944.9499999999477,9.981762311205985,2025-12
M5#3003401,M5,3003401,IMB,sell,0.674,A,2025-12-15 04:15:00,2025-12-15 04:31:00,2025-12-15 07:56:00,205.0,4327.99,4327.99,4343.29,4318.81,4282.09,4343.29,4327.99,15.300000000000182,4.272857142857057,0.07,107.10000000000126,-107.80000000000382,0.9799999999999999,0.0,-108.78000000000382,-1.006535947712442,-1.0156862745098276,sl,False,0.5516339869280719,1.0078431372548948,0.01@4343.39:sl;0.06@4343.39:sl,836.1699999999439,8.966076036696158,2025-12
M10#3001798,M10,3001798,IMB,buy,0.604,B,2025-12-15 09:20:00,2025-12-15 09:39:00,2025-12-15 13:07:00,208.0,4336.06,4336.06,4331.01,4339.09,4351.21,4336.06,4331.01,5.050000000000182,4.477857142857049,0.21,106.05000000000383,13.549999999992908,2.9400000000000004,0.0,10.609999999992908,0.12776991984905628,0.10004714757182956,partial_be,True,2.8158415841581848,0.5128712871287232,0.05@4339.09:tp1;0.16@4335.96:be,846.7799999999368,9.066123184267989,2025-12
M5#3003497,M5,3003497,OB,sell,0.584,B,2025-12-16 15:05:00,2025-12-16 16:03:00,2025-12-16 16:18:00,15.0,4318.77,4318.77,4325.74,4314.59,4297.86,4325.74,4318.77,6.969999999999345,3.427857142857062,0.15,104.54999999999018,-106.04999999999563,2.1,0.0,-108.14999999999563,-1.014347202295606,-1.034433285509381,sl,False,0.5337159253946347,1.0832137733143317,0.03@4325.84:sl;0.12@4325.84:sl,738.6299999999411,8.031689898758607,2025-12
M10#3001946,M10,3001946,IMB,buy,0.659,A,2025-12-18 16:20:00,2025-12-18 16:29:00,2025-12-18 16:35:00,6.0,4332.87,4332.87,4323.71,4338.37,4360.35,4332.87,4323.71,9.159999999999854,6.310714285714247,0.11,100.7599999999984,10.100000000004911,1.54,0.0,8.560000000004912,0.10023818975789074,0.08495434696313069,partial_be,True,0.8897379912664493,0.28056768558949235,0.02@4338.37:tp1;0.09@4332.77:be,747.189999999946,8.116644245721737,2025-12
M10#3002090,M10,3002090,IMB,buy,0.652,A,2025-12-23 21:40:00,2025-12-23 23:56:00,2025-12-24 01:37:00,101.0,4484.19,4484.19,4478.35,4487.69,4501.71,4484.19,4478.35,5.839999999999236,5.906428571428543,0.18,105.11999999998626,259.2800000000061,2.5200000000000005,-21.000000000000004,235.76000000000613,2.466514459665525,2.242770167428053,tp2,True,3.4571917808224573,0.3116438356164293,0.04@4487.69:tp1;0.14@4501.71:tp2,982.9499999999522,10.35941441314979,2025-12
M5#3004385,M5,3004385,IMB,sell,0.553,B,2025-12-31 13:00:00,2025-12-31 13:08:00,2025-12-31 14:36:00,88.0,4312.32,4312.32,4319.64,4307.93,4290.36,4319.64,4312.32,7.3200000000006185,5.842142857142725,0.15,109.80000000000928,11.969999999993886,2.1,0.0,9.869999999993887,0.10901639344255806,0.08989071038245039,partial_be,True,1.2240437158468962,0.5874316939890463,0.03@4307.93:tp1;0.12@4312.42:be,992.819999999946,10.44930512353224,2025-12
M5#4002376,M5,4002376,IMB,buy,0.55,C,2026-01-02 15:35:00,2026-01-02 18:03:00,2026-01-02 18:17:00,14.0,4327.32,4327.32,4319.05,4332.28,4352.13,4327.32,4319.05,8.269999999999527,5.917142857142737,0.13,107.50999999999385,-108.80999999999858,1.82,0.0,-110.62999999999857,-1.012091898428098,-1.0290205562273733,sl,False,0.26964933494565907,1.1511487303506738,0.03@4318.95:sl;0.1@4318.95:sl,882.1899999999475,9.420284567304867,2026-01
M10#4001209,M10,4001209,IMB,sell,0.626,B,2026-01-05 03:20:00,2026-01-05 08:25:00,2026-01-05 16:02:00,457.0,4422.05,4422.05,4446.16,4407.58,4349.72,4446.16,4422.05,24.109999999999673,12.529285714285768,0.04,96.43999999999869,14.170000000001892,0.56,0.0,13.610000000001891,0.14693073413523522,0.1411240149315852,partial_be,True,1.0671920364993743,0.7573620904188949,0.01@4407.58:tp1;0.03@4422.15:be,895.7999999999495,9.561408582236451,2026-01
M5#4002619,M5,4002619,OB,buy,0.61,B,2026-01-06 17:30:00,2026-01-06 17:33:00,2026-01-06 17:37:00,4.0,4471.78,4471.78,4466.32,4475.06,4488.16,4471.78,4466.32,5.460000000000036,6.819285714285668,0.19,103.74000000000069,-105.63999999999032,2.66,0.0,-108.29999999999032,-1.0183150183149183,-1.0439560439559437,sl,False,0.0,1.5879120879120907,0.04@4466.22:sl;0.15@4466.22:sl,787.4999999999592,8.517452538280507,2026-01
M5#4002662,M5,4002662,OB,sell,0.559,B,2026-01-09 15:30:00,2026-01-09 15:32:00,2026-01-09 15:37:00,5.0,4485.33,4485.33,4491.94,4481.36,4465.5,4491.94,4485.33,6.609999999999673,4.994285714285654,0.16,105.75999999999476,14.679999999996653,2.24,0.0,12.439999999996653,0.1388048411497483,0.11762481089256117,partial_be,True,0.9228441754916424,0.6111951588503893,0.04@4481.36:tp1;0.12@4485.43:be,799.9399999999558,8.635077349173068,2026-01
M10#4001661,M10,4001661,UW,sell,0.624,B,2026-01-13 01:50:00,2026-01-13 01:57:00,2026-01-13 05:09:00,192.0,4597.23,4597.23,4607.99,4590.77,4564.95,4607.99,4597.23,10.760000000000218,6.961428571428639,0.1,107.60000000000218,12.119999999995345,1.4000000000000001,0.0,10.719999999995345,0.11263940520441543,0.0996282527880588,partial_be,True,2.0120817843865426,0.27509293680297175,0.02@4590.77:tp1;0.08@4597.33:be,810.6599999999512,8.734705601961126,2026-01
M5#4003091,M5,4003091,OB,buy,0.599,B,2026-01-14 06:40:00,2026-01-14 07:57:00,2026-01-14 07:59:00,2.0,4620.58,4620.58,4614.87,4624.01,4637.71,4620.58,4614.87,5.710000000000036,3.1285714285715067,0.18,102.78000000000067,12.319999999996071,2.5200000000000005,0.0,9.799999999996071,0.11986767853664128,0.09534928974504775,partial_be,True,0.7320490367776294,0.5078809106829453,0.04@4624.01:tp1;0.14@4620.48:be,820.4599999999473,8.830054891706174,2026-01
M5#4003471,M5,4003471,OB,buy,0.608,B,2026-01-20 12:20:00,2026-01-20 12:29:00,2026-01-20 13:07:00,38.0,4729.36,4729.36,4722.7,4733.36,4749.34,4729.36,4722.7,6.6599999999998545,3.9557142857142287,0.16,106.55999999999767,-108.15999999998894,2.24,0.0,-110.39999999998894,-1.0150150150149333,-1.0360360360359548,sl,False,0.0,1.1546546546546197,0.04@4722.60:sl;0.12@4722.60:sl,710.0599999999583,7.7940188556702195,2026-01
M15#4001300,M15,4001300,IMB,buy,0.672,A,2026-01-21 17:45:00,2026-01-21 19:32:00,2026-01-21 21:30:00,118.0,4805.04,4805.04,4787.53,4815.55,4857.57,4805.04,4787.53,17.51000000000022,18.579999999999863,0.06,105.06000000000132,10.0099999999984,0.8400000000000001,0.0,9.1699999999984,0.09527888825431442,0.08728345707213292,partial_be,True,2.792689891490521,0.15933752141632945,0.01@4815.55:tp1;0.05@4804.94:be,719.2299999999567,7.881302312742353,2026-01
M5#4003664,M5,4003664,OB,sell,0.566,B,2026-01-22 14:20:00,2026-01-22 14:20:00,2026-01-22 15:14:00,54.0,4827.73,4827.73,4835.31,4823.18,4804.99,4835.31,4827.73,7.580000000000837,3.7164285714285534,0.14,106.12000000001173,12.549999999993815,1.9600000000000002,0.0,10.589999999993815,0.11826234451557131,0.09979268752348892,partial_be,True,1.498680738785951,0.6715039577837062,0.03@4823.18:tp1;0.11@4827.83:be,729.8199999999505,7.981095000265841,2026-01
M5#4003641,M5,4003641,IMB,buy,0.622,B,2026-01-22 08:20:00,2026-01-22 11:42:00,2026-01-22 15:42:00,240.0,4815.47,4815.47,4807.82,4820.06,4838.42,4815.47,4807.82,7.650000000000546,4.991428571428449,0.14,107.10000000000765,12.669999999996433,1.9600000000000002,0.0,10.709999999996432,0.11830065359472948,0.09999999999995954,partial_be,True,2.7333333333331193,0.5647058823529817,0.03@4820.06:tp1;0.11@4815.37:be,740.5299999999469,8.081095000265801,2026-01
M10#4002029,M10,4002029,OB,buy,0.634,B,2026-01-22 22:50:00,2026-01-22 22:58:00,2026-01-22 23:42:00,44.0,4916.18,4916.18,4908.3,4920.91,4939.82,4916.18,4908.3,7.880000000000109,7.257857142857249,0.13,102.44000000000142,250.58999999999287,1.82,0.0,248.76999999999288,2.4462124170244963,2.428445919562568,tp2,True,3.072335025380673,0.24111675126910145,0.03@4920.91:tp1;0.1@4939.82:tp2,989.2999999999397,10.50954091982837,2026-01
M5#4003711,M5,4003711,OB,buy,0.611,B,2026-01-23 02:50:00,2026-01-23 03:02:00,2026-01-23 03:19:00,17.0,4943.99,4943.99,4934.3,4949.8,4973.06,4943.99,4934.3,9.6899999999996,7.071428571428702,0.11,106.5899999999956,10.720000000005712,1.54,0.0,9.180000000005712,0.100572286330858,0.08612440191393275,partial_be,True,1.0866873065016605,0.7502579979359987,0.02@4949.80:tp1;0.09@4943.89:be,998.4799999999454,10.595665321742302,2026-01
M10#4002077,M10,4002077,IMB,buy,0.687,A,2026-01-23 19:00:00,2026-01-23 19:55:00,2026-01-23 20:41:00,46.0,4969.79,4969.79,4960.72,4975.23,4997.0,4969.79,4960.72,9.069999999999709,10.967857142857222,0.12,108.83999999999651,15.419999999995525,1.68,0.0,13.739999999995526,0.14167585446523356,0.1262403528114293,partial_be,True,1.593164277839061,0.831312017640596,0.03@4975.23:tp1;0.09@4969.69:be,1012.219999999941,10.721905674553732,2026-01
M5#4003862,M5,4003862,OB,sell,0.58,B,2026-01-26 12:10:00,2026-01-26 12:14:00,2026-01-26 13:38:00,84.0,5090.46,5090.46,5098.16,5085.84,5067.36,5098.16,5090.46,7.699999999999818,6.277857142857231,0.14,107.79999999999747,12.75999999999567,1.9600000000000002,0.0,10.79999999999567,0.11836734693873813,0.10018552875691951,partial_be,True,1.4922077922079173,0.6467532467532053,0.03@5085.84:tp1;0.11@5090.56:be,1023.0199999999367,10.82209120331065,2026-01
M5#4003826,M5,4003826,UW,buy,0.709,A,2026-01-26 15:00:00,2026-01-26 21:03:00,2026-01-26 21:18:00,15.0,5041.85,5041.85,5029.22,5049.43,5079.74,5041.85,5029.22,12.63000000000011,5.147857142857122,0.08,101.04000000000087,14.559999999997672,1.12,0.0,13.43999999999767,0.14410134600155924,0.1330166270783606,partial_be,True,1.6935866983372314,0.44259699129058566,0.02@5049.43:tp1;0.06@5041.75:be,1036.4599999999343,10.95510783038901,2026-01
M5#4004057,M5,4004057,UW,buy,0.556,B,2026-01-28 17:00:00,2026-01-28 17:08:00,2026-01-28 17:08:00,0.0,5259.33,5259.33,5250.21,5264.8,5286.69,5259.33,5250.21,9.11999999999989,10.68999999999986,0.12,109.43999999999869,-110.64000000000306,1.68,0.0,-112.32000000000306,-1.0109649122807418,-1.0263157894737245,sl,False,0.0,2.578947368421032,0.03@5250.11:sl;0.09@5250.11:sl,924.1399999999312,9.928792040915287,2026-01
M5#4004093,M5,4004093,UW,buy,0.552,B,2026-01-29 07:30:00,2026-01-29 10:43:00,2026-01-29 10:43:00,0.0,5500.14,5500.14,5486.98,5508.04,5539.62,5500.14,5486.98,13.160000000000764,11.399999999999832,0.08,105.28000000000611,-106.08000000000175,1.12,0.0,-107.20000000000175,-1.007598784194487,-1.0182370820668267,sl,False,0.0,1.0326747720364253,0.02@5486.88:sl;0.06@5486.88:sl,816.9399999999295,8.91055495884846,2026-01
M5#5002920,M5,5002920,IMB,buy,0.649,B,2026-02-09 02:25:00,2026-02-09 02:42:00,2026-02-09 03:05:00,23.0,5019.89,5019.89,4997.3,5033.44,5087.66,5019.89,4997.3,22.590000000000146,15.110000000000127,0.04,90.36000000000058,13.249999999998183,0.56,0.0,12.689999999998182,0.14663567950418435,0.14043824701193117,partial_be,True,0.979194333775996,0.34528552456839895,0.01@5033.44:tp1;0.03@5019.79:be,829.6299999999277,9.05099320586039,2026-02
M5#5002984,M5,5002984,IMB,sell,0.581,B,2026-02-10 01:30:00,2026-02-10 01:43:00,2026-02-10 04:03:00,140.0,5038.16,5038.16,5055.86,5027.54,4985.06,5055.86,5038.16,17.699999999999818,14.879285714285809,0.06,106.19999999999892,10.119999999998072,0.8400000000000001,0.0,9.279999999998072,0.0952919020715459,0.0873822975517718,partial_be,True,1.6355932203389896,0.5909604519774092,0.01@5027.54:tp1;0.05@5038.26:be,838.9099999999257,9.138375503412162,2026-02
M5#5003168,M5,5003168,OB,sell,0.706,A,2026-02-12 07:20:00,2026-02-12 11:50:00,2026-02-12 15:46:00,236.0,5078.8,5078.8,5095.27,5068.92,5029.39,5095.27,5078.8,16.470000000000255,4.564285714285818,0.06,98.82000000000154,9.380000000002838,0.8400000000000001,0.0,8.540000000002838,0.09492005666871778,0.08641975308644712,partial_be,True,1.7941712204007119,0.13479052823316456,0.01@5068.92:tp1;0.05@5078.90:be,847.4499999999285,9.22479525649861,2026-02
M10#5001794,M10,5001794,UW,buy,0.61,B,2026-02-13 23:30:00,2026-02-16 01:00:00,2026-02-16 01:00:00,0.0,5026.63,5028.02,5021.79,5031.76,5046.71,5028.02,5021.79,6.230000000000473,7.0121428571427975,0.17,105.91000000000804,281.5599999999995,2.3800000000000003,0.0,279.1799999999995,2.658483618166161,2.636011708053803,tp2,True,4.083467094702676,0.052969502407688954,0.04@5031.76:tp1;0.13@5046.71:tp2,1126.629999999928,11.860806964552413,2026-02
M5#5003325,M5,5003325,UW,buy,0.634,B,2026-02-13 17:00:00,2026-02-13 17:53:00,2026-02-16 05:49:00,3596.0,4988.04,4988.04,4964.67,5002.06,5058.15,4988.04,4964.67,23.36999999999989,13.42071428571418,0.04,93.47999999999956,13.719999999999347,0.56,-1.5,11.659999999999346,0.1467693624304601,0.12473256311509842,partial_be,True,2.7398373983739854,0.5857937526743544,0.01@5002.06:tp1;0.03@4987.94:be,1138.2899999999274,11.985539527667513,2026-02
M5#5003364,M5,5003364,IMB,sell,0.552,B,2026-02-16 09:55:00,2026-02-16 10:02:00,2026-02-16 10:58:00,56.0,5009.95,5009.95,5018.69,5004.71,4983.73,5018.69,5009.95,8.739999999999782,4.129285714285743,0.12,104.87999999999738,14.819999999996071,1.68,0.0,13.139999999996071,0.14130434782605303,0.12528604118989703,partial_be,True,1.602974828375351,0.40160183066365057,0.03@5004.71:tp1;0.09@5010.05:be,1151.4299999999234,12.11082556885741,2026-02
M5#5003370,M5,5003370,UW,buy,0.602,B,2026-02-16 16:55:00,2026-02-16 17:02:00,2026-02-17 02:09:00,547.0,4977.06,4977.06,4965.61,4983.93,5011.41,4977.06,4965.61,11.450000000000728,4.803571428571429,0.09,103.05000000000656,13.039999999997237,1.2600000000000002,-3.5000000000000004,8.279999999997237,0.1265405143134052,0.08034934497813401,partial_be,True,2.0541484716155485,0.6855895196506432,0.02@4983.93:tp1;0.07@4976.96:be,1159.7099999999207,12.191174913835543,2026-02
M10#5001911,M10,5001911,IMB,buy,0.676,A,2026-02-18 21:00:00,2026-02-18 21:27:00,2026-02-19 01:01:00,214.0,4978.61,4978.61,4963.39,4987.74,5024.27,4978.61,4963.39,15.219999999999345,6.488571428571374,0.07,106.5399999999954,-107.23999999999796,0.9799999999999999,-3.4999999999999996,-111.71999999999797,-1.0065703022339272,-1.0486202365309065,sl,False,0.5873850197109655,1.2141918528252535,0.01@4963.29:sl;0.06@4963.29:sl,1047.9899999999227,11.142554677304636,2026-02
M5#5003660,M5,5003660,UW,buy,0.559,B,2026-02-19 18:10:00,2026-02-19 18:27:00,2026-02-19 18:57:00,30.0,4992.99,4992.99,4987.09,4996.53,5010.69,4992.99,4987.09,5.899999999999636,7.705000000000057,0.18,106.19999999999347,12.760000000007496,2.5200000000000005,0.0,10.240000000007495,0.12015065913378796,0.09642184557446445,partial_be,True,2.6983050847459413,0.2542372881356089,0.04@4996.53:tp1;0.14@4992.89:be,1058.2299999999302,11.238976522879101,2026-02
M5#5003744,M5,5003744,OB,buy,0.567,B,2026-02-20 16:15:00,2026-02-20 17:03:00,2026-02-20 17:03:00,0.0,5031.45,5031.45,5023.97,5035.94,5053.89,5031.45,5023.97,7.479999999999563,6.734285714285826,0.14,104.7199999999939,-106.11999999999898,1.9600000000000002,0.0,-108.07999999999898,-1.0133689839572686,-1.0320855614973765,sl,False,0.0,2.0494652406418212,0.03@5023.87:sl;0.11@5023.87:sl,950.1499999999312,10.206890961381724,2026-02
M10#5002074,M10,5002074,UW,buy,0.636,B,2026-02-23 23:30:00,2026-02-23 23:30:00,2026-02-23 23:43:00,13.0,5228.6,5228.6,5224.81,5230.87,5239.97,5228.6,5224.81,3.7899999999999636,5.581428571428465,0.29,109.90999999999896,13.689999999988686,4.0600000000000005,0.0,9.629999999988685,0.12455645528149227,0.08761714129732305,partial_be,True,1.1978891820580493,0.6068601583113995,0.07@5230.87:tp1;0.22@5228.50:be,959.7799999999199,10.294508102679048,2026-02
M10#5002066,M10,5002066,UW,buy,0.734,A,2026-02-23 19:30:00,2026-02-23 19:36:00,2026-02-24 03:07:00,451.0,5195.96,5195.96,5175.79,5208.06,5256.47,5195.96,5175.79,20.170000000000073,11.29285714285704,0.05,100.85000000000036,11.719999999998436,0.7000000000000001,-2.0,9.019999999998436,0.116212196331169,0.08943976202279032,partial_be,True,2.6584035696578927,0.2345066931085997,0.01@5208.08:tp1;0.04@5195.86:be,968.7999999999183,10.383947864701838,2026-02
M30#5000663,M30,5000663,OB,buy,0.649,B,2026-02-23 19:00:00,2026-02-24 03:15:00,2026-02-24 03:16:00,1.0,5163.79,5163.79,5146.89,5173.93,5214.49,5163.79,5146.89,16.899999999999636,18.484999999999996,0.06,101.39999999999783,-102.00000000000001,0.8400000000000001,0.0,-102.84000000000002,-1.0059171597633352,-1.0142011834319746,sl,False,0.0,1.0982248520710531,0.01@5146.79:sl;0.05@5146.79:sl,865.9599999999183,9.369746681269863,2026-02
M5#5003895,M5,5003895,UW,buy,0.648,B,2026-02-24 09:00:00,2026-02-24 09:06:00,2026-02-24 09:10:00,4.0,5166.56,5166.56,5156.64,5172.51,5196.32,5166.56,5156.64,9.920000000000073,6.786428571428457,0.1,99.20000000000073,11.099999999996726,1.4000000000000001,0.0,9.699999999996725,0.11189516129028876,0.0977822580644824,partial_be,True,0.660282258064438,0.135080645161304,0.02@5172.51:tp1;0.08@5166.46:be,875.659999999915,9.467528939334345,2026-02
M15#5001413,M15,5001413,IMB,buy,0.624,B,2026-02-25 04:15:00,2026-02-25 04:51:00,2026-02-25 06:10:00,79.0,5173.62,5173.62,5156.16,5184.1,5226.0,5173.62,5156.16,17.460000000000036,14.619285714285784,0.06,104.76000000000023,9.980000000003201,0.8400000000000001,0.0,9.140000000003202,0.0952653684612751,0.08724704085531865,partial_be,True,0.9375715922107593,0.41695303550972107,0.01@5184.10:tp1;0.05@5173.52:be,884.7999999999182,9.554775980189664,2026-02
M5#5003879,M5,5003879,IMB,sell,0.59,B,2026-02-25 18:55:00,2026-02-25 19:09:00,2026-02-25 21:10:00,121.0,5213.81,5213.81,5221.03,5209.48,5192.15,5221.03,5213.81,7.219999999999345,6.259285714285787,0.15,108.29999999999018,272.9100000000117,2.1,0.0,270.81000000001166,2.5199445983382867,2.500554016620833,tp2,True,3.009695290858938,0.5581717451523699,0.03@5209.48:tp1;0.12@5192.15:tp2,1155.6099999999299,12.055329996810496,2026-02
M10#5002168,M10,5002168,OB,buy,0.646,B,2026-02-26 03:00:00,2026-02-26 03:28:00,2026-02-26 04:32:00,64.0,5179.32,5179.32,5162.29,5189.54,5230.41,5179.32,5162.29,17.029999999999745,11.335714285714207,0.06,102.17999999999849,9.720000000002983,0.8400000000000001,0.0,8.880000000002983,0.09512624779803412,0.08690546095129296,partial_be,True,0.9348209042865714,0.045801526717542985,0.01@5189.54:tp1;0.05@5179.22:be,1164.489999999933,12.142235457761789,2026-02
M5#5004134,M5,5004134,OB,sell,0.585,B,2026-02-27 03:20:00,2026-02-27 03:21:00,2026-02-27 03:50:00,29.0,5179.96,5179.96,5192.22,5172.6,5143.18,5192.22,5179.96,12.260000000000218,6.399285714285725,0.09,110.340000000002,-111.23999999999707,1.2600000000000002,0.0,-112.49999999999707,-1.0081566068515049,-1.0195758564436745,sl,False,0.5163132137030844,1.03588907014686,0.02@5192.32:sl;0.07@5192.32:sl,1051.989999999936,11.122659601318114,2026-02
M5#6002827,M5,6002827,IMB,buy,0.579,B,2026-03-03 14:40:00,2026-03-03 15:04:00,2026-03-03 15:08:00,4.0,5177.63,5177.63,5154.62,5191.44,5246.66,5177.63,5154.62,23.01000000000022,23.00428571428568,0.04,92.04000000000087,-92.43999999999869,0.56,0.0,-92.99999999999869,-1.0043459365493026,-1.0104302477183595,sl,False,0.24858757062147763,1.072577140373753,0.01@5154.52:sl;0.03@5154.52:sl,958.9899999999373,10.112229353599755,2026-03
M5#6002834,M5,6002834,IMB,sell,0.567,B,2026-03-03 17:10:00,2026-03-03 17:48:00,2026-03-03 18:03:00,15.0,5076.92,5076.92,5102.99,5061.28,4998.71,5102.99,5076.92,26.06999999999971,29.210714285714207,0.04,104.27999999999884,-104.68000000000029,0.56,0.0,-105.2400000000003,-1.0038358266206509,-1.0092059838895422,sl,False,0.5420023014959477,1.0326045262754266,0.01@5103.09:sl;0.03@5103.09:sl,853.749999999937,9.103023369710213,2026-03
M5#6002915,M5,6002915,UW,buy,0.583,B,2026-03-04 15:30:00,2026-03-04 15:59:00,2026-03-04 16:12:00,13.0,5168.67,5168.67,5159.88,5173.94,5195.04,5168.67,5159.88,8.789999999999964,9.424999999999923,0.12,105.47999999999956,14.909999999995307,1.68,0.0,13.229999999995307,0.1413538111489891,0.1254266211603656,partial_be,True,1.3139931740614597,0.12855517633675925,0.03@5173.94:tp1;0.09@5168.57:be,866.9799999999324,9.228449990870578,2026-03
M5#6002920,M5,6002920,OB,sell,0.553,B,2026-03-04 17:10:00,2026-03-04 17:35:00,2026-03-04 20:20:00,165.0,5163.43,5163.43,5179.41,5153.84,5115.49,5179.41,5163.43,15.979999999999563,15.523571428571424,0.06,95.8799999999974,249.2900000000027,0.8400000000000001,0.0,248.4500000000027,2.6000208594076915,2.591259908218705,tp2,True,3.2302878598248626,0.2209011264080001,0.01@5153.84:tp1;0.05@5115.49:tp2,1115.429999999935,11.819709899089283,2026-03
M5#6002976,M5,6002976,UW,buy,0.585,B,2026-03-05 13:50:00,2026-03-05 15:01:00,2026-03-05 15:04:00,3.0,5153.68,5153.68,5147.84,5157.18,5171.2,5153.68,5147.84,5.8400000000001455,4.375000000000065,0.19,110.96000000000276,12.499999999994545,2.66,0.0,9.839999999994545,0.11265320836332222,0.08868060562359678,partial_be,True,0.8527397260273013,0.29280821917808114,0.04@5157.18:tp1;0.15@5153.58:be,1125.2699999999295,11.90839050471288,2026-03
M10#6001688,M10,6001688,IMB,buy,0.637,B,2026-03-06 05:50:00,2026-03-06 07:38:00,2026-03-06 08:02:00,24.0,5121.08,5121.08,5109.69,5127.91,5155.25,5121.08,5109.69,11.390000000000327,10.445714285714205,0.09,102.51000000000296,-103.40999999999805,1.2600000000000002,0.0,-104.66999999999805,-1.0087796312554391,-1.021071115013121,sl,False,0.2537313432836035,1.0474100087796268,0.02@5109.59:sl;0.07@5109.59:sl,1020.5999999999315,10.887319389699758,2026-03
M5#6003030,M5,6003030,IMB,buy,0.598,B,2026-03-06 08:10:00,2026-03-06 09:08:00,2026-03-06 09:33:00,25.0,5108.44,5108.44,5099.47,5113.82,5135.35,5108.44,5099.47,8.969999999999345,6.466428571428748,0.12,107.63999999999214,15.240000000005239,1.68,0.0,13.560000000005239,0.1415830546265919,0.12597547380161864,partial_be,True,1.2396878483836802,0.31438127090300055,0.03@5113.82:tp1;0.09@5108.34:be,1034.1599999999366,11.013294863501377,2026-03
M5#6003303,M5,6003303,IMB,buy,0.614,B,2026-03-11 03:35:00,2026-03-11 04:02:00,2026-03-11 05:51:00,109.0,5202.07,5202.07,5192.81,5207.63,5229.85,5202.07,5192.81,9.259999999999309,6.5471428571428465,0.11,101.8599999999924,10.220000000005712,1.54,0.0,8.680000000005712,0.10033379147856346,0.08521500098180208,partial_be,True,2.0010799136071316,0.8455723542117183,0.02@5207.63:tp1;0.09@5201.97:be,1042.8399999999424,11.09850986448318,2026-03
M5#6003347,M5,6003347,UW,buy,0.658,A,2026-03-11 18:15:00,2026-03-11 19:36:00,2026-03-12 00:37:00,301.0,5159.97,5159.97,5149.67,5166.15,5190.87,5159.97,5149.67,10.300000000000182,6.794285714285771,0.1,103.00000000000182,11.559999999995853,1.4000000000000001,-4.0,6.159999999995852,0.11223300970869561,0.05980582524267712,partial_be,True,2.2776699029125846,0.47184466019422294,0.02@5166.15:tp1;0.08@5159.87:be,1048.9999999999382,11.158315689725857,2026-03
M5#6003457,M5,6003457,OB,buy,0.576,B,2026-03-13 04:15:00,2026-03-13 04:18:00,2026-03-13 04:51:00,33.0,5121.11,5121.11,5111.99,5126.58,5148.47,5121.11,5111.99,9.11999999999989,5.7028571428571535,0.12,109.43999999999869,-110.63999999999214,1.68,0.0,-112.31999999999215,-1.0109649122806421,-1.0263157894736248,sl,False,0.2247807017544086,1.0010964912280942,0.03@5111.89:sl;0.09@5111.89:sl,936.679999999946,10.131999900252232,2026-03
M5#6003563,M5,6003563,OB,buy,0.599,B,2026-03-16 08:10:00,2026-03-16 08:48:00,2026-03-16 09:15:00,27.0,5012.57,5012.57,5004.26,5017.56,5037.5,5012.57,5004.26,8.30999999999949,4.990714285714408,0.13,108.02999999999338,-109.32999999999812,1.82,0.0,-111.14999999999812,-1.0120336943442083,-1.0288808664260385,sl,False,0.49699157641400266,1.3874849578821242,0.03@5004.16:sl;0.1@5004.16:sl,825.5299999999478,9.103119033826193,2026-03
M5#6003518,M5,6003518,OB,sell,0.558,B,2026-03-17 06:55:00,2026-03-17 07:16:00,2026-03-17 07:54:00,38.0,5042.01,5042.01,5047.4,5038.78,5025.84,5047.4,5042.01,5.389999999999418,3.6357142857143896,0.2,107.79999999998836,258.70000000000346,2.8000000000000003,0.0,255.90000000000344,2.399814471243334,2.373840445269305,tp2,True,3.558441558441997,0.5269016697587278,0.05@5038.78:tp1;0.15@5025.84:tp2,1081.4299999999512,11.476959479095498,2026-03
M5#6003743,M5,6003743,UW,buy,0.66,A,2026-03-18 11:05:00,2026-03-18 11:16:00,2026-03-18 12:27:00,71.0,4985.44,4985.44,4977.3,4990.32,5009.86,4985.44,4977.3,8.139999999999418,5.411428571428717,0.13,105.81999999999243,13.640000000005784,1.82,0.0,11.820000000005784,0.12889812889819277,0.11169911169917435,partial_be,True,1.2751842751843798,0.11179361179360191,0.03@4990.32:tp1;0.1@4985.34:be,1093.249999999957,11.588658590794672,2026-03
M10#6002158,M10,6002158,OB,sell,0.618,B,2026-03-20 01:50:00,2026-03-20 02:07:00,2026-03-20 02:40:00,33.0,4653.9,4653.9,4671.31,4643.45,4601.67,4671.31,4653.9,17.410000000000764,10.972142857142899,0.06,104.4600000000046,9.949999999997999,0.8400000000000001,0.0,9.109999999998,0.09525177101280453,0.08721041547001339,partial_be,True,0.6519241815048223,0.6507754164273079,0.01@4643.45:tp1;0.05@4654.00:be,1102.359999999955,11.675869006264685,2026-03
M5#6003925,M5,6003925,IMB,buy,0.587,B,2026-03-20 06:55:00,2026-03-20 07:02:00,2026-03-20 07:30:00,28.0,4714.49,4714.49,4707.37,4718.76,4735.85,4714.49,4707.37,7.119999999999891,4.860714285714233,0.15,106.79999999999836,11.610000000007858,2.1,0.0,9.510000000007858,0.10870786516861457,0.08904494382029966,partial_be,True,1.2977528089887533,0.5772471910111988,0.03@4718.76:tp1;0.12@4714.39:be,1111.869999999963,11.764913950084985,2026-03
M5#6004099,M5,6004099,OB,buy,0.648,B,2026-03-24 05:55:00,2026-03-24 06:19:00,2026-03-24 06:57:00,38.0,4333.03,4333.03,4312.67,4345.25,4394.11,4333.03,4312.67,20.359999999999673,11.694285714285732,0.05,101.79999999999836,11.820000000002437,0.7000000000000001,0.0,11.120000000002438,0.11611001964639123,0.10923379174855223,partial_be,True,0.8064833005894075,0.3094302554027644,0.01@4345.25:tp1;0.04@4332.93:be,1122.9899999999654,11.874147741833537,2026-03
M15#6001500,M15,6001500,OB,buy,0.604,B,2026-03-24 19:30:00,2026-03-24 19:35:00,2026-03-24 22:24:00,169.0,4379.35,4379.35,4356.66,4392.96,4447.42,4379.35,4356.66,22.69000000000051,20.202857142857347,0.04,90.76000000000204,217.8199999999988,0.56,0.0,217.2599999999988,2.399955927721396,2.393785808726244,tp2,True,3.8536800352577187,0.3102688408990659,0.01@4392.96:tp1;0.03@4447.42:tp2,1340.2499999999643,14.267933550559782,2026-03
M5#6004177,M5,6004177,UW,buy,0.558,B,2026-03-25 03:00:00,2026-03-25 03:03:00,2026-03-25 03:09:00,6.0,4553.53,4553.53,4546.44,4557.78,4574.8,4553.53,4546.44,7.0900000000001455,10.452142857142851,0.15,106.35000000000218,267.99000000000524,2.1,0.0,265.8900000000052,2.5198871650211543,2.500141043723552,tp2,True,3.2595204513399305,0.14245416078974443,0.03@4557.78:tp1;0.12@4574.80:tp2,1606.1399999999694,16.768074594283334,2026-03
M15#6001530,M15,6001530,UW,buy,0.62,B,2026-03-25 13:00:00,2026-03-25 14:28:00,2026-03-25 14:31:00,3.0,4550.78,4550.78,4527.97,4564.47,4619.21,4550.78,4527.97,22.80999999999949,13.53571428571448,0.05,114.04999999999745,-114.54999999999927,0.7000000000000001,0.0,-115.24999999999928,-1.00438404208682,-1.0105217010083458,sl,False,0.0,1.2766330556773582,0.01@4527.87:sl;0.04@4527.87:sl,1490.88999999997,15.757552893274989,2026-03
M5#6004397,M5,6004397,IMB,sell,0.644,B,2026-03-30 02:55:00,2026-03-30 03:21:00,2026-03-30 04:10:00,49.0,4460.43,4460.43,4472.46,4453.21,4424.34,4472.46,4460.43,12.029999999999745,11.146428571428585,0.09,108.26999999999774,13.740000000004331,1.2600000000000002,0.0,12.480000000004331,0.12690495982270822,0.11526738708787838,partial_be,True,2.4505403158769896,0.5502909393183734,0.02@4453.21:tp1;0.07@4460.53:be,1503.3699999999744,15.872820280362866,2026-03
M5#6004517,M5,6004517,IMB,buy,0.652,A,2026-03-31 06:05:00,2026-03-31 06:18:00,2026-03-31 09:00:00,162.0,4565.19,4565.19,4545.59,4576.95,4623.99,4565.19,4545.59,19.599999999999454,10.425000000000052,0.05,97.99999999999727,11.360000000002401,0.7000000000000001,0.0,10.660000000002402,0.1159183673469665,0.10877551020410917,partial_be,True,0.8433673469388324,0.8627551020408329,0.01@4576.95:tp1;0.04@4565.09:be,1514.0299999999768,15.981595790566976,2026-03
M5#6004513,M5,6004513,OB,buy,0.559,B,2026-03-31 08:20:00,2026-03-31 10:19:00,2026-03-31 11:08:00,49.0,4547.68,4547.68,4539.35,4552.68,4572.67,4547.68,4539.35,8.329999999999927,6.537142857143018,0.13,108.28999999999905,264.8999999999978,1.82,0.0,263.0799999999978,2.446209252931943,2.4294025302428675,tp2,True,3.091236494597866,0.5018007202881546,0.03@4552.68:tp1;0.1@4572.67:tp2,1777.1099999999747,18.410998320809842,2026-03
M5#7002610,M5,7002610,UW,sell,0.625,B,2026-04-01 07:40:00,2026-04-01 09:27:00,2026-04-01 09:45:00,18.0,4710.95,4710.95,4724.1,4703.06,4671.5,4724.1,4710.95,13.150000000000546,4.830714285714488,0.08,105.20000000000437,15.179999999996653,1.12,0.0,14.059999999996652,0.14429657794673026,0.13365019011403106,partial_be,True,0.6380228136882113,0.5520912547528454,0.02@4703.06:tp1;0.06@4711.05:be,1791.1699999999714,18.544648510923874,2026-04
M5#7002679,M5,7002679,IMB,buy,0.569,B,2026-04-02 02:45:00,2026-04-02 02:45:00,2026-04-02 02:51:00,6.0,4787.46,4787.46,4778.88,4792.61,4813.2,4787.46,4778.88,8.579999999999927,6.609999999999867,0.13,111.53999999999905,-112.8400000000038,1.82,0.0,-114.66000000000379,-1.0116550116550542,-1.0279720279720708,sl,False,0.0,1.0734265734265869,0.03@4778.78:sl;0.1@4778.78:sl,1676.5099999999677,17.516676482951805,2026-04
M5#7002794,M5,7002794,UW,buy,0.557,B,2026-04-06 09:35:00,2026-04-06 09:38:00,2026-04-06 10:12:00,34.0,4652.59,4652.59,4643.32,4658.15,4680.4,4652.59,4643.32,9.270000000000437,6.522142857143081,0.12,111.24000000000524,15.779999999995198,1.68,0.0,14.099999999995198,0.14185544768064054,0.12675296655874266,partial_be,True,1.5954692556633514,0.331175836030158,0.03@4658.15:tp1;0.09@4652.49:be,1690.6099999999628,17.64342944951055,2026-04
M5#7003052,M5,7003052,OB,sell,0.574,B,2026-04-09 12:35:00,2026-04-09 13:24:00,2026-04-09 13:47:00,23.0,4734.2,4734.2,4743.3,4728.74,4706.9,4743.3,4734.2,9.100000000000364,4.976428571428706,0.12,109.20000000000437,-110.39999999999782,1.68,0.0,-112.07999999999782,-1.0109890109889506,-1.0263736263735654,sl,False,0.0,1.018681318681326,0.03@4743.40:sl;0.09@4743.40:sl,1578.529999999965,16.617055823136983,2026-04
M5#7003198,M5,7003198,OB,sell,0.562,B,2026-04-10 08:00:00,2026-04-10 08:36:00,2026-04-10 08:45:00,9.0,4765.73,4765.73,4770.35,4762.96,4751.87,4770.35,4765.73,4.6200000000008,3.122857142857226,0.25,115.50000000002001,14.71999999999025,3.5,0.0,11.21999999999025,0.12744588744578095,0.0971428571427559,partial_be,True,0.9242424242421617,0.6038961038959914,0.06@4762.96:tp1;0.19@4765.83:be,1589.7499999999552,16.71419868027974,2026-04
M5#7003228,M5,7003228,OB,buy,0.57,B,2026-04-10 18:45:00,2026-04-10 19:06:00,2026-04-10 21:05:00,119.0,4751.78,4751.78,4745.92,4755.3,4769.36,4751.78,4745.92,5.859999999999673,8.785714285714286,0.19,111.33999999999378,12.580000000009932,2.66,0.0,9.920000000009932,0.1129872462727738,0.08909646128983731,partial_be,True,2.865187713310734,0.7576791808873461,0.04@4755.30:tp1;0.15@4751.68:be,1599.669999999965,16.803295141569578,2026-04
M10#6002837,M10,6002837,OB,sell,0.6,B,2026-04-13 18:00:00,2026-04-13 19:18:00,2026-04-13 19:40:00,22.0,4727.49,4727.49,4738.47,4720.9,4694.55,4738.47,4727.49,10.980000000000473,11.273571428571618,0.1,109.80000000000473,-110.79999999999927,1.4000000000000001,0.0,-112.19999999999928,-1.0091074681238115,-1.0218579234972172,sl,False,0.46630236794168217,1.051001821493659,0.02@4738.57:sl;0.08@4738.57:sl,1487.4699999999657,15.78143721807236,2026-04
M5#7003454,M5,7003454,OB,buy,0.553,B,2026-04-15 06:15:00,2026-04-15 08:37:00,2026-04-15 08:43:00,6.0,4816.32,4816.32,4810.17,4820.01,4834.77,4816.32,4810.17,6.149999999999636,6.4950000000000205,0.18,110.69999999999348,13.360000000009677,2.5200000000000005,0.0,10.840000000009677,0.12068654019882985,0.09792231255655208,partial_be,True,0.8260162601626386,0.5837398373984322,0.04@4820.01:tp1;0.14@4816.22:be,1498.3099999999754,15.879359530628912,2026-04
M5#7003503,M5,7003503,OB,sell,0.579,B,2026-04-15 14:40:00,2026-04-15 14:46:00,2026-04-15 16:21:00,95.0,4809.63,4809.63,4818.4,4804.37,4783.32,4818.4,4809.63,8.769999999999527,4.318571428571237,0.13,114.00999999999385,-115.30999999999858,1.82,0.0,-117.12999999999857,-1.0114025085519236,-1.0273660205245583,sl,False,0.5906499429874186,1.1755986316990827,0.03@4818.50:sl;0.1@4818.50:sl,1381.1799999999769,14.851993510104354,2026-04
M10#6002965,M10,6002965,OB,buy,0.631,B,2026-04-16 14:40:00,2026-04-16 15:11:00,2026-04-16 15:30:00,19.0,4813.79,4813.79,4807.07,4817.82,4833.95,4813.79,4807.07,6.720000000000255,5.0200000000001115,0.16,107.52000000000407,14.919999999994616,2.24,0.0,12.679999999994616,0.13876488095232561,0.11793154761899308,partial_be,True,0.715773809523842,0.3348214285714159,0.04@4817.82:tp1;0.12@4813.69:be,1393.8599999999715,14.969925057723346,2026-04
M5#7003645,M5,7003645,IMB,buy,0.563,B,2026-04-17 05:20:00,2026-04-17 05:57:00,2026-04-17 09:18:00,201.0,4786.24,4786.24,4779.23,4790.45,4807.27,4786.24,4779.23,7.010000000000218,6.871428571428429,0.16,112.16000000000349,15.640000000006694,2.24,0.0,13.400000000006694,0.1394436519258756,0.11947218259634697,partial_be,True,2.833095577746072,0.2681883024251142,0.04@4790.45:tp1;0.12@4786.14:be,1407.2599999999782,15.089397240319693,2026-04
M5#7003724,M5,7003724,IMB,buy,0.648,B,2026-04-20 08:20:00,2026-04-20 08:44:00,2026-04-20 10:18:00,94.0,4781.34,4781.34,4774.17,4785.64,4802.85,4781.34,4774.17,7.170000000000073,3.8685714285713533,0.15,107.55000000000109,271.02000000000317,2.1,0.0,268.92000000000314,2.519944211994425,2.5004184100418447,tp2,True,3.096234309623374,0.21757322175737578,0.03@4785.64:tp1;0.12@4802.85:tp2,1676.1799999999812,17.589815650361537,2026-04
M5#7003727,M5,7003727,OB,sell,0.568,B,2026-04-20 10:30:00,2026-04-20 14:53:00,2026-04-20 15:12:00,19.0,4806.62,4806.62,4813.0,4802.79,4787.48,4813.0,4806.62,6.380000000000109,5.299285714285686,0.18,114.840000000002,-116.64000000000853,2.5200000000000005,0.0,-119.16000000000852,-1.0156739811912792,-1.0376175548589903,sl,False,0.5266457680250181,1.0376175548588993,0.04@4813.10:sl;0.14@4813.10:sl,1557.0199999999727,16.552198095502547,2026-04
M5#7003771,M5,7003771,IMB,buy,0.569,B,2026-04-20 15:15:00,2026-04-20 15:38:00,2026-04-20 15:58:00,20.0,4801.35,4801.35,4794.7,4805.34,4821.3,4801.35,4794.7,6.650000000000546,5.089285714285714,0.17,113.05000000000928,14.659999999994398,2.3800000000000003,0.0,12.279999999994397,0.12967713401143913,0.10862450243249348,partial_be,True,1.0571428571427322,0.32631578947366835,0.04@4805.34:tp1;0.13@4801.25:be,1569.299999999967,16.66082259793504,2026-04
M10#6003068,M10,6003068,OB,sell,0.619,B,2026-04-20 21:00:00,2026-04-20 21:05:00,2026-04-21 01:00:00,235.0,4812.7,4812.7,4823.34,4806.32,4780.78,4823.34,4812.7,10.640000000000327,5.344999999999735,0.1,106.40000000000327,-107.39999999999782,1.4000000000000001,0.0,-108.79999999999782,-1.00939849624055,-1.0225563909773916,sl,False,0.18515037593986786,1.5469924812029634,0.02@4823.44:sl;0.08@4823.44:sl,1460.499999999969,15.638266206957649,2026-04
M5#7003723,M5,7003723,IMB,buy,0.562,B,2026-04-21 10:10:00,2026-04-21 15:30:00,2026-04-21 16:06:00,36.0,4771.49,4771.49,4764.96,4775.41,4791.08,4771.49,4764.96,6.529999999999745,6.072142857142808,0.17,111.00999999999567,14.380000000007385,2.3800000000000003,0.0,12.000000000007384,0.12953787947038956,0.10809836951633053,partial_be,True,2.9019908116386763,0.7764165390505217,0.04@4775.41:tp1;0.13@4771.39:be,1472.4999999999764,15.74636457647398,2026-04
M5#7003883,M5,7003883,IMB,sell,0.664,A,2026-04-21 18:05:00,2026-04-21 18:10:00,2026-04-21 20:19:00,129.0,4745.64,4745.64,4760.88,4736.5,4699.92,4760.88,4745.64,15.239999999999782,10.014285714285766,0.07,106.67999999999846,283.4600000000018,0.9799999999999999,0.0,282.4800000000018,2.6571053618298266,2.6479190101237897,tp2,True,3.007217847769067,0.7992125984252274,0.01@4736.50:tp1;0.06@4699.92:tp2,1754.9799999999782,18.39428358659777,2026-04
M5#7004023,M5,7004023,IMB,sell,0.563,B,2026-04-23 13:35:00,2026-04-23 15:01:00,2026-04-23 15:05:00,4.0,4728.35,4728.35,4733.55,4725.23,4712.75,4733.55,4728.35,5.199999999999818,5.395714285714413,0.22,114.39999999999601,-116.59999999998399,3.0800000000000005,0.0,-119.67999999998399,-1.0192307692306648,-1.0461538461537427,sl,False,0.0,1.1442307692307743,0.05@4733.65:sl;0.17@4733.65:sl,1635.2999999999943,17.348129740444026,2026-04
M15#6002199,M15,6002199,IMB,buy,0.618,B,2026-04-23 16:30:00,2026-04-23 17:00:00,2026-04-23 17:06:00,6.0,4719.51,4719.51,4705.82,4727.72,4760.58,4719.51,4705.82,13.69000000000051,10.968571428571522,0.08,109.52000000000407,15.81999999999789,1.12,0.0,14.699999999997889,0.14444850255658603,0.1342220598977113,partial_be,True,0.6734842951058438,0.16873630387146196,0.02@4727.72:tp1;0.06@4719.41:be,1649.9999999999923,17.48235180034174,2026-04
M10#6003272,M10,6003272,IMB,buy,0.636,B,2026-04-24 15:30:00,2026-04-24 15:49:00,2026-04-24 16:31:00,42.0,4692.47,4692.47,4680.54,4699.63,4728.26,4692.47,4680.54,11.930000000000291,9.357142857142922,0.09,107.37000000000263,13.61999999999716,1.2600000000000002,0.0,12.35999999999716,0.12685107571944515,0.11511595417711519,partial_be,True,1.089689857502069,0.16261525565804374,0.02@4699.63:tp1;0.07@4692.37:be,1662.3599999999894,17.597467754518853,2026-04
M10#6003283,M10,6003283,UW,buy,0.655,A,2026-04-24 23:30:00,2026-04-27 01:00:00,2026-04-27 01:06:00,6.0,4697.03,4697.03,4689.53,4701.53,4719.53,4697.03,4689.53,7.5,4.39714285714282,0.15,112.5,-113.99999999999181,2.1,-7.5,-123.59999999999181,-1.0133333333332606,-1.0986666666665938,sl,False,0.3920000000000679,1.528000000000005,0.03@4689.43:sl;0.12@4689.43:sl,1538.7599999999977,16.498801087852257,2026-04
M5#7004341,M5,7004341,OB,sell,0.582,B,2026-04-28 17:25:00,2026-04-28 17:33:00,2026-04-28 18:00:00,27.0,4577.88,4577.88,4586.34,4572.8,4552.5,4586.34,4577.88,8.460000000000036,10.368571428571483,0.13,109.98000000000047,14.240000000005239,1.82,0.0,12.420000000005238,0.1294780869249425,0.11292962356796858,partial_be,True,2.400709219858193,0.3593380614657152,0.03@4572.80:tp1;0.1@4577.98:be,1551.180000000003,16.611730711420226,2026-04
M5#7004384,M5,7004384,IMB,buy,0.551,B,2026-04-29 06:10:00,2026-04-29 08:59:00,2026-04-29 09:07:00,8.0,4591.79,4591.79,4585.23,4595.73,4611.47,4591.79,4585.23,6.5600000000004,5.015714285714174,0.17,111.5200000000068,14.459999999993672,2.3800000000000003,0.0,12.079999999993671,0.12966284074598985,0.10832137733135701,partial_be,True,1.0381097560975587,0.237804878048827,0.04@4595.73:tp1;0.13@4591.69:be,1563.2599999999966,16.720052088751583,2026-04
M5#7004418,M5,7004418,OB,sell,0.626,B,2026-04-29 12:45:00,2026-04-29 13:16:00,2026-04-29 14:03:00,47.0,4572.18,4572.18,4579.55,4567.76,4550.07,4579.55,4572.18,7.369999999999891,5.563571428571452,0.15,110.54999999999836,12.060000000006767,2.1,0.0,9.960000000006767,0.10909090909097191,0.090094979647281,partial_be,True,1.0868385345997744,0.6295793758479629,0.03@4567.76:tp1;0.12@4572.28:be,1573.2200000000034,16.810147068398862,2026-04
M5#8002718,M5,8002718,IMB,buy,0.617,B,2026-05-01 18:15:00,2026-05-01 21:14:00,2026-05-01 21:37:00,23.0,4616.38,4616.38,4609.24,4620.66,4637.8,4616.38,4609.24,7.140000000000327,9.570000000000034,0.16,114.24000000000524,15.919999999994616,2.24,0.0,13.679999999994616,0.13935574229686526,0.11974789915961125,partial_be,True,1.0756302521008319,0.35714285714286625,0.04@4620.66:tp1;0.12@4616.28:be,1586.899999999998,16.929894967558475,2026-05
M5#8002909,M5,8002909,IMB,buy,0.649,B,2026-05-05 16:35:00,2026-05-05 16:36:00,2026-05-05 17:13:00,37.0,4573.96,4573.96,4565.89,4578.8,4598.17,4573.96,4565.89,8.069999999999709,5.460714285714338,0.14,112.97999999999594,13.419999999996433,1.9600000000000002,0.0,11.459999999996432,0.11878208532480895,0.10143388210299915,partial_be,True,1.2627013630731063,0.2936802973977666,0.03@4578.80:tp1;0.11@4573.86:be,1598.3599999999944,17.031328849661474,2026-05
M10#6003567,M10,6003567,OB,buy,0.6,B,2026-05-05 23:10:00,2026-05-06 01:04:00,2026-05-06 01:55:00,51.0,4550.84,4550.84,4543.7,4555.12,4572.26,4550.84,4543.7,7.140000000000327,4.10571428571432,0.16,114.24000000000524,274.15999999999985,2.24,0.0,271.91999999999985,2.39985994397748,2.3802521008402255,tp2,True,3.0798319327729375,0.645658263305374,0.04@4555.12:tp1;0.12@4572.26:tp2,1870.2799999999943,19.4115809505017,2026-05
M5#8003153,M5,8003153,IMB,buy,0.64,B,2026-05-08 05:10:00,2026-05-08 05:16:00,2026-05-08 05:36:00,20.0,4719.92,4719.92,4711.44,4725.01,4745.36,4719.92,4711.44,8.480000000000473,6.689285714285559,0.13,110.24000000000615,-111.53999999999905,1.82,0.0,-113.35999999999905,-1.0117924528301236,-1.0283018867923868,sl,False,0.4504716981131481,1.2558962264149813,0.03@4711.34:sl;0.1@4711.34:sl,1756.9199999999953,18.383279063709313,2026-05
M5#8003212,M5,8003212,IMB,sell,0.55,B,2026-05-11 04:15:00,2026-05-11 04:22:00,2026-05-11 08:47:00,265.0,4700.55,4700.55,4714.35,4692.27,4659.15,4714.35,4700.55,13.800000000000182,9.67357142857132,0.08,110.40000000000146,264.96000000000276,1.12,0.0,263.84000000000276,2.3999999999999932,2.3898550724637615,tp2,True,3.0036231884057445,0.37028985507243517,0.02@4692.27:tp1;0.06@4659.15:tp2,2020.759999999998,20.773134136173073,2026-05
M5#8003271,M5,8003271,OB,buy,0.585,B,2026-05-12 17:10:00,2026-05-12 17:33:00,2026-05-12 17:51:00,18.0,4674.74,4674.74,4668.31,4678.6,4694.03,4674.74,4668.31,6.4299999999993815,9.58714285714281,0.18,115.7399999999889,14.04000000000997,2.5200000000000005,0.0,11.520000000009968,0.12130637636090649,0.09953343701409256,partial_be,True,2.06842923794735,0.612752721617415,0.04@4678.60:tp1;0.14@4674.64:be,2032.280000000008,20.872667573187165,2026-05
M5#8003519,M5,8003519,IMB,buy,0.67,A,2026-05-14 08:35:00,2026-05-14 08:59:00,2026-05-14 10:35:00,96.0,4691.13,4691.13,4683.69,4695.59,4713.45,4691.13,4683.69,7.440000000000509,5.309285714285904,0.16,119.04000000000815,285.67999999999665,2.24,0.0,283.43999999999664,2.399865591397657,2.381048387096583,tp2,True,3.068548387096554,0.6747311827957114,0.04@4695.59:tp1;0.12@4713.45:tp2,2315.720000000005,23.25371596028375,2026-05
M5#8003588,M5,8003588,IMB,sell,0.61,B,2026-05-15 03:55:00,2026-05-15 03:59:00,2026-05-15 04:03:00,4.0,4630.5,4630.5,4644.81,4621.91,4587.57,4644.81,4630.5,14.3100000000004,8.112142857142837,0.08,114.4800000000032,16.57999999999811,1.12,0.0,15.459999999998107,0.14482879105518556,0.13504542278125153,partial_be,True,0.6296296296296273,0.0957372466806326,0.02@4621.91:tp1;0.06@4630.60:be,2331.180000000003,23.388761383065,2026-05
M5#8003730,M5,8003730,OB,buy,0.597,B,2026-05-18 17:15:00,2026-05-18 17:22:00,2026-05-18 17:32:00,10.0,4555.54,4555.54,4547.36,4560.45,4580.08,4555.54,4547.36,8.180000000000291,8.809285714285513,0.15,122.70000000000437,13.529999999995198,2.1,0.0,11.429999999995198,0.11026894865521367,0.09315403422978641,partial_be,True,0.9376528117359169,0.11124694376525943,0.03@4560.45:tp1;0.12@4555.44:be,2342.6099999999983,23.481915417294786,2026-05
M10#6003977,M10,6003977,OB,sell,0.64,B,2026-05-18 20:20:00,2026-05-18 22:03:00,2026-05-18 23:15:00,72.0,4563.5,4563.5,4575.66,4556.2,4527.02,4575.66,4563.5,12.159999999999854,8.588571428571479,0.1,121.59999999999854,13.799999999997455,1.4000000000000001,0.0,12.399999999997455,0.11348684210524358,0.10197368421050661,partial_be,True,1.3659539473684106,0.12664473684210378,0.02@4556.20:tp1;0.08@4563.60:be,2355.0099999999957,23.583889101505292,2026-05
M5#8003914,M5,8003914,OB,sell,0.645,B,2026-05-20 16:55:00,2026-05-20 17:16:00,2026-05-20 17:18:00,2.0,4496.08,4496.08,4505.15,4490.64,4468.87,4505.15,4496.08,9.069999999999709,5.992142857142816,0.13,117.90999999999622,15.319999999995161,1.82,0.0,13.499999999995161,0.1299296073275859,0.11449410567378165,partial_be,True,0.82028665931641,0.7739801543550895,0.03@4490.64:tp1;0.1@4496.18:be,2368.5099999999907,23.698383207179074,2026-05
M5#8003924,M5,8003924,IMB,buy,0.648,B,2026-05-21 09:30:00,2026-05-21 10:28:00,2026-05-21 12:13:00,105.0,4515.24,4515.24,4507.18,4520.08,4539.42,4515.24,4507.18,8.05999999999949,5.947857142857239,0.15,120.89999999999236,304.68000000000393,2.1,0.0,302.5800000000039,2.520099255583318,2.502729528536171,tp2,True,3.0992555831268054,0.4317617866004694,0.03@4520.08:tp1;0.12@4539.42:tp2,2671.0899999999947,26.201112735715245,2026-05
M5#8003995,M5,8003995,IMB,sell,0.559,B,2026-05-21 13:50:00,2026-05-21 14:03:00,2026-05-21 15:09:00,66.0,4518.45,4518.45,4532.01,4510.31,4477.77,4532.01,4518.45,13.5600000000004,6.868571428571548,0.09,122.04000000000363,15.57999999999629,1.2600000000000002,0.0,14.31999999999629,0.12766306129134566,0.11733857751553477,partial_be,True,0.7455752212388919,0.22271386430681028,0.02@4510.31:tp1;0.07@4518.55:be,2685.4099999999908,26.31845131323078,2026-05
M5#8004024,M5,8004024,IMB,buy,0.675,A,2026-05-22 02:20:00,2026-05-22 03:59:00,2026-05-22 04:05:00,6.0,4526.11,4526.11,4518.35,4530.77,4549.39,4526.11,4518.35,7.759999999999309,1.9757142857142103,0.16,124.15999999998894,17.440000000009604,2.24,0.0,15.200000000009604,0.14046391752586307,0.12242268041245939,partial_be,True,1.3079896907218362,0.3286082474226159,0.04@4530.77:tp1;0.12@4526.01:be,2700.6100000000006,26.44087399364324,2026-05
M5#8004493,M5,8004493,IMB,buy,0.699,A,2026-05-28 16:20:00,2026-05-28 16:33:00,2026-05-28 17:13:00,40.0,4420.58,4420.58,4410.12,4426.86,4451.96,4420.58,4410.12,10.460000000000036,8.637142857142733,0.12,125.52000000000044,306.57000000000147,1.68,0.0,304.89000000000146,2.4423996175908256,2.429015296367116,tp2,True,4.155831739961769,0.23613766730403882,0.03@4426.86:tp1;0.09@4452.55:tp2,3005.500000000002,28.869889290010356,2026-05
M10#6004383,M10,6004383,IMB,buy,0.616,B,2026-05-28 23:20:00,2026-05-29 01:08:00,2026-05-29 03:36:00,148.0,4494.68,4494.68,4485.89,4499.95,4521.05,4494.68,4485.89,8.789999999999964,4.482857142857223,0.14,123.0599999999995,14.70999999999458,1.9600000000000002,0.0,12.749999999994579,0.11953518608804355,0.10360799609942004,partial_be,True,0.6575654152445699,0.6461888509670437,0.03@4499.95:tp1;0.11@4494.58:be,3018.2499999999964,28.973497286109776,2026-05
M5#8004558,M5,8004558,OB,buy,0.61,B,2026-05-29 11:00:00,2026-05-29 11:04:00,2026-05-29 11:48:00,44.0,4519.29,4519.29,4511.77,4523.8,4541.85,4519.29,4511.77,7.519999999999527,4.152857142857101,0.17,127.83999999999196,-129.53999999999814,2.3800000000000003,0.0,-131.91999999999814,-1.0132978723404746,-1.0319148936170717,sl,False,0.17819148936173268,1.0053191489362867,0.04@4511.67:sl;0.13@4511.67:sl,2886.329999999998,27.941582392492705,2026-05
M5#8004591,M5,8004591,IMB,buy,0.711,A,2026-05-29 18:55:00,2026-05-29 20:43:00,2026-05-29 23:51:00,188.0,4555.61,4555.61,4540.93,4564.42,4599.65,4555.61,4540.93,14.679999999999382,11.004285714285677,0.08,117.43999999999505,-118.23999999999796,1.12,0.0,-119.35999999999797,-1.0068119891008425,-1.0163487738419874,sl,False,0.4121253405994848,1.0102179836512637,0.02@4540.83:sl;0.06@4540.83:sl,2766.9700000000003,26.92523361865072,2026-05
H1#6000746,H1,6000746,IMB,buy,0.6,B,2026-06-02 14:00:00,2026-06-02 15:54:00,2026-06-02 16:08:00,14.0,4515.17,4515.17,4499.44,4524.61,4562.36,4515.17,4499.44,15.730000000000473,14.733571428571395,0.08,125.84000000000378,18.279999999997017,1.12,0.0,17.159999999997016,0.14526382708198082,0.13636363636360854,partial_be,True,0.6071201525746913,0.14240305149394242,0.02@4524.61:tp1;0.06@4515.07:be,2784.1299999999974,27.061597255014327,2026-06
M15#6003157,M15,6003157,UW,buy,0.662,A,2026-06-04 15:45:00,2026-06-04 17:09:00,2026-06-04 17:30:00,21.0,4489.91,4489.91,4482.25,4494.51,4512.89,4489.91,4482.25,7.6599999999998545,10.08142857142866,0.16,122.55999999999767,-124.16000000000348,2.24,0.0,-126.40000000000347,-1.013054830287254,-1.031331592689343,sl,False,0.49738903394262046,1.001305483028749,0.04@4482.15:sl;0.12@4482.15:sl,2657.729999999994,26.030265662324982,2026-06
M5#9003096,M5,9003096,OB,buy,0.553,B,2026-06-05 04:10:00,2026-06-05 09:15:00,2026-06-05 10:08:00,53.0,4434.67,4434.67,4427.41,4439.03,4456.45,4434.67,4427.41,7.260000000000218,6.0614285714284835,0.17,123.42000000000371,300.5799999999954,2.3800000000000003,0.0,298.1999999999954,2.4354237562792607,2.4161400097227874,tp2,True,3.2396694214874406,0.8030303030302689,0.04@4439.03:tp1;0.13@4456.45:tp2,2955.9299999999894,28.44640567204777,2026-06
M15#6003181,M15,6003181,OB,buy,0.621,B,2026-06-05 14:45:00,2026-06-05 15:30:00,2026-06-05 15:50:00,20.0,4449.15,4449.15,4436.65,4456.65,4486.65,4449.15,4436.65,12.5,5.720714285714361,0.1,125.0,-125.99999999999453,1.4000000000000001,0.0,-127.39999999999453,-1.0079999999999563,-1.0191999999999564,sl,False,0.5736000000000058,1.1743999999999506,0.02@4436.55:sl;0.08@4436.55:sl,2828.5299999999947,27.427205672047815,2026-06
M10#6004699,M10,6004699,OB,sell,0.603,B,2026-06-08 17:40:00,2026-06-08 17:45:00,2026-06-08 18:45:00,60.0,4324.42,4324.42,4341.02,4314.46,4274.62,4341.02,4324.42,16.600000000000364,9.710000000000102,0.07,116.20000000000253,-116.89999999999873,0.9799999999999999,0.0,-117.87999999999873,-1.0060240963855094,-1.0144578313252681,sl,False,0.4228915662650225,1.0120481927710732,0.01@4341.12:sl;0.06@4341.12:sl,2710.649999999996,26.41274784072255,2026-06
M5#9003619,M5,9003619,IMB,buy,0.578,B,2026-06-12 04:00:00,2026-06-12 04:04:00,2026-06-12 04:13:00,9.0,4185.87,4185.87,4175.8,4191.91,4216.08,4185.87,4175.8,10.069999999999709,8.367857142857117,0.12,120.83999999999651,17.2200000000048,1.68,0.0,15.540000000004799,0.1425024826216923,0.12859980139031155,partial_be,True,0.7328699106256527,0.28202581926516657,0.03@4191.91:tp1;0.09@4185.77:be,2726.190000000001,26.54134764211286,2026-06
M10#6004994,M10,6004994,OB,sell,0.673,A,2026-06-16 18:30:00,2026-06-16 18:57:00,2026-06-16 21:01:00,124.0,4341.73,4341.73,4354.3,4334.19,4304.02,4354.3,4341.73,12.570000000000618,7.5271428571429295,0.1,125.70000000000618,14.279999999997017,1.4000000000000001,0.0,12.879999999997017,0.11360381861572247,0.10246618933966892,partial_be,True,1.275258552108111,0.4311853619730084,0.02@4334.19:tp1;0.08@4341.83:be,2739.069999999998,26.64381383145253,2026-06
M30#6001693,M30,6001693,IMB,buy,0.62,B,2026-06-19 07:30:00,2026-06-19 07:54:00,2026-06-22 04:00:00,4086.0,4131.47,4131.47,4101.98,4149.16,4219.94,4131.47,4101.98,29.49000000000069,11.893571428571574,0.04,117.96000000000276,283.09999999999764,0.56,-1.5,281.03999999999763,2.3999660901999915,2.382502543234919,tp2,True,3.029501525940931,0.3350288233299382,0.01@4149.16:tp1;0.03@4219.94:tp2,3020.1099999999956,29.026316374687447,2026-06
M5#9004106,M5,9004106,IMB,buy,0.693,A,2026-06-22 04:30:00,2026-06-22 04:31:00,2026-06-22 05:00:00,29.0,4200.89,4200.89,4189.22,4207.89,4235.9,4200.89,4189.22,11.670000000000073,8.341428571428619,0.11,128.3700000000008,-129.4700000000048,1.54,0.0,-131.0100000000048,-1.0085689802913764,-1.0205655526992599,sl,False,0.36760925449870924,1.0882604970009124,0.02@4189.12:sl;0.09@4189.12:sl,2889.099999999991,28.005750821988187,2026-06
M5#9004394,M5,9004394,IMB,buy,0.56,B,2026-06-25 03:10:00,2026-06-25 03:13:00,2026-06-25 03:18:00,5.0,4008.01,4008.01,4000.56,4012.48,4030.36,4008.01,4000.56,7.450000000000273,5.33571428571424,0.17,126.65000000000464,-128.3500000000031,2.3800000000000003,0.0,-130.7300000000031,-1.0134228187919336,-1.0322147651006577,sl,False,0.03758389261741411,1.0067114093959362,0.04@4000.46:sl;0.13@4000.46:sl,2758.3699999999876,26.97353605688753,2026-06
M5#9004453,M5,9004453,OB,buy,0.59,B,2026-06-26 01:30:00,2026-06-26 02:49:00,2026-06-26 03:25:00,36.0,4016.75,4016.75,4007.99,4022.01,4043.03,4016.75,4007.99,8.760000000000218,3.26357142857153,0.14,122.64000000000307,14.680000000001655,1.9600000000000002,0.0,12.720000000001654,0.11969993476843842,0.10371819960862146,partial_be,True,0.7522831050228289,0.6015981735159647,0.03@4022.01:tp1;0.11@4016.65:be,2771.0899999999892,27.07725425649615,2026-06
M15#6003660,M15,6003660,UW,buy,0.693,A,2026-06-26 23:30:00,2026-06-29 01:18:00,2026-06-29 02:22:00,64.0,4056.41,4056.41,4044.9,4063.32,4090.94,4056.41,4044.9,11.509999999999764,5.939285714285851,0.11,126.6099999999974,12.920000000001437,1.54,0.0,11.380000000001438,0.10204565200222496,0.08988231577285895,partial_be,True,1.231972198088669,0.27801911381406463,0.02@4063.32:tp1;0.09@4056.31:be,2782.4699999999907,27.16713657226901,2026-06
M5#9004729,M5,9004729,OB,sell,0.608,B,2026-06-30 13:25:00,2026-06-30 13:28:00,2026-06-30 14:45:00,77.0,4028.39,4028.39,4035.64,4024.04,4006.64,4035.64,4028.39,7.25,3.747857142857096,0.17,123.25,-124.94999999999845,2.3800000000000003,0.0,-127.32999999999845,-1.0137931034482632,-1.0331034482758494,sl,False,0.40413793103446016,1.2110344827586483,0.04@4035.74:sl;0.13@4035.74:sl,2655.139999999992,26.13403312399316,2026-06
M5#9004721,M5,9004721,IMB,buy,0.666,A,2026-06-30 12:45:00,2026-06-30 15:56:00,2026-06-30 17:09:00,73.0,4011.11,4011.11,4003.31,4015.79,4034.51,4011.11,4003.31,7.800000000000182,3.964285714285747,0.16,124.80000000000291,299.52000000000044,2.24,0.0,297.2800000000004,2.3999999999999475,2.38205128205123,tp2,True,4.338461538461398,0.32435897435899247,0.04@4015.79:tp1;0.12@4034.51:tp2,2952.419999999993,28.51608440604439,2026-06
M5#9004745,M5,9004745,OB,buy,0.646,B,2026-06-30 16:30:00,2026-06-30 16:36:00,2026-06-30 17:09:00,33.0,4018.23,4018.23,4009.87,4023.25,4043.31,4018.23,4009.87,8.360000000000127,6.587142857142843,0.15,125.40000000000191,316.019999999999,2.1,0.0,313.919999999999,2.520095693779858,2.5033492822966044,tp2,True,3.196172248803755,0.6160287081339728,0.03@4023.25:tp1;0.12@4043.31:tp2,3266.339999999992,31.019433688340992,2026-06
M5#9004749,M5,9004749,OB,buy,0.615,B,2026-06-30 17:15:00,2026-06-30 18:21:00,2026-06-30 20:05:00,104.0,4023.86,4023.86,4013.52,4030.06,4054.88,4023.86,4013.52,10.340000000000146,9.197857142857108,0.12,124.08000000000175,17.700000000000273,1.68,0.0,16.020000000000273,0.14264990328820135,0.12911025145067737,partial_be,True,1.053191489361675,0.16924564796904984,0.03@4030.06:tp1;0.09@4023.76:be,3282.3599999999924,31.14854393979167,2026-06
M5#10002674,M5,10002674,IMB,buy,0.618,B,2026-07-01 03:40:00,2026-07-01 03:41:00,2026-07-01 04:05:00,24.0,3997.31,3997.31,3988.52,4002.58,4023.68,3997.31,3988.52,8.789999999999964,3.504999999999914,0.15,131.84999999999945,-133.3499999999981,2.1,0.0,-135.44999999999808,-1.0113765642775778,-1.0273037542662014,sl,False,0.26166097838454966,1.4573378839590443,0.03@3988.42:sl;0.12@3988.42:sl,3146.9099999999944,30.121240185525465,2026-07
M10#6005525,M10,6005525,IMB,sell,0.645,B,2026-07-01 23:40:00,2026-07-02 01:06:00,2026-07-02 03:06:00,120.0,4039.61,4039.61,4051.2,4032.66,4004.84,4051.2,4039.61,11.58999999999969,6.208571428571498,0.11,127.4899999999966,13.000000000001364,1.54,0.0,11.460000000001365,0.10196878186525775,0.08988940309045157,partial_be,True,0.7471958584987132,0.5056082830025737,0.02@4032.66:tp1;0.09@4039.71:be,3158.369999999996,30.21112958861592,2026-07
M5#10002852,M5,10002852,OB,buy,0.58,B,2026-07-02 04:10:00,2026-07-02 04:33:00,2026-07-02 04:45:00,12.0,4046.67,4046.67,4039.22,4051.14,4069.02,4046.67,4039.22,7.450000000000273,6.647142857142983,0.17,126.65000000000464,16.940000000000964,2.3800000000000003,0.0,14.560000000000963,0.1337544413738677,0.11496249506514354,partial_be,True,1.1691275167784856,0.19194630872486426,0.04@4051.23:tp1;0.13@4046.57:be,3172.9299999999967,30.32609208368106,2026-07
M5#10002910,M5,10002910,OB,buy,0.63,B,2026-07-02 16:50:00,2026-07-02 17:10:00,2026-07-02 17:20:00,10.0,4124.25,4124.25,4112.97,4131.02,4158.09,4124.25,4112.97,11.279999999999745,11.075000000000014,0.11,124.0799999999972,12.639999999997599,1.54,0.0,11.0999999999976,0.10186976144421248,0.08945841392648171,partial_be,True,1.0593971631205752,0.09397163120571135,0.02@4131.02:tp1;0.09@4124.15:be,3184.0299999999943,30.415550497607544,2026-07
M5#10002955,M5,10002955,IMB,buy,0.655,A,2026-07-03 08:55:00,2026-07-03 09:02:00,2026-07-03 09:11:00,9.0,4167.52,4167.52,4161.6,4171.07,4185.28,4167.52,4161.6,5.920000000000073,3.9528571428569585,0.22,130.24000000000163,16.049999999990177,3.0800000000000005,0.0,12.969999999990177,0.12323402948395253,0.09958538083530417,partial_be,True,0.6182432432432111,0.501689189189226,0.05@4171.07:tp1;0.17@4167.42:be,3196.9999999999845,30.515135878442848,2026-07
M5#10002954,M5,10002954,IMB,buy,0.672,A,2026-07-03 15:05:00,2026-07-03 17:08:00,2026-07-06 01:00:00,3352.0,4159.21,4159.21,4150.89,4164.2,4184.17,4159.21,4150.89,8.319999999999709,2.718571428571327,0.15,124.79999999999563,314.4899999999998,2.1,0.0,312.38999999999976,2.5199519230770093,2.5031250000000855,tp2,True,3.295673076923201,0.4663461538461833,0.03@4164.20:tp1;0.12@4184.17:tp2,3509.3899999999844,33.01826087844293,2026-07
M10#6005609,M10,6005609,OB,sell,0.626,B,2026-07-06 03:20:00,2026-07-06 03:45:00,2026-07-06 04:03:00,18.0,4187.83,4187.83,4200.4,4180.29,4150.12,4200.4,4187.83,12.569999999999709,9.062142857142785,0.1,125.69999999999709,14.279999999997017,1.4000000000000001,0.0,12.879999999997017,0.11360381861573068,0.10246618933967633,partial_be,True,1.20127287191732,0.2800318217979728,0.02@4180.29:tp1;0.08@4187.93:be,3522.2699999999813,33.12072706778261,2026-07
M5#10003240,M5,10003240,IMB,sell,0.706,A,2026-07-09 08:05:00,2026-07-09 09:00:00,2026-07-09 11:23:00,143.0,4097.8,4097.8,4116.71,4086.45,4041.07,4116.71,4097.8,18.909999999999854,4.083571428571498,0.07,132.36999999999895,-133.07000000000153,0.9799999999999999,0.0,-134.05000000000152,-1.0052882072977456,-1.0126916975145621,sl,False,0.5002644103648921,1.064516129032272,0.01@4116.81:sl;0.06@4116.81:sl,3388.21999999998,32.10803537026805,2026-07
M5#10003672,M5,10003672,IMB,buy,0.779,A,2026-07-15 16:35:00,2026-07-15 17:46:00,2026-07-15 18:10:00,24.0,4053.67,4053.67,4040.0,4061.87,4094.68,4053.67,4040.0,13.670000000000073,7.120000000000053,0.09,123.03000000000068,15.700000000000273,1.2600000000000002,0.0,14.440000000000273,0.1276111517516068,0.11736974721612771,partial_be,True,0.6737381126554489,0.040965618141912394,0.02@4061.87:tp1;0.07@4053.57:be,3402.65999999998,32.22540511748418,2026-07
M10#6005932,M10,6005932,IMB,sell,0.608,B,2026-07-15 23:50:00,2026-07-16 01:00:00,2026-07-16 03:59:00,179.0,4064.66,4064.66,4070.81,4060.97,4046.21,4070.81,4064.66,6.150000000000091,5.331428571428497,0.21,129.15000000000194,313.64999999999736,2.9400000000000004,3.1500000000000004,313.85999999999734,2.4285714285713715,2.430197444831534,tp2,True,3.347967479674697,0.28455284552845106,0.05@4060.97:tp1;0.16@4046.21:tp2,3716.5199999999772,34.655602562315714,2026-07
M10#6005927,M10,6005927,IMB,buy,0.628,B,2026-07-15 22:50:00,2026-07-16 03:59:00,2026-07-16 04:23:00,24.0,4047.07,4047.07,4038.89,4051.98,4071.61,4047.07,4038.89,8.180000000000291,7.242857142857084,0.16,130.88000000000466,-132.4800000000032,2.24,0.0,-134.7200000000032,-1.012224938875294,-1.0293398533007214,sl,False,0.40586797066009667,1.1381418092909064,0.04@4038.79:sl;0.12@4038.79:sl,3581.799999999974,33.626262709014995,2026-07
M5#10003790,M5,10003790,IMB,buy,0.645,B,2026-07-16 18:55:00,2026-07-16 18:56:00,2026-07-16 19:04:00,8.0,4007.01,4007.01,3998.99,4011.82,4031.07,4007.01,3998.99,8.020000000000437,6.422857142857116,0.16,128.32000000000698,-129.92000000000553,2.24,0.0,-132.16000000000554,-1.0124688279301626,-1.029925187032406,sl,False,0.07730673316706448,1.00997506234413,0.04@3998.89:sl;0.12@3998.89:sl,3449.6399999999685,32.59633752198259,2026-07
M5#10003922,M5,10003922,IMB,sell,0.674,A,2026-07-20 01:30:00,2026-07-20 03:20:00,2026-07-20 04:02:00,42.0,4002.27,4002.27,4015.44,3994.37,3962.76,4015.44,4002.27,13.170000000000073,4.564285714285753,0.1,131.70000000000073,-132.69999999999982,1.4000000000000001,0.0,-134.09999999999982,-1.0075930144267204,-1.0182232346241389,sl,False,0.2930903568716861,1.0311313591496056,0.02@4015.54:sl;0.08@4015.54:sl,3315.5399999999686,31.578114287358453,2026-07
M15#6004036,M15,6004036,OB,sell,0.61,B,2026-07-17 19:45:00,2026-07-20 05:48:00,2026-07-20 11:02:00,314.0,4024.25,4024.25,4038.33,4015.8,3982.01,4038.33,4024.25,14.079999999999927,11.691428571428528,0.09,126.71999999999937,16.200000000000273,1.2600000000000002,0.0,14.940000000000273,0.12784090909091186,0.11789772727273001,partial_be,True,1.5767045454545408,0.3075284090909055,0.02@4015.80:tp1;0.07@4024.35:be,3330.4799999999686,31.696012014631183,2026-07
M5#10003971,M5,10003971,IMB,sell,0.648,B,2026-07-20 16:50:00,2026-07-20 18:09:00,2026-07-20 19:06:00,57.0,4017.48,4017.48,4024.89,4013.03,3995.25,4024.89,4017.48,7.4099999999998545,4.715714285714349,0.17,125.96999999999753,16.500000000000455,2.3800000000000003,0.0,14.120000000000454,0.13098356751608145,0.11209018020164112,partial_be,True,0.9446693657220159,0.3022941970310156,0.04@4013.03:tp1;0.13@4017.58:be,3344.599999999969,31.808102194832824,2026-07
M5#10004347,M5,10004347,IMB,buy,0.687,A,2026-07-24 18:35:00,2026-07-24 18:43:00,2026-07-24 19:30:00,47.0,4071.99,4071.99,4064.72,4076.35,4093.8,4071.99,4064.72,7.269999999999982,5.723571428571469,0.18,130.8599999999997,16.040000000001783,2.5200000000000005,0.0,13.520000000001783,0.12257374293139095,0.10331652147334414,partial_be,True,0.8239339752407498,0.24484181568084593,0.04@4076.35:tp1;0.14@4071.89:be,3358.119999999971,31.91141871630617,2026-07
M5#10004676,M5,10004676,OB,sell,0.629,B,2026-07-30 10:00:00,2026-07-30 10:01:00,2026-07-30 10:04:00,3.0,4041.88,4041.88,4047.96,4038.23,4023.64,4047.96,4041.88,6.079999999999927,4.902142857142865,0.21,127.6799999999985,-129.77999999999656,2.9400000000000004,0.0,-132.71999999999656,-1.0164473684210376,-1.0394736842105117,sl,False,0.0,1.0476973684210473,0.05@4048.06:sl;0.16@4048.06:sl,3225.399999999974,30.871945032095656,2026-07
M10#6006666,M10,6006666,OB,buy,0.641,B,2026-08-05 23:30:00,2026-08-05 23:47:00,2026-08-06 02:18:00,151.0,4243.81,4243.81,4238.63,4246.92,4259.35,4243.81,4238.63,5.180000000000291,5.397857142857187,0.25,129.50000000000728,313.91999999999734,3.5,-9.5,300.91999999999734,2.4240926640925076,2.3237065637064127,tp2,True,3.2471042471040086,0.1698841698841814,0.06@4246.92:tp1;0.19@4259.35:tp2,3526.3199999999715,33.19565159580207,2026-08
M5#11003056,M5,11003056,IMB,buy,0.679,A,2026-08-05 17:45:00,2026-08-05 19:03:00,2026-08-06 02:35:00,452.0,4225.75,4225.75,4210.75,4234.75,4270.75,4225.75,4210.75,15.0,10.063571428571517,0.08,120.0,288.0,1.12,-3.0,283.88,2.4,2.365666666666667,tp2,True,3.2640000000000025,0.07399999999997817,0.02@4234.75:tp1;0.06@4270.75:tp2,3810.1999999999716,35.56131826246874,2026-08
M5#11003136,M5,11003136,OB,sell,0.622,B,2026-08-06 16:10:00,2026-08-06 16:37:00,2026-08-06 16:42:00,5.0,4256.13,4256.13,4270.29,4247.63,4213.65,4270.29,4256.13,14.159999999999854,7.488571428571309,0.09,127.43999999999872,-128.340000000002,1.2600000000000002,0.0,-129.60000000000198,-1.007062146892681,-1.0169491525423986,sl,False,0.0,1.1659604519774285,0.02@4270.39:sl;0.07@4270.39:sl,3680.5999999999694,34.544369109926336,2026-08
M5#11003144,M5,11003144,IMB,buy,0.551,B,2026-08-06 17:35:00,2026-08-06 18:17:00,2026-08-06 18:23:00,6.0,4258.58,4258.58,4252.24,4262.38,4277.6,4258.58,4252.24,6.3400000000001455,8.458571428571434,0.21,133.14000000000308,-135.2399999999916,2.9400000000000004,0.0,-138.1799999999916,-1.0157728706623739,-1.037854889589818,sl,False,0.0,1.2618296529968165,0.05@4252.14:sl;0.16@4252.14:sl,3542.419999999978,33.50651422033652,2026-08
M5#11003308,M5,11003308,UW,sell,0.605,B,2026-08-10 04:30:00,2026-08-10 05:29:00,2026-08-10 07:13:00,104.0,4332.09,4332.09,4340.79,4326.87,4305.99,4340.79,4332.09,8.699999999999818,5.48642857142886,0.15,130.49999999999727,14.46000000000731,2.1,0.0,12.360000000007311,0.11080459770120776,0.09471264367821892,partial_be,True,1.6402298850574513,0.0793103448276464,0.03@4326.87:tp1;0.12@4332.19:be,3554.779999999985,33.60122686401474,2026-08
M10#6006950,M10,6006950,OB,sell,0.614,B,2026-08-13 14:30:00,2026-08-13 15:30:00,2026-08-13 15:48:00,18.0,4396.63,4396.63,4406.25,4390.86,4367.77,4406.25,4396.63,9.61999999999989,4.132142857143078,0.14,134.6799999999985,16.21000000000731,1.9600000000000002,0.0,14.250000000007308,0.12035937035942597,0.10580635580641125,partial_be,True,1.6434511434511092,0.510395010395001,0.03@4390.86:tp1;0.11@4396.73:be,3569.0299999999925,33.70703321982115,2026-08
M10#6006972,M10,6006972,OB,sell,0.626,B,2026-08-14 14:40:00,2026-08-14 16:32:00,2026-08-14 17:00:00,28.0,4390.13,4390.13,4401.78,4383.14,4355.18,4401.78,4390.13,11.649999999999636,4.3292857142857555,0.11,128.149999999996,13.080000000004476,1.54,0.0,11.540000000004476,0.10206788919239083,0.09005072181041619,partial_be,True,0.604291845493578,0.6111587982832715,0.02@4383.14:tp1;0.09@4390.23:be,3580.569999999997,33.79708394163156,2026-08
M5#11003951,M5,11003951,UW,buy,0.677,A,2026-08-18 17:00:00,2026-08-18 17:32:00,2026-08-18 17:53:00,21.0,4388.9,4388.9,4376.32,4396.45,4426.64,4388.9,4376.32,12.579999999999927,7.969285714285759,0.1,125.79999999999927,-126.79999999999382,1.4000000000000001,0.0,-128.19999999999382,-1.007949125596141,-1.0190779014307993,sl,False,0.581875993640752,1.3100158982511652,0.02@4376.22:sl;0.08@4376.22:sl,3452.370000000003,32.778006040200765,2026-08
M10#6007005,M10,6007005,OB,buy,0.612,B,2026-08-19 02:50:00,2026-08-19 04:02:00,2026-08-19 04:37:00,35.0,4326.89,4326.89,4318.34,4332.02,4352.54,4326.89,4318.34,8.550000000000182,5.052142857142891,0.15,128.25000000000273,323.18999999999596,2.1,0.0,321.08999999999594,2.5199999999999148,2.503625730994067,tp2,True,3.097076023391696,0.28771929824561215,0.03@4332.02:tp1;0.12@4352.54:tp2,3773.459999999999,35.28163177119483,2026-08
M30#6002456,M30,6002456,IMB,sell,0.624,B,2026-08-19 15:00:00,2026-08-19 15:33:00,2026-08-19 15:36:00,3.0,4377.5,4377.5,4391.12,4369.33,4336.64,4391.12,4377.5,13.61999999999989,9.354999999999889,0.1,136.1999999999989,-137.20000000000255,1.4000000000000001,0.0,-138.60000000000255,-1.0073421439060473,-1.0176211453744763,sl,False,0.0,1.4170337738619925,0.02@4391.22:sl;0.08@4391.22:sl,3634.8599999999965,34.264010625820355,2026-08
M5#11003888,M5,11003888,IMB,sell,0.567,B,2026-08-19 15:35:00,2026-08-19 15:38:00,2026-08-19 15:41:00,3.0,4412.03,4412.03,4420.06,4407.21,4387.94,4420.06,4412.03,8.030000000000655,4.693571428571366,0.17,136.51000000001113,-138.21000000000186,2.3800000000000003,0.0,-140.59000000000185,-1.012453300124464,-1.0298879202988087,sl,False,0.34869240348680497,1.1195516811955115,0.04@4420.16:sl;0.13@4420.16:sl,3494.2699999999945,33.23412270552154,2026-08
M5#11004068,M5,11004068,IMB,buy,0.552,B,2026-08-20 01:45:00,2026-08-20 01:59:00,2026-08-20 02:23:00,24.0,4517.32,4517.32,4511.16,4521.02,4535.8,4517.32,4511.16,6.1599999999998545,2.861428571428665,0.21,129.35999999999697,16.90000000001237,2.9400000000000004,0.0,13.960000000012368,0.13064316635755074,0.10791589363027748,partial_be,True,1.0194805194806498,0.3360389610389217,0.05@4521.02:tp1;0.16@4517.22:be,3508.230000000007,33.34203859915182,2026-08
M10#6007224,M10,6007224,OB,buy,0.623,B,2026-08-21 06:20:00,2026-08-21 06:29:00,2026-08-21 08:17:00,108.0,4531.31,4531.31,4522.24,4536.75,4558.52,4531.31,4522.24,9.070000000000618,8.874285714285893,0.14,126.98000000000867,15.219999999994798,1.9600000000000002,0.0,13.259999999994797,0.11986139549530445,0.10442589384150174,partial_be,True,1.8324145534728509,0.5148842337375694,0.03@4536.75:tp1;0.11@4531.21:be,3521.4900000000016,33.44646449299332,2026-08
M5#11004257,M5,11004257,IMB,sell,0.646,B,2026-08-24 03:45:00,2026-08-24 03:48:00,2026-08-24 04:00:00,12.0,4612.68,4612.68,4628.44,4603.22,4565.4,4628.44,4612.68,15.759999999999309,8.946428571428637,0.08,126.07999999999447,-126.87999999999738,1.12,0.0,-127.99999999999739,-1.006345177664998,-1.0152284263959628,sl,False,0.0755076142131759,1.053299492385856,0.02@4628.54:sl;0.06@4628.54:sl,3393.4900000000043,32.43123606659736,2026-08
M5#11004263,M5,11004263,IMB,buy,0.574,B,2026-08-24 05:55:00,2026-08-24 21:08:00,2026-08-24 21:38:00,30.0,4626.57,4626.57,4618.94,4631.15,4649.46,4626.57,4618.94,7.630000000000109,8.468571428571522,0.17,129.71000000000186,17.020000000006803,2.3800000000000003,0.0,14.640000000006802,0.13121578906797132,0.11286716521476056,partial_be,True,2.044560943643531,0.192660550458627,0.04@4631.15:tp1;0.13@4626.47:be,3408.130000000011,32.544103231812116,2026-08
M5#11004415,M5,11004415,UW,buy,0.663,A,2026-08-26 09:35:00,2026-08-26 11:15:00,2026-08-26 12:16:00,61.0,4623.81,4623.81,4613.21,4630.17,4655.61,4623.81,4613.21,10.600000000000364,5.1592857142857484,0.12,127.20000000000437,18.179999999995744,1.68,0.0,16.499999999995744,0.14292452830184843,0.12971698113203756,partial_be,True,0.6905660377357979,0.16037735849062917,0.03@4630.17:tp1;0.09@4623.71:be,3424.630000000007,32.67382021294415,2026-08
M5#11004565,M5,11004565,IMB,buy,0.66,A,2026-08-27 08:10:00,2026-08-27 08:31:00,2026-08-27 08:44:00,13.0,4612.36,4612.36,4605.54,4616.45,4632.82,4612.36,4605.54,6.819999999999709,2.6014285714285768,0.19,129.57999999999447,-131.48000000000138,2.66,0.0,-134.14000000000138,-1.0146627565982944,-1.035190615835832,sl,False,0.2771260997068047,1.058651026392911,0.04@4605.44:sl;0.15@4605.44:sl,3290.4900000000057,31.63862959710832,2026-08
M5#11004612,M5,11004612,OB,buy,0.624,B,2026-08-28 02:45:00,2026-08-28 02:48:00,2026-08-28 03:16:00,28.0,4597.37,4597.37,4590.62,4601.42,4617.62,4597.37,4590.62,6.75,2.5421428571429323,0.19,128.25,14.700000000008913,2.66,0.0,12.040000000008913,0.11461988304100516,0.09387914230026442,partial_be,True,0.7970370370370532,0.5733333333333172,0.04@4601.42:tp1;0.15@4597.27:be,3302.5300000000148,31.732508739408583,2026-08
M5#11004679,M5,11004679,IMB,buy,0.623,B,2026-08-28 10:20:00,2026-08-28 14:06:00,2026-08-28 15:32:00,86.0,4596.84,4596.84,4588.76,4601.69,4621.08,4596.84,4588.76,8.079999999999927,6.126428571428538,0.16,129.27999999999884,18.19999999999345,2.24,0.0,15.959999999993451,0.14077970297024764,0.12345297029698016,partial_be,True,0.8836633663365696,0.7042079207921486,0.04@4601.69:tp1;0.12@4596.74:be,3318.4900000000084,31.855961709705564,2026-08
M5#11004751,M5,11004751,IMB,buy,0.615,B,2026-08-31 07:15:00,2026-08-31 07:24:00,2026-08-31 10:24:00,180.0,4416.56,4416.56,4407.23,4422.16,4444.55,4416.56,4407.23,9.330000000000837,4.217142857142854,0.14,130.62000000001174,324.68999999999596,1.9600000000000002,0.0,322.729999999996,2.4857602204866542,2.4707548614298496,tp2,True,3.147909967845365,0.3654876741693953,0.03@4422.16:tp1;0.11@4444.55:tp2,3641.2200000000043,34.326716571135414,2026-08
M5#11004866,M5,11004866,IMB,sell,0.566,B,2026-09-02 17:05:00,2026-09-02 17:05:00,2026-09-02 17:09:00,4.0,4387.54,4387.54,4394.72,4383.23,4366.0,4394.72,4387.54,7.180000000000291,8.95714285714283,0.18,129.24000000000527,-131.03999999999542,2.5200000000000005,0.0,-133.55999999999543,-1.0139275766015945,-1.0334261838439336,sl,False,0.09192200557100665,1.3203342618384524,0.04@4394.82:sl;0.14@4394.82:sl,3507.660000000009,33.29329038729148,2026-09
M15#6005088,M15,6005088,IMB,sell,0.625,B,2026-09-03 16:30:00,2026-09-03 18:14:00,2026-09-04 15:30:00,1276.0,4503.93,4503.93,4524.41,4491.64,4442.49,4524.41,4503.93,20.479999999999563,11.702857142857154,0.06,122.8799999999974,319.49000000000257,0.8400000000000001,0.75,319.4000000000026,2.6000162760417425,2.599283854166743,tp2,True,5.417480468750107,0.34472656249998246,0.01@4491.64:tp1;0.05@4442.49:tp2,3827.0600000000113,35.89257424145822,2026-09
