mode,tf,selected,per_day,reached_%,median_bounce_atr,ge1ATR_%,ge2ATR_%,hit_0.3R_%,hit_0.4R_%,hit_1R_%,A_n,A_ge1_%,P60_n,P60_ge1_%,sc_edge_sl0.1_tp0.3_avgR,sc_edge_sl0.1_tp0.3_PF,sc_mid_sl0.5_tp0.4_avgR,sc_mid_sl0.5_tp0.4_PF,sc_edge_sl0.5_tp0.5_avgR,sc_edge_sl0.5_tp0.5_PF
closest,ALL,5806,43.3,88.5,0.76,40.2,24.5,79.6,76.3,56.9,0,,0,,-0.075,0.69,0.095,1.51,0.072,1.27
quality_v2,ALL,1410,10.5,82.6,1.35,58.6,39.9,87.0,80.5,54.3,97,66.0,241,64.7,0.092,1.68,0.094,1.48,0.04,1.14
quality_v3,ALL,1551,11.6,81.6,1.33,58.8,39.0,86.2,80.4,54.5,113,71.7,264,64.8,0.076,1.53,0.089,1.45,0.046,1.16
quality_v4,ALL,1877,14.0,82.4,1.3,57.5,38.1,86.7,80.9,54.8,127,70.1,300,67.3,0.083,1.6,0.107,1.58,0.057,1.2
quality_v5,ALL,1738,13.0,81.6,1.26,57.2,37.7,86.2,80.1,53.8,121,71.9,280,65.7,0.078,1.54,0.098,1.51,0.051,1.18
quality_v5ens,ALL,1794,13.4,81.8,1.28,57.1,37.8,86.7,80.7,54.1,116,72.4,287,66.6,0.084,1.6,0.106,1.57,0.052,1.18
closest,M5,2743,20.5,88.5,0.82,41.2,24.1,78.3,75.5,57.6,0,,0,,-0.123,0.54,0.088,1.49,0.087,1.35
quality_v2,M5,675,5.0,84.0,1.38,59.4,39.2,88.5,82.2,55.0,37,67.6,110,62.7,0.099,1.82,0.083,1.42,0.04,1.14
quality_v3,M5,823,6.1,82.3,1.33,58.5,37.5,87.4,82.4,56.0,50,72.0,129,63.6,0.079,1.59,0.075,1.38,0.055,1.19
quality_v4,M5,935,7.0,82.6,1.32,57.5,37.3,87.4,82.6,56.2,50,68.0,145,65.5,0.078,1.58,0.097,1.53,0.069,1.26
quality_v5,M5,868,6.5,82.5,1.31,57.5,36.9,88.0,82.5,55.3,48,75.0,128,64.8,0.088,1.69,0.087,1.45,0.052,1.19
quality_v5ens,M5,883,6.6,82.1,1.32,57.5,37.0,87.9,82.8,55.6,44,72.7,133,65.4,0.086,1.67,0.095,1.51,0.057,1.2
closest,M10,1388,10.4,88.6,0.75,41.1,25.2,80.3,76.9,56.9,0,,0,,-0.054,0.76,0.093,1.49,0.069,1.26
quality_v2,M10,310,2.5,80.6,1.26,56.4,38.8,86.8,80.8,52.4,24,58.3,53,62.3,0.093,1.68,0.113,1.61,0.061,1.21
quality_v3,M10,336,2.7,80.1,1.27,56.9,38.7,85.1,78.8,52.0,29,65.5,58,58.6,0.069,1.44,0.114,1.62,0.039,1.13
quality_v4,M10,438,3.4,81.5,1.24,55.2,37.5,85.7,79.3,52.4,31,71.0,61,68.9,0.075,1.51,0.114,1.62,0.066,1.24
quality_v5,M10,402,3.1,80.3,1.2,53.3,37.5,84.8,78.0,49.8,34,64.7,69,62.3,0.066,1.42,0.111,1.6,0.056,1.2
quality_v5ens,M10,425,3.3,81.2,1.18,52.8,36.8,84.9,78.0,50.1,34,70.6,66,65.2,0.066,1.42,0.105,1.55,0.043,1.15
closest,M15,928,6.9,88.3,0.72,39.3,24.9,81.9,78.8,59.5,0,,0,,-0.017,0.92,0.113,1.62,0.068,1.25
quality_v2,M15,232,2.1,82.8,1.39,61.5,41.7,83.9,78.6,56.8,23,73.9,49,69.4,0.063,1.38,0.128,1.71,0.067,1.24
quality_v3,M15,219,2.1,81.7,1.37,62.0,41.9,82.7,76.5,54.7,22,81.8,45,71.1,0.046,1.26,0.136,1.79,0.044,1.15
quality_v4,M15,275,2.3,82.9,1.37,62.3,40.4,87.3,81.1,56.6,31,71.0,52,67.3,0.105,1.81,0.163,2.08,0.051,1.18
quality_v5,M15,255,2.2,82.0,1.3,62.2,39.7,84.2,79.4,56.5,26,73.1,48,66.7,0.066,1.41,0.145,1.87,0.071,1.25
quality_v5ens,M15,269,2.3,82.2,1.37,63.3,40.3,86.9,81.4,57.9,25,72.0,49,67.3,0.1,1.75,0.164,2.08,0.079,1.29
closest,M30,499,3.8,87.4,0.63,36.7,23.6,80.7,75.7,53.2,0,,0,,-0.004,0.98,0.107,1.55,0.039,1.13
quality_v2,M30,123,1.5,78.0,1.64,60.4,45.8,87.5,78.1,55.2,7,42.9,18,72.2,0.119,1.93,0.106,1.53,0.002,1.01
quality_v3,M30,115,1.4,80.0,1.53,62.0,44.6,85.9,77.2,52.2,7,57.1,23,69.6,0.098,1.68,0.062,1.27,-0.002,0.99
quality_v4,M30,151,1.6,82.1,1.35,57.3,40.3,85.5,76.6,50.8,9,66.7,25,68.0,0.09,1.61,0.12,1.63,0.002,1.0
quality_v5,M30,140,1.5,79.3,1.46,60.4,41.4,85.6,75.7,54.1,8,75.0,22,68.2,0.092,1.62,0.143,1.83,0.04,1.13
quality_v5ens,M30,147,1.5,81.0,1.36,58.0,41.2,85.7,77.3,52.1,9,77.8,25,68.0,0.093,1.64,0.145,1.85,0.019,1.06
closest,H1,248,2.1,90.3,0.61,35.7,24.6,79.0,73.2,47.3,0,,0,,-0.009,0.96,0.09,1.43,-0.005,0.99
quality_v2,H1,70,1.1,85.7,0.91,48.3,36.7,83.3,73.3,46.7,6,83.3,11,63.6,0.07,1.42,0.0,1.0,-0.059,0.84
quality_v3,H1,58,1.1,82.8,1.16,56.2,39.6,89.6,81.2,52.1,5,80.0,9,77.8,0.152,2.44,0.014,1.05,0.054,1.18
quality_v4,H1,78,1.1,84.6,1.15,53.0,39.4,84.8,75.8,53.0,6,83.3,17,76.5,0.089,1.58,-0.036,0.88,-0.01,0.97
quality_v5,H1,73,1.2,80.8,1.1,50.8,35.6,81.4,72.9,47.5,5,80.0,13,84.6,0.045,1.24,-0.08,0.76,-0.043,0.88
quality_v5ens,H1,70,1.1,81.4,1.13,52.6,38.6,84.2,75.4,49.1,4,75.0,14,78.6,0.082,1.51,-0.046,0.85,-0.009,0.97
