,mean,mean,mean,mean,mean,mean,size,size,size,size,size,size
mode,closest,quality_v2,quality_v3,quality_v4,quality_v5,quality_v5ens,closest,quality_v2,quality_v3,quality_v4,quality_v5,quality_v5ens
month,,,,,,,,,,,,
2026-03,0.4091456077015644,0.6529411764705882,0.649746192893401,0.596078431372549,0.6,0.6050420168067226,831,170,197,255,225,238
2026-04,0.3902147971360382,0.5699481865284974,0.5879629629629629,0.5887096774193549,0.5787234042553191,0.5822784810126582,838,193,216,248,235,237
2026-05,0.4186320754716981,0.5851063829787234,0.580952380952381,0.5568627450980392,0.576271186440678,0.5630252100840336,848,188,210,255,236,238
2026-06,0.36474908200734396,0.5681818181818182,0.5380434782608695,0.5283018867924528,0.5212765957446809,0.5124378109452736,817,176,184,212,188,201
2026-07,0.40941176470588236,0.5522388059701493,0.5770925110132159,0.5644599303135889,0.5486381322957199,0.550185873605948,850,201,227,287,257,269
2026-08,0.4095940959409594,0.6009389671361502,0.5817307692307693,0.5945945945945946,0.5776892430278885,0.592156862745098,813,213,208,259,251,255
2026-09,0.4748201438848921,0.5416666666666666,0.6956521739130435,0.6774193548387096,0.7692307692307693,0.6896551724137931,139,24,23,31,26,29
