group,scenario,entry,sl_buffer_atr,tp_R,reached,filled,fill_%,win_%,avg_net_R,median_net_R,total_net_R,profit_factor,max_dd_R
H1,edge_sl0.1_tp0.3,edge,0.1,0.3,97,97,100.0,83.5,0.067,0.281,6.5,1.4,-2.6
H1,edge_sl0.1_tp0.4,edge,0.1,0.4,97,97,100.0,73.2,0.006,0.379,0.6,1.02,-5.7
H1,edge_sl0.1_tp0.5,edge,0.1,0.5,97,97,100.0,70.1,0.033,0.476,3.2,1.11,-6.0
H1,edge_sl0.5_tp0.3,edge,0.5,0.3,97,97,100.0,77.3,-0.006,0.287,-0.6,0.97,-8.3
H1,edge_sl0.5_tp0.4,edge,0.5,0.4,97,97,100.0,72.2,-0.001,0.386,-0.1,1.0,-8.3
H1,edge_sl0.5_tp0.5,edge,0.5,0.5,97,97,100.0,64.9,-0.037,0.485,-3.6,0.89,-10.0
H1,mid_sl0.1_tp0.3,mid,0.1,0.3,97,94,96.9,84.0,0.06,0.269,5.7,1.37,-3.1
H1,mid_sl0.1_tp0.4,mid,0.1,0.4,97,94,96.9,83.0,0.13,0.369,12.2,1.73,-3.8
H1,mid_sl0.1_tp0.5,mid,0.1,0.5,97,94,96.9,76.6,0.117,0.467,11.0,1.48,-3.7
H1,mid_sl0.5_tp0.3,mid,0.5,0.3,97,94,96.9,84.0,0.077,0.283,7.2,1.47,-3.2
H1,mid_sl0.5_tp0.4,mid,0.5,0.4,97,94,96.9,74.5,0.027,0.382,2.5,1.1,-5.6
H1,mid_sl0.5_tp0.5,mid,0.5,0.5,97,94,96.9,69.1,0.021,0.481,2.0,1.07,-6.2
M10,edge_sl0.1_tp0.3,edge,0.1,0.3,431,431,100.0,83.3,0.034,0.253,14.6,1.19,-6.0
M10,edge_sl0.1_tp0.4,edge,0.1,0.4,431,431,100.0,78.2,0.046,0.348,19.7,1.2,-9.6
M10,edge_sl0.1_tp0.5,edge,0.1,0.5,431,431,100.0,73.8,0.058,0.445,24.9,1.21,-10.6
M10,edge_sl0.5_tp0.3,edge,0.5,0.3,431,431,100.0,83.8,0.058,0.268,25.2,1.35,-4.1
M10,edge_sl0.5_tp0.4,edge,0.5,0.4,431,431,100.0,78.0,0.061,0.368,26.3,1.27,-7.0
M10,edge_sl0.5_tp0.5,edge,0.5,0.5,431,431,100.0,70.5,0.028,0.465,11.9,1.09,-11.3
M10,mid_sl0.1_tp0.3,mid,0.1,0.3,431,420,97.4,78.6,-0.064,0.215,-26.8,0.73,-31.5
M10,mid_sl0.1_tp0.4,mid,0.1,0.4,431,420,97.4,77.4,-0.002,0.315,-0.8,0.99,-18.2
M10,mid_sl0.1_tp0.5,mid,0.1,0.5,431,420,97.4,75.0,0.04,0.412,16.7,1.14,-16.4
M10,mid_sl0.5_tp0.3,mid,0.5,0.3,431,420,97.4,87.4,0.093,0.256,39.2,1.71,-7.8
M10,mid_sl0.5_tp0.4,mid,0.5,0.4,431,420,97.4,83.1,0.121,0.355,50.7,1.68,-7.4
M10,mid_sl0.5_tp0.5,mid,0.5,0.5,431,420,97.4,76.7,0.107,0.453,45.1,1.44,-8.5
M15,edge_sl0.1_tp0.3,edge,0.1,0.3,300,300,100.0,87.7,0.102,0.263,30.5,1.8,-4.1
M15,edge_sl0.1_tp0.4,edge,0.1,0.4,300,300,100.0,85.0,0.152,0.362,45.6,1.98,-5.4
M15,edge_sl0.1_tp0.5,edge,0.1,0.5,300,300,100.0,78.3,0.137,0.461,41.1,1.61,-9.7
M15,edge_sl0.5_tp0.3,edge,0.5,0.3,300,300,100.0,85.0,0.081,0.276,24.4,1.53,-5.1
M15,edge_sl0.5_tp0.4,edge,0.5,0.4,300,300,100.0,79.0,0.082,0.374,24.7,1.38,-8.9
M15,edge_sl0.5_tp0.5,edge,0.5,0.5,300,300,100.0,74.0,0.086,0.473,25.7,1.32,-8.7
M15,mid_sl0.1_tp0.3,mid,0.1,0.3,300,292,97.3,85.3,0.043,0.236,12.4,1.27,-6.2
M15,mid_sl0.1_tp0.4,mid,0.1,0.4,300,292,97.3,83.6,0.104,0.336,30.3,1.59,-4.7
M15,mid_sl0.1_tp0.5,mid,0.1,0.5,300,292,97.3,79.8,0.131,0.434,38.2,1.6,-6.6
M15,mid_sl0.5_tp0.3,mid,0.5,0.3,300,292,97.3,87.7,0.106,0.266,31.0,1.83,-5.3
M15,mid_sl0.5_tp0.4,mid,0.5,0.4,300,292,97.3,84.2,0.146,0.365,42.6,1.9,-5.1
M15,mid_sl0.5_tp0.5,mid,0.5,0.5,300,292,97.3,79.1,0.153,0.463,44.7,1.71,-5.1
M30,edge_sl0.1_tp0.3,edge,0.1,0.3,180,180,100.0,85.0,0.077,0.271,13.8,1.5,-2.5
M30,edge_sl0.1_tp0.4,edge,0.1,0.4,180,180,100.0,79.4,0.084,0.369,15.1,1.4,-3.7
M30,edge_sl0.1_tp0.5,edge,0.1,0.5,180,180,100.0,69.4,0.013,0.462,2.4,1.04,-9.1
M30,edge_sl0.5_tp0.3,edge,0.5,0.3,180,180,100.0,85.0,0.088,0.281,15.8,1.57,-3.1
M30,edge_sl0.5_tp0.4,edge,0.5,0.4,180,180,100.0,76.1,0.048,0.379,8.7,1.2,-5.1
M30,edge_sl0.5_tp0.5,edge,0.5,0.5,180,180,100.0,67.2,-0.009,0.477,-1.6,0.97,-8.8
M30,mid_sl0.1_tp0.3,mid,0.1,0.3,180,175,97.2,80.0,-0.008,0.248,-1.5,0.96,-8.0
M30,mid_sl0.1_tp0.4,mid,0.1,0.4,180,175,97.2,74.3,-0.008,0.345,-1.5,0.97,-9.5
M30,mid_sl0.1_tp0.5,mid,0.1,0.5,180,175,97.2,71.4,0.023,0.441,4.0,1.08,-6.3
M30,mid_sl0.5_tp0.3,mid,0.5,0.3,180,175,97.2,85.7,0.09,0.274,15.8,1.62,-3.1
M30,mid_sl0.5_tp0.4,mid,0.5,0.4,180,175,97.2,80.6,0.104,0.373,18.2,1.52,-3.4
M30,mid_sl0.5_tp0.5,mid,0.5,0.5,180,175,97.2,76.0,0.116,0.471,20.3,1.47,-5.0
M5,edge_sl0.1_tp0.3,edge,0.1,0.3,893,893,100.0,84.3,0.026,0.231,22.8,1.15,-15.4
M5,edge_sl0.1_tp0.4,edge,0.1,0.4,893,893,100.0,79.6,0.043,0.328,38.0,1.19,-16.9
M5,edge_sl0.1_tp0.5,edge,0.1,0.5,893,893,100.0,75.0,0.053,0.422,47.6,1.2,-22.2
M5,edge_sl0.5_tp0.3,edge,0.5,0.3,893,893,100.0,85.4,0.066,0.254,58.9,1.43,-7.2
M5,edge_sl0.5_tp0.4,edge,0.5,0.4,893,893,100.0,80.2,0.078,0.352,69.4,1.38,-8.8
M5,edge_sl0.5_tp0.5,edge,0.5,0.5,893,893,100.0,74.6,0.074,0.449,66.0,1.28,-10.4
M5,mid_sl0.1_tp0.3,mid,0.1,0.3,893,862,96.5,77.3,-0.11,0.173,-94.9,0.57,-98.6
M5,mid_sl0.1_tp0.4,mid,0.1,0.4,893,862,96.5,76.9,-0.045,0.271,-38.8,0.83,-50.9
M5,mid_sl0.1_tp0.5,mid,0.1,0.5,893,862,96.5,75.3,0.004,0.367,3.7,1.02,-29.9
M5,mid_sl0.5_tp0.3,mid,0.5,0.3,893,862,96.5,87.8,0.079,0.236,67.8,1.6,-9.8
M5,mid_sl0.5_tp0.4,mid,0.5,0.4,893,862,96.5,83.3,0.103,0.334,88.9,1.58,-10.0
M5,mid_sl0.5_tp0.5,mid,0.5,0.5,893,862,96.5,79.2,0.126,0.431,108.2,1.57,-13.8
