name,filter,trades,win_%,profit_factor,avg_R,total_R,return_%,max_dd_%,sharpe_daily,sl_%,tp2_%,partial_be_%,commission_$,expectancy_$,trades_per_day,months_pos,months,buys_R,sells_R
none,,280,70.4,0.816,-0.0556,-15.58,-15.16,-25.03,-1.66,29.3,17.1,53.6,351.61,-5.41,1.51,3,7,13.65,-29.22
cost0.05,M5:max_cost_r=0.05,119,73.9,1.098,0.0286,3.41,3.01,-4.2,0.51,26.1,21.0,52.9,87.64,2.53,0.65,4,7,9.49,-6.08
cost0.06,M5:max_cost_r=0.06,148,72.3,0.97,-0.0092,-1.36,-1.19,-7.14,-0.18,27.7,18.9,53.4,117.67,-0.8,0.81,3,7,8.85,-10.21
cost0.08,M5:max_cost_r=0.08,193,73.6,1.012,0.0068,1.31,0.61,-9.17,0.08,26.4,19.2,54.4,180.39,0.32,1.04,4,7,10.22,-8.91
cost0.1,M5:max_cost_r=0.1,233,73.4,0.906,-0.0244,-5.69,-5.98,-16.69,-0.76,26.2,16.7,57.1,248.22,-2.57,1.26,4,7,11.07,-16.76
cost0.12,M5:max_cost_r=0.12,255,72.2,0.92,-0.0209,-5.34,-5.77,-19.66,-0.67,27.5,18.0,54.5,291.41,-2.26,1.37,4,7,18.03,-23.37
q0.55,M5:min_quality=0.55,148,77.0,1.177,0.0489,7.23,6.91,-9.81,0.99,22.3,18.9,58.8,170.87,4.67,0.8,4,7,17.95,-10.72
q0.6,M5:min_quality=0.6,68,82.4,1.447,0.0907,6.17,5.66,-4.44,1.51,17.6,16.2,66.2,64.96,8.33,0.38,6,7,8.52,-2.35
no_nypm,M5:sessions=asia|london|preny|ny|lclose,219,71.7,0.849,-0.043,-9.42,-9.34,-15.84,-1.2,28.3,16.4,55.3,268.24,-4.27,1.18,1,7,13.17,-22.59
day_sessions,M5:sessions=london|preny|ny|lclose,134,69.4,0.774,-0.07,-9.38,-9.13,-11.86,-1.56,30.6,16.4,53.0,159.6,-6.82,0.73,2,7,7.08,-16.46
buys,M5:sides=buy,161,77.6,1.359,0.0862,13.89,13.9,-5.55,1.95,22.4,21.7,55.9,218.82,8.63,0.87,6,7,13.89,0.0
no_OB,M5:kinds=IMB|UW|HB|BB,205,68.8,0.774,-0.0687,-14.09,-13.31,-19.96,-1.85,31.2,15.6,53.2,255.99,-6.49,1.11,3,7,6.58,-20.67
zone_atr0.75,M5:min_zone_atr=0.75,245,72.2,0.881,-0.032,-7.84,-8.31,-21.63,-0.93,27.3,17.1,55.5,305.34,-3.39,1.33,4,7,16.93,-24.78
zone_atr0.75_2.5,M5:min_zone_atr=0.75;max_zone_atr=2.5,235,72.3,0.892,-0.0287,-6.74,-7.28,-21.09,-0.83,27.2,17.4,55.3,297.99,-3.1,1.28,4,7,17.52,-24.25
cost0.06_q0.55,M5:max_cost_r=0.06;min_quality=0.55,100,80.0,1.497,0.1106,11.06,10.76,-4.74,2.05,20.0,22.0,58.0,83.58,10.76,0.55,4,7,14.52,-3.46
cost0.06_q0.6,M5:max_cost_r=0.06;min_quality=0.6,54,83.3,1.596,0.1088,5.88,5.61,-3.32,1.69,16.7,16.7,66.7,40.95,10.39,0.31,4,6,7.25,-1.37
cost0.08_q0.55,M5:max_cost_r=0.08;min_quality=0.55,121,80.2,1.463,0.101,12.22,12.13,-5.02,2.16,19.8,20.7,59.5,116.55,10.02,0.66,4,7,15.21,-2.99
cost0.08_q0.6,M5:max_cost_r=0.08;min_quality=0.6,61,83.6,1.695,0.1223,7.46,7.29,-2.94,2.02,16.4,18.0,65.6,51.52,11.94,0.35,6,7,8.82,-1.36
cost0.1_q0.55,M5:max_cost_r=0.1;min_quality=0.55,139,77.7,1.129,0.036,5.0,4.57,-10.24,0.73,21.6,18.0,60.4,148.19,3.29,0.75,4,7,13.63,-8.62
cost0.1_q0.6,M5:max_cost_r=0.1;min_quality=0.6,65,83.1,1.579,0.1065,6.93,6.7,-3.48,1.82,16.9,16.9,66.2,58.52,10.31,0.37,6,7,9.33,-2.4
cost0.06_no_nypm,M5:max_cost_r=0.06;sessions=asia|london|preny|ny|lclose,124,72.6,0.94,-0.0144,-1.79,-2.05,-7.95,-0.35,27.4,17.7,54.8,98.07,-1.65,0.68,3,7,6.56,-8.34
cost0.06_q0.55_no_nypm,M5:max_cost_r=0.06;min_quality=0.55;sessions=asia|london|preny|ny|lclose,84,79.8,1.507,0.1127,9.47,9.28,-4.77,1.9,20.2,22.6,57.1,68.67,11.05,0.46,4,7,11.17,-1.7
cost0.06_buys,M5:max_cost_r=0.06;sides=buy,94,78.7,1.469,0.0986,9.27,9.4,-4.75,1.88,21.3,22.3,56.4,78.19,10.0,0.52,4,6,9.27,0.0
cost0.06_q0.55_buys,M5:max_cost_r=0.06;min_quality=0.55;sides=buy,69,85.5,2.358,0.2115,14.6,14.77,-2.18,3.54,14.5,26.1,59.4,59.64,21.4,0.38,5,6,14.6,0.0
cost0.08_no_nypm,M5:max_cost_r=0.08;sessions=asia|london|preny|ny|lclose,158,73.4,0.926,-0.0172,-2.72,-3.13,-9.72,-0.48,26.6,16.5,57.0,144.41,-1.98,0.85,2,7,7.56,-10.28
cost0.08_q0.55_no_nypm,M5:max_cost_r=0.08;min_quality=0.55;sessions=asia|london|preny|ny|lclose,98,80.6,1.493,0.1042,10.21,10.11,-4.18,2.0,19.4,20.4,60.2,89.74,10.31,0.54,4,7,11.64,-1.44
cost0.08_buys,M5:max_cost_r=0.08;sides=buy,119,79.0,1.401,0.0887,10.56,10.34,-4.02,1.9,21.0,21.0,58.0,115.01,8.69,0.64,5,7,10.56,0.0
cost0.08_q0.55_buys,M5:max_cost_r=0.08;min_quality=0.55;sides=buy,85,84.7,2.095,0.1802,15.32,15.62,-3.14,3.39,15.3,23.5,61.2,84.56,18.37,0.46,7,7,15.32,0.0
cost0.1_no_nypm,M5:max_cost_r=0.1;sessions=asia|london|preny|ny|lclose,187,73.3,0.881,-0.0312,-5.84,-6.02,-13.05,-0.88,26.7,15.0,58.3,195.16,-3.22,1.01,2,7,9.17,-15.01
cost0.1_q0.55_no_nypm,M5:max_cost_r=0.1;min_quality=0.55;sessions=asia|london|preny|ny|lclose,111,78.4,1.242,0.0571,6.34,6.22,-6.31,1.18,21.6,18.0,60.4,112.84,5.61,0.61,4,7,10.76,-4.42
cost0.1_buys,M5:max_cost_r=0.1;sides=buy,137,79.6,1.393,0.0842,11.53,11.48,-3.65,2.02,20.4,19.7,59.9,149.73,8.38,0.74,5,7,11.53,0.0
cost0.1_q0.55_buys,M5:max_cost_r=0.1;min_quality=0.55;sides=buy,97,83.5,1.779,0.1405,13.63,13.77,-3.45,2.89,16.5,20.6,62.9,107.17,14.19,0.53,5,7,13.63,0.0
cost0.08_q0.55_no_nypm_buys,M5:max_cost_r=0.08;min_quality=0.55;sessions=asia|london|preny|ny|lclose;sides=buy,69,84.1,2.012,0.169,11.66,11.73,-2.18,2.91,15.9,23.2,60.9,64.47,17.0,0.38,6,6,11.66,0.0
