zone_b,n,pois,r_net,r_gross,win,sl,tp2,cost_r,r_net_w
"(0, 2]",535.0,322.0,-0.226,-0.176,0.574,0.422,0.232,0.217,-0.184
"(2, 3]",485.0,236.0,-0.084,-0.056,0.645,0.351,0.233,0.138,-0.067
"(3, 4]",347.0,162.0,0.07,0.09,0.772,0.228,0.239,0.103,0.035
"(4, 5]",210.0,97.0,-0.031,-0.016,0.657,0.343,0.276,0.076,0.055
"(5, 6]",173.0,73.0,-0.04,-0.028,0.671,0.329,0.237,0.064,0.012
"(6, 8]",214.0,80.0,-0.088,-0.078,0.682,0.318,0.121,0.051,-0.078
"(8, 10]",122.0,41.0,0.063,0.071,0.754,0.246,0.23,0.04,0.121
"(10, 15]",120.0,30.0,-0.059,-0.053,0.6,0.4,0.308,0.028,-0.079
"(15, 100]",94.0,33.0,-0.039,-0.036,0.713,0.287,0.149,0.018,0.112
