feature,auc_drop
zone_atr,0.05966039795886413
zone_vs_bar_range,0.014242105666511184
atr_ratio,0.0033103797446069616
distance_atr,0.0024814174446240456
edge_to_key_atr,0.0018691944482633893
parent_zone_atr,0.0017095122436833754
pos_prev_week,0.0012991736397368059
tf_minutes,0.0010655081518834986
ema_gap_aligned,0.0009865408678997878
price_vs_ema200,0.000959549591324993
is_bull,0.0008124892067258305
opp_respected_near,0.0007955953861358833
day_range_atr,0.0006799600969252806
tested_respected,0.0006520302747622941
age_hours,0.0005409582589294692
pre_compression_atr,0.00045477388300785293
near_misses,0.0004418284266171635
engulf_ratio,0.000290237132281157
round_10_atr,0.00028373204044473965
away_atr,0.0002494589446502826
sess_lclose,0.00022793712340063443
age_bars,0.00021745130372408106
of_recent,0.0002134705758838895
first_pool_gap_atr,0.00021178766655310932
created_ny_hour,0.00020071930133902516
round_50_atr,0.00018518475367002019
kind_OB,0.00015981165914419337
n_swept,0.00015130002156715783
tested_violated,0.00010900074281050554
ny_hour_raw,8.359528464346733e-05
hb_pos_in_impulse,8.291564818296848e-05
bars_since_extreme,8.084437516042708e-05
bos_recent_aligned,5.602146253119722e-05
liq_stacked_beyond_n,4.9192734285052886e-05
liq_behind_quality,3.585891420254672e-05
ap_toward_run,2.4305094373788805e-05
swept_quality,2.2072003146411667e-05
ap_ema_stretch,2.148945760888088e-05
impulse_bars,1.7994184383363088e-05
liq_behind_n,1.6634911462309887e-05
htf_dist_atr,1.3625092851410336e-05
impulse_close_pos,1.17156380338157e-05
sess_nypm,8.673455781982309e-06
htf_in_zone,4.33672789101891e-06
confluence,4.077818763159602e-06
last_bos_aligned,2.330182150456217e-06
impulse_dir_frac,2.2654548685330234e-06
pos20,1.6829093309467247e-06
htf_bias_aligned,1.5858184079231563e-06
atr_ratio_long,2.9127276890417164e-07
block_candles,0.0
has_imbalance,0.0
swept_session,0.0
aligned_bias,0.0
in_correct_zone,0.0
is_leg_origin,0.0
wick_candle_agrees,0.0
opp_liq_between_n,0.0
opp_on_path,0.0
parent_age_bars,0.0
parent_tap_to_break,0.0
break_close_atr,0.0
beyond_prev_day,0.0
beyond_today,0.0
ap_last_body,0.0
ap_rej_wick_atr,0.0
ap_rej_wick_frac,0.0
ap_last_rng_atr,0.0
ap_body_trend,0.0
ap_move5_atr,0.0
ap_broke5,0.0
ap_broke50,0.0
ap_zone_beyond50,0.0
ap_body_frac5,0.0
sess_london,0.0
sess_preny,0.0
kind_BB,0.0
kind_IMB,0.0
kind_HB,0.0
kind_UW,0.0
caused_bos,-1.6181820478022857e-07
sess_asia,-1.4887274848440768e-06
ap_eta_bars,-1.9741820994623183e-06
swept_equal,-3.2687277385923252e-06
liq_between_n,-7.087637373892619e-06
impulse_body_frac,-8.705819422638594e-06
liq_between_quality,-1.0971274291060595e-05
pre_trend_bars,-1.2330547212113796e-05
htf_confluence,-1.3625092851188292e-05
ap_wick_pressure,-1.6214184129337283e-05
impulse_max_body_atr,-2.0874548429972162e-05
closer_same_dir,-2.2136730428112816e-05
dow,-2.550254908978422e-05
body_ratio,-3.0130549749429747e-05
sess_ny,-3.126327718355748e-05
block_rej_wick_atr,-3.996909660636261e-05
toward_mom5,-5.291455299716308e-05
htf_liq_behind_atr,-5.323818940694558e-05
of_near,-7.91938294704142e-05
created_dow,-8.142692069784685e-05
toward_mom20,-9.107128570901013e-05
range_pos,-9.220401314313786e-05
sweep_depth_atr,-0.0001025927418967787
liq_near_edge_n,-0.00010702656071054362
n_alive_same_dir,-0.00011256074331761345
htf_confluence_kind,-0.00012738329088507472
bos_recent_n,-0.00013864583794503949
dist_prev_day_level_atr,-0.00014401820234721807
pos_today,-0.00018492584454204986
liq_between_weight,-0.00018719129941047186
toward_mom60,-0.0001904600271491197
prior_move_atr,-0.0002042793018462441
leg_atr,-0.0002054443929214722
of_total,-0.00022091421330844296
round_100_atr,-0.0002652200378058245
pos100,-0.0002765796757887573
retrace_frac,-0.0003365171388779453
displacement_atr,-0.00046435352073687097
block_rej_wick_frac,-0.0005160058917360044
ap_rng_ratio5,-0.0006643931856152308
swing_in_zone,-0.0009635950464468857
min_approach_atr,-0.0011651558024512454
n_alive_opp_dir,-0.0012568419973388312
last_bos_age,-0.0014269452943135308
pos_prev_day,-0.001969165735240974
