name,overrides,trades,return_%,max_dd_%,profit_factor,avg_R,win_%,sharpe_daily,H1_R,H2_R,months_pos,avg_hold_min,ret_dd,IS_avg_R,IS_PF,IS_win_%,IS_max_dd_R,IS_months_pos,IS_t
base_v8,,131,12.32,-3.17,1.457,0.0977,80.9,2.35,10.56,2.24,5,43.0,3.886435331230284,0.1648,1.877,80.8,-20.1,11,9.03
C2_trail2.0_start0_tp0,"partial_frac=0,tp2_r=0,trail_r=2.0,trail_start_r=0,trail_after_partial=false",131,56.75,-11.92,1.57,0.3808,34.4,2.17,55.39,-5.51,4,246.0,4.760906040268456,0.3868,1.803,40.1,-53.4,11,6.89
C2_trail2.0_start1.0_tp0,"partial_frac=0,tp2_r=0,trail_r=2.0,trail_start_r=1.0,trail_after_partial=false",131,56.75,-11.92,1.57,0.3808,34.4,2.17,55.39,-5.51,4,246.0,4.760906040268456,0.3868,1.803,40.1,-53.4,11,6.89
C2_trail2.0_start0.5_tp0,"partial_frac=0,tp2_r=0,trail_r=2.0,trail_start_r=0.5,trail_after_partial=false",131,56.75,-11.92,1.57,0.3808,34.4,2.17,55.39,-5.51,4,246.0,4.760906040268456,0.3868,1.803,40.1,-53.4,11,6.89
A_p0.6_f0.25_tp3.0,"partial_r=0.6,partial_frac=0.25,tp2_r=3.0",127,34.65,-3.71,1.805,0.248,70.9,3.53,21.5,9.99,6,125.0,9.339622641509434,0.2792,2.171,76.0,-22.8,13,8.94
A_p0.6_f0.33_tp3.0,"partial_r=0.6,partial_frac=0.33,tp2_r=3.0",127,33.28,-3.64,1.773,0.2405,70.9,3.56,20.75,9.8,6,125.0,9.142857142857142,0.2729,2.147,76.0,-21.2,13,9.32
A_p0.6_f0.5_tp3.0,"partial_r=0.6,partial_frac=0.5,tp2_r=3.0",131,22.88,-3.21,1.527,0.1728,70.2,3.11,16.99,5.64,4,131.0,7.127725856697819,0.2593,2.095,76.5,-19.1,12,10.2
A_p1.0_f0.33_tp3.0,"partial_r=1.0,partial_frac=0.33,tp2_r=3.0",127,36.93,-5.32,1.596,0.2645,59.8,3.21,28.72,4.88,6,167.0,6.94172932330827,0.3187,1.887,64.6,-29.2,12,9.0
A_p1.0_f0.25_tp3.0,"partial_r=1.0,partial_frac=0.25,tp2_r=3.0",127,36.69,-5.53,1.591,0.2639,59.8,3.1,28.83,4.68,6,167.0,6.634719710669077,0.3226,1.897,64.3,-29.1,12,8.68
B_tp3.0_be1.0,"partial_frac=0,tp2_r=3.0,be_trigger_r=1.0",132,39.45,-6.41,1.578,0.2697,23.5,2.81,31.81,3.78,5,183.0,6.154446177847114,0.3342,1.9,23.5,-31.2,11,7.73
A_p0.6_f0.25_tp2.5,"partial_r=0.6,partial_frac=0.25,tp2_r=2.5",127,29.35,-4.3,1.683,0.2154,70.9,3.26,21.76,5.6,6,118.0,6.825581395348838,0.3076,2.29,76.0,-20.9,12,10.34
A_p1.0_f0.33_tp2.5,"partial_r=1.0,partial_frac=0.33,tp2_r=2.5",127,30.77,-5.28,1.506,0.2205,59.8,2.88,27.55,0.46,6,158.0,5.827651515151515,0.3322,1.925,64.6,-30.9,12,9.82
C_p0.4_trail0.3_tp1.5_start0,"partial_r=0.4,tp2_r=1.5,trail_r=0.3,trail_start_r=0",131,18.01,-2.53,1.654,0.1339,80.9,3.64,13.62,3.92,6,21.0,7.118577075098815,0.1505,1.804,81.5,-19.8,12,9.2
C2_trail0.5_start0_tp0,"partial_frac=0,tp2_r=0,trail_r=0.5,trail_start_r=0,trail_after_partial=false",133,12.47,-2.17,1.528,0.0916,47.4,2.78,10.47,1.72,4,14.0,5.746543778801843,0.061,1.307,42.7,-25.0,9,3.48
D_0.6-1.2-2.0_25_25_50,"tp_levels=0.6|1.2|2.0,tp_fracs=0.25|0.25|0.5",127,26.44,-3.97,1.624,0.1927,70.9,3.43,21.26,3.21,6,86.0,6.659949622166247,0.2813,2.183,76.0,-21.3,12,11.28
E_trail0.5_hold30,"trail_r=0.5,max_hold_min=30",132,17.43,-2.9,1.697,0.128,78.8,3.4,13.13,3.76,6,14.0,6.010344827586207,0.07,1.365,68.5,-29.1,11,4.47
F_trail0.5_beoff0.2,"trail_r=0.5,be_offset_r=0.2",131,17.64,-2.7,1.64,0.1312,80.9,3.51,13.6,3.59,5,23.0,6.533333333333333,0.1488,1.794,81.2,-20.0,12,9.0
