name,scenario,overrides,trades,win_%,profit_factor,avg_R,total_R,return_%,max_dd_%,max_dd_R,sharpe_daily,sl_%,partial_be_%,tp2_%,partial_hit_%,avg_hold_min,expectancy_$,end_balance,secs
A_p0.6_f0.25_tp2.0,be_delay_2min,"partial_r=0.6,partial_frac=0.25,tp2_r=2.0",127,70.9,1.648,0.2024,25.71,27.84,-4.12,-4.3,3.34,29.1,44.1,26.8,70.9,86.0,21.92,12783.51,5.1
A_p0.6_f0.25_tp2.0,commission_x2,"partial_r=0.6,partial_frac=0.25,tp2_r=2.0",118,69.5,1.552,0.1878,22.16,22.65,-4.22,-4.45,2.89,30.5,42.4,27.1,69.5,91.0,19.19,12264.9,5.4
A_p0.6_f0.25_tp2.0,max_open_2,"partial_r=0.6,partial_frac=0.25,tp2_r=2.0",127,70.9,1.65,0.2031,25.79,27.93,-4.11,-4.3,3.35,29.1,44.1,26.8,70.9,86.0,21.99,12793.21,5.1
A_p0.6_f0.25_tp2.0,netting,"partial_r=0.6,partial_frac=0.25,tp2_r=2.0",132,67.4,1.527,0.1663,21.96,23.31,-4.06,-4.31,2.86,29.5,42.4,25.0,70.5,95.0,17.66,12331.24,5.6
A_p0.6_f0.25_tp2.0,no_costs,"partial_r=0.6,partial_frac=0.25,tp2_r=2.0",155,69.7,1.594,0.2015,31.23,33.87,-6.04,-5.99,3.23,30.3,43.2,26.5,69.7,73.0,21.85,13387.44,5.0
A_p0.6_f0.25_tp2.0,normal,"partial_r=0.6,partial_frac=0.25,tp2_r=2.0",127,70.9,1.65,0.2031,25.79,27.93,-4.11,-4.3,3.35,29.1,44.1,26.8,70.9,86.0,21.99,12793.21,5.1
A_p0.6_f0.25_tp2.0,risk_0.5,"partial_r=0.6,partial_frac=0.25,tp2_r=2.0",105,71.4,1.669,0.1988,20.87,10.19,-1.8,-3.99,3.02,28.6,45.7,25.7,71.4,40.0,9.7,11018.56,5.1
A_p0.6_f0.25_tp2.0,risk_2.0,"partial_r=0.6,partial_frac=0.25,tp2_r=2.0",132,70.5,1.479,0.1688,22.29,51.7,-7.86,-4.02,2.73,29.5,45.5,25.0,70.5,95.0,39.17,15170.11,5.2
A_p0.6_f0.25_tp2.0,slippage_x3,"partial_r=0.6,partial_frac=0.25,tp2_r=2.0",127,70.9,1.599,0.1881,23.89,26.03,-4.26,-4.54,3.11,29.1,44.1,26.8,70.9,86.0,20.49,12602.56,5.2
A_p0.6_f0.25_tp2.0,spread_x1.5,"partial_r=0.6,partial_frac=0.25,tp2_r=2.0",109,67.9,1.47,0.169,18.43,18.41,-4.74,-4.98,2.48,32.1,41.3,26.6,67.9,99.0,16.89,11841.45,5.1
A_p0.6_f0.25_tp2.0,spread_x2,"partial_r=0.6,partial_frac=0.25,tp2_r=2.0",79,65.8,1.216,0.0852,6.73,5.93,-6.82,-7.2,0.9,34.2,43.0,22.8,65.8,77.0,7.51,10593.36,5.0
A_p0.6_f0.25_tp2.0,worst_intrabar,"partial_r=0.6,partial_frac=0.25,tp2_r=2.0",127,70.9,1.65,0.2031,25.79,27.93,-4.11,-4.3,3.35,29.1,44.1,26.8,70.9,86.0,21.99,12793.21,5.2
A_p0.6_f0.25_tp2.5,be_delay_2min,"partial_r=0.6,partial_frac=0.25,tp2_r=2.5",127,70.9,1.681,0.2149,27.29,29.26,-4.3,-3.99,3.25,29.1,48.8,22.0,70.9,118.0,23.04,12925.85,5.2
A_p0.6_f0.25_tp2.5,commission_x2,"partial_r=0.6,partial_frac=0.25,tp2_r=2.5",117,69.2,1.529,0.1788,20.91,21.46,-5.39,-5.7,2.55,30.8,47.9,21.4,69.2,91.0,18.34,12145.58,5.2
A_p0.6_f0.25_tp2.5,max_open_2,"partial_r=0.6,partial_frac=0.25,tp2_r=2.5",127,70.9,1.683,0.2154,27.36,29.35,-4.3,-4.01,3.26,29.1,48.8,22.0,70.9,118.0,23.11,12935.38,5.4
A_p0.6_f0.25_tp2.5,netting,"partial_r=0.6,partial_frac=0.25,tp2_r=2.5",132,67.4,1.563,0.1747,23.06,25.04,-4.2,-4.02,2.82,29.5,47.0,20.5,70.5,124.0,18.97,12504.02,5.3
A_p0.6_f0.25_tp2.5,no_costs,"partial_r=0.6,partial_frac=0.25,tp2_r=2.5",155,69.7,1.651,0.2156,33.42,36.88,-5.27,-5.24,3.26,30.3,47.7,21.9,69.7,102.0,23.79,13688.06,5.3
A_p0.6_f0.25_tp2.5,normal,"partial_r=0.6,partial_frac=0.25,tp2_r=2.5",127,70.9,1.683,0.2154,27.36,29.35,-4.3,-4.01,3.26,29.1,48.8,22.0,70.9,118.0,23.11,12935.38,5.2
A_p0.6_f0.25_tp2.5,risk_0.5,"partial_r=0.6,partial_frac=0.25,tp2_r=2.5",104,71.2,1.636,0.1899,19.75,9.68,-1.66,-3.86,2.76,28.8,51.0,20.2,71.2,74.0,9.31,10968.23,5.1
A_p0.6_f0.25_tp2.5,risk_2.0,"partial_r=0.6,partial_frac=0.25,tp2_r=2.5",132,70.5,1.504,0.1762,23.26,54.1,-8.31,-3.99,2.67,29.5,50.0,20.5,70.5,124.0,40.99,15410.4,5.2
A_p0.6_f0.25_tp2.5,slippage_x3,"partial_r=0.6,partial_frac=0.25,tp2_r=2.5",127,70.9,1.631,0.2001,25.41,27.38,-4.5,-4.34,3.05,29.1,48.8,22.0,70.9,118.0,21.56,12738.22,5.2
A_p0.6_f0.25_tp2.5,spread_x1.5,"partial_r=0.6,partial_frac=0.25,tp2_r=2.5",108,67.6,1.42,0.149,16.09,16.17,-5.48,-5.71,2.04,32.4,47.2,20.4,67.6,70.0,14.97,11617.26,5.3
A_p0.6_f0.25_tp2.5,spread_x2,"partial_r=0.6,partial_frac=0.25,tp2_r=2.5",80,66.2,1.115,0.0512,4.09,3.05,-5.75,-5.47,0.51,33.8,50.0,16.2,66.2,92.0,3.82,10305.38,5.1
A_p0.6_f0.25_tp2.5,worst_intrabar,"partial_r=0.6,partial_frac=0.25,tp2_r=2.5",127,70.9,1.683,0.2154,27.36,29.35,-4.3,-4.01,3.26,29.1,48.8,22.0,70.9,118.0,23.11,12935.38,5.4
A_p0.6_f0.25_tp3.0,be_delay_2min,"partial_r=0.6,partial_frac=0.25,tp2_r=3.0",127,70.9,1.799,0.2472,31.39,34.4,-3.72,-3.66,3.52,29.1,51.2,19.7,70.9,125.0,27.09,13440.23,5.6
A_p0.6_f0.25_tp3.0,commission_x2,"partial_r=0.6,partial_frac=0.25,tp2_r=3.0",117,69.2,1.594,0.2045,23.92,23.97,-4.97,-5.2,2.67,30.8,50.4,18.8,69.2,99.0,20.49,12397.3,5.3
A_p0.6_f0.25_tp3.0,max_open_2,"partial_r=0.6,partial_frac=0.25,tp2_r=3.0",127,70.9,1.805,0.248,31.5,34.65,-3.71,-3.66,3.53,29.1,51.2,19.7,70.9,125.0,27.28,13464.9,5.1
A_p0.6_f0.25_tp3.0,netting,"partial_r=0.6,partial_frac=0.25,tp2_r=3.0",132,67.4,1.636,0.2006,26.48,28.52,-3.88,-3.66,2.98,29.5,49.2,18.2,70.5,130.0,21.6,12851.82,5.4
A_p0.6_f0.25_tp3.0,no_costs,"partial_r=0.6,partial_frac=0.25,tp2_r=3.0",155,69.7,1.766,0.2569,39.82,44.65,-4.97,-4.92,3.46,30.3,49.7,20.0,69.7,110.0,28.81,14465.09,5.2
A_p0.6_f0.25_tp3.0,normal,"partial_r=0.6,partial_frac=0.25,tp2_r=3.0",127,70.9,1.805,0.248,31.5,34.65,-3.71,-3.66,3.53,29.1,51.2,19.7,70.9,125.0,27.28,13464.9,5.1
A_p0.6_f0.25_tp3.0,risk_0.5,"partial_r=0.6,partial_frac=0.25,tp2_r=3.0",104,71.2,1.687,0.2015,20.96,10.37,-2.48,-5.66,2.69,28.8,53.8,17.3,71.2,79.0,9.97,11036.89,5.1
A_p0.6_f0.25_tp3.0,risk_2.0,"partial_r=0.6,partial_frac=0.25,tp2_r=3.0",132,70.5,1.585,0.2042,26.95,63.79,-7.64,-3.6,2.88,29.5,52.3,18.2,70.5,130.0,48.32,16378.87,5.2
A_p0.6_f0.25_tp3.0,slippage_x3,"partial_r=0.6,partial_frac=0.25,tp2_r=3.0",127,70.9,1.716,0.2299,29.2,31.41,-4.17,-3.91,3.21,29.1,51.2,19.7,70.9,125.0,24.74,13141.4,5.2
A_p0.6_f0.25_tp3.0,spread_x1.5,"partial_r=0.6,partial_frac=0.25,tp2_r=3.0",108,67.6,1.452,0.1644,17.75,17.15,-4.79,-5.22,2.1,32.4,50.0,17.6,67.6,77.0,15.88,11715.25,5.4
A_p0.6_f0.25_tp3.0,spread_x2,"partial_r=0.6,partial_frac=0.25,tp2_r=3.0",79,65.8,1.238,0.0854,6.74,6.51,-5.92,-6.41,0.95,34.2,50.6,15.2,65.8,94.0,8.24,10651.1,5.2
A_p0.6_f0.25_tp3.0,worst_intrabar,"partial_r=0.6,partial_frac=0.25,tp2_r=3.0",127,70.9,1.805,0.248,31.5,34.65,-3.71,-3.66,3.53,29.1,51.2,19.7,70.9,125.0,27.28,13464.9,5.1
A_p0.6_f0.33_tp1.5,be_delay_2min,"partial_r=0.6,partial_frac=0.33,tp2_r=1.5",126,70.6,1.425,0.1339,16.88,17.13,-5.72,-6.2,2.57,29.4,40.5,30.2,70.6,38.0,13.6,11713.05,5.2
A_p0.6_f0.33_tp1.5,commission_x2,"partial_r=0.6,partial_frac=0.33,tp2_r=1.5",117,69.2,1.361,0.1179,13.8,13.81,-5.8,-6.28,2.16,30.8,38.5,30.8,69.2,40.0,11.81,11381.45,5.1
A_p0.6_f0.33_tp1.5,max_open_2,"partial_r=0.6,partial_frac=0.33,tp2_r=1.5",126,70.6,1.427,0.1345,16.95,17.22,-5.72,-6.2,2.58,29.4,40.5,30.2,70.6,38.0,13.66,11721.61,5.1
A_p0.6_f0.33_tp1.5,netting,"partial_r=0.6,partial_frac=0.33,tp2_r=1.5",132,67.4,1.364,0.1153,15.22,15.33,-4.69,-4.72,2.26,29.5,38.6,28.8,69.7,56.0,11.61,11533.13,5.1
A_p0.6_f0.33_tp1.5,no_costs,"partial_r=0.6,partial_frac=0.33,tp2_r=1.5",155,69.7,1.42,0.1364,21.15,21.9,-6.49,-6.99,2.67,30.3,40.0,29.7,69.7,35.0,14.13,12190.11,5.3
A_p0.6_f0.33_tp1.5,normal,"partial_r=0.6,partial_frac=0.33,tp2_r=1.5",126,70.6,1.427,0.1345,16.95,17.22,-5.72,-6.2,2.58,29.4,40.5,30.2,70.6,38.0,13.66,11721.61,5.1
A_p0.6_f0.33_tp1.5,risk_0.5,"partial_r=0.6,partial_frac=0.33,tp2_r=1.5",103,71.8,1.531,0.149,15.35,7.65,-2.05,-4.4,2.7,28.2,41.7,30.1,71.8,33.0,7.43,10765.0,5.0
A_p0.6_f0.33_tp1.5,risk_2.0,"partial_r=0.6,partial_frac=0.33,tp2_r=1.5",132,70.5,1.359,0.1184,15.63,34.34,-9.07,-4.63,2.28,29.5,41.7,28.8,70.5,56.0,26.02,13434.35,5.4
A_p0.6_f0.33_tp1.5,slippage_x3,"partial_r=0.6,partial_frac=0.33,tp2_r=1.5",126,70.6,1.373,0.1209,15.23,15.23,-5.96,-6.42,2.27,29.4,40.5,30.2,70.6,38.0,12.09,11522.77,5.2
A_p0.6_f0.33_tp1.5,spread_x1.5,"partial_r=0.6,partial_frac=0.33,tp2_r=1.5",108,67.6,1.301,0.1052,11.36,11.07,-6.16,-6.77,1.81,32.4,37.0,30.6,67.6,45.0,10.25,11107.19,4.9
A_p0.6_f0.33_tp1.5,spread_x2,"partial_r=0.6,partial_frac=0.33,tp2_r=1.5",79,65.8,1.236,0.0849,6.71,6.35,-4.69,-5.11,1.1,34.2,35.4,30.4,65.8,56.0,8.04,10635.23,4.9
A_p0.6_f0.33_tp1.5,worst_intrabar,"partial_r=0.6,partial_frac=0.33,tp2_r=1.5",126,70.6,1.427,0.1345,16.95,17.22,-5.72,-6.2,2.58,29.4,40.5,30.2,70.6,38.0,13.66,11721.61,5.0
A_p0.6_f0.33_tp2.5,be_delay_2min,"partial_r=0.6,partial_frac=0.33,tp2_r=2.5",127,70.9,1.673,0.21,26.68,28.69,-4.02,-3.72,3.34,29.1,48.8,22.0,70.9,118.0,22.59,12868.89,5.2
A_p0.6_f0.33_tp2.5,commission_x2,"partial_r=0.6,partial_frac=0.33,tp2_r=2.5",117,69.2,1.489,0.1681,19.67,19.73,-5.32,-5.62,2.46,30.8,47.9,21.4,69.2,91.0,16.86,11972.72,5.2
A_p0.6_f0.33_tp2.5,max_open_2,"partial_r=0.6,partial_frac=0.33,tp2_r=2.5",127,70.9,1.677,0.2109,26.79,28.93,-4.06,-3.71,3.36,29.1,48.8,22.0,70.9,118.0,22.78,12892.65,5.1
A_p0.6_f0.33_tp2.5,netting,"partial_r=0.6,partial_frac=0.33,tp2_r=2.5",132,67.4,1.547,0.1696,22.38,24.21,-3.82,-3.74,2.87,29.5,47.0,20.5,70.5,124.0,18.34,12421.2,5.1
A_p0.6_f0.33_tp2.5,no_costs,"partial_r=0.6,partial_frac=0.33,tp2_r=2.5",155,69.7,1.639,0.2093,32.43,35.85,-4.87,-4.92,3.33,30.3,47.7,21.9,69.7,102.0,23.13,13585.34,5.1
A_p0.6_f0.33_tp2.5,normal,"partial_r=0.6,partial_frac=0.33,tp2_r=2.5",127,70.9,1.677,0.2109,26.79,28.93,-4.06,-3.71,3.36,29.1,48.8,22.0,70.9,118.0,22.78,12892.65,5.2
A_p0.6_f0.33_tp2.5,risk_0.5,"partial_r=0.6,partial_frac=0.33,tp2_r=2.5",103,70.9,1.601,0.1776,18.29,9.07,-1.76,-3.71,2.7,29.1,50.5,20.4,70.9,75.0,8.81,10907.1,5.1
A_p0.6_f0.33_tp2.5,risk_2.0,"partial_r=0.6,partial_frac=0.33,tp2_r=2.5",132,70.5,1.498,0.174,22.97,53.07,-7.85,-3.69,2.75,29.5,50.0,20.5,70.5,124.0,40.2,15306.95,5.2
A_p0.6_f0.33_tp2.5,slippage_x3,"partial_r=0.6,partial_frac=0.33,tp2_r=2.5",127,70.9,1.622,0.1963,24.92,26.94,-4.2,-4.04,3.13,29.1,48.8,22.0,70.9,118.0,21.21,12694.13,5.2
A_p0.6_f0.33_tp2.5,spread_x1.5,"partial_r=0.6,partial_frac=0.33,tp2_r=2.5",108,67.6,1.396,0.1386,14.97,15.12,-5.59,-5.86,2.01,32.4,47.2,20.4,67.6,70.0,14.0,11511.98,5.1
A_p0.6_f0.33_tp2.5,spread_x2,"partial_r=0.6,partial_frac=0.33,tp2_r=2.5",80,66.2,1.117,0.0547,4.37,3.13,-5.8,-5.39,0.53,33.8,50.0,16.2,66.2,92.0,3.91,10312.65,5.1
A_p0.6_f0.33_tp2.5,worst_intrabar,"partial_r=0.6,partial_frac=0.33,tp2_r=2.5",127,70.9,1.677,0.2109,26.79,28.93,-4.06,-3.71,3.36,29.1,48.8,22.0,70.9,118.0,22.78,12892.65,5.3
A_p0.6_f0.5_tp2.5,be_delay_2min,"partial_r=0.6,partial_frac=0.5,tp2_r=2.5",131,70.2,1.475,0.154,20.17,20.68,-3.74,-3.43,2.89,29.8,49.6,20.6,70.2,124.0,15.79,12068.48,5.4
A_p0.6_f0.5_tp2.5,commission_x2,"partial_r=0.6,partial_frac=0.5,tp2_r=2.5",122,68.9,1.373,0.1284,15.66,15.31,-4.34,-4.07,2.26,31.1,48.4,20.5,68.9,132.0,12.55,11530.94,5.4
A_p0.6_f0.5_tp2.5,max_open_2,"partial_r=0.6,partial_frac=0.5,tp2_r=2.5",131,70.2,1.476,0.1544,20.23,20.74,-3.74,-3.43,2.9,29.8,49.6,20.6,70.2,124.0,15.83,12074.3,5.3
A_p0.6_f0.5_tp2.5,netting,"partial_r=0.6,partial_frac=0.5,tp2_r=2.5",132,69.7,1.477,0.1512,19.96,20.66,-3.7,-3.45,2.9,29.5,49.2,20.5,70.5,124.0,15.65,12066.19,5.2
A_p0.6_f0.5_tp2.5,no_costs,"partial_r=0.6,partial_frac=0.5,tp2_r=2.5",161,68.9,1.462,0.1514,24.37,26.41,-4.78,-5.13,2.94,31.1,48.4,20.5,68.9,111.0,16.4,12640.94,5.6
A_p0.6_f0.5_tp2.5,normal,"partial_r=0.6,partial_frac=0.5,tp2_r=2.5",131,70.2,1.476,0.1544,20.23,20.74,-3.74,-3.43,2.9,29.8,49.6,20.6,70.2,124.0,15.83,12074.3,5.3
A_p0.6_f0.5_tp2.5,risk_0.5,"partial_r=0.6,partial_frac=0.5,tp2_r=2.5",126,70.6,1.581,0.1793,22.59,10.72,-2.34,-5.18,3.19,29.4,49.2,21.4,70.6,86.0,8.51,11071.82,5.3
A_p0.6_f0.5_tp2.5,risk_2.0,"partial_r=0.6,partial_frac=0.5,tp2_r=2.5",132,70.5,1.471,0.1577,20.82,48.32,-6.65,-3.24,2.92,29.5,50.0,20.5,70.5,124.0,36.6,14831.82,5.1
A_p0.6_f0.5_tp2.5,slippage_x3,"partial_r=0.6,partial_frac=0.5,tp2_r=2.5",131,70.2,1.429,0.1436,18.81,18.86,-3.89,-3.58,2.64,29.8,49.6,20.6,70.2,124.0,14.4,11886.27,5.3
A_p0.6_f0.5_tp2.5,spread_x1.5,"partial_r=0.6,partial_frac=0.5,tp2_r=2.5",113,67.3,1.276,0.1039,11.74,10.87,-4.89,-4.55,1.72,32.7,47.8,19.5,67.3,115.0,9.62,11086.77,5.2
A_p0.6_f0.5_tp2.5,spread_x2,"partial_r=0.6,partial_frac=0.5,tp2_r=2.5",84,65.5,1.052,0.0201,1.69,1.47,-5.74,-5.82,0.28,34.5,51.2,14.3,65.5,152.0,1.75,10146.71,5.3
A_p0.6_f0.5_tp2.5,worst_intrabar,"partial_r=0.6,partial_frac=0.5,tp2_r=2.5",131,70.2,1.476,0.1544,20.23,20.74,-3.74,-3.43,2.9,29.8,49.6,20.6,70.2,124.0,15.83,12074.3,5.2
A_p1.0_f0.25_tp3.0,be_delay_2min,"partial_r=1.0,partial_frac=0.25,tp2_r=3.0",127,59.1,1.614,0.2769,35.17,38.76,-5.45,-5.51,3.24,40.2,35.4,24.4,59.8,167.0,30.52,13876.36,5.2
A_p1.0_f0.25_tp3.0,commission_x2,"partial_r=1.0,partial_frac=0.25,tp2_r=3.0",118,58.5,1.485,0.2257,26.63,27.83,-5.69,-5.53,2.6,41.5,35.6,22.9,58.5,177.0,23.58,12782.88,5.3
A_p1.0_f0.25_tp3.0,max_open_2,"partial_r=1.0,partial_frac=0.25,tp2_r=3.0",127,59.8,1.591,0.2639,33.51,36.69,-5.53,-5.48,3.1,40.2,36.2,23.6,59.8,167.0,28.89,13668.66,5.9
A_p1.0_f0.25_tp3.0,netting,"partial_r=1.0,partial_frac=0.25,tp2_r=3.0",132,57.6,1.514,0.225,29.7,33.29,-5.48,-5.62,2.76,41.7,34.8,22.7,58.3,183.0,25.22,13329.02,5.3
A_p1.0_f0.25_tp3.0,no_costs,"partial_r=1.0,partial_frac=0.25,tp2_r=3.0",156,59.6,1.718,0.3251,50.72,60.63,-6.48,-6.27,3.72,40.4,34.0,25.6,59.6,161.0,38.87,16063.05,5.8
A_p1.0_f0.25_tp3.0,normal,"partial_r=1.0,partial_frac=0.25,tp2_r=3.0",127,59.8,1.591,0.2639,33.51,36.69,-5.53,-5.48,3.1,40.2,36.2,23.6,59.8,167.0,28.89,13668.66,5.2
A_p1.0_f0.25_tp3.0,risk_0.5,"partial_r=1.0,partial_frac=0.25,tp2_r=3.0",104,61.5,1.556,0.2135,22.2,11.39,-2.38,-4.63,2.51,38.5,41.3,20.2,61.5,123.0,10.95,11138.98,5.0
A_p1.0_f0.25_tp3.0,risk_2.0,"partial_r=1.0,partial_frac=0.25,tp2_r=3.0",132,58.3,1.445,0.2258,29.8,71.71,-10.9,-5.46,2.53,41.7,35.6,22.7,58.3,183.0,54.32,17170.86,5.4
A_p1.0_f0.25_tp3.0,slippage_x3,"partial_r=1.0,partial_frac=0.25,tp2_r=3.0",127,59.8,1.56,0.248,31.49,34.96,-5.7,-5.67,2.96,40.2,36.2,23.6,59.8,167.0,27.53,13496.14,5.2
A_p1.0_f0.25_tp3.0,spread_x1.5,"partial_r=1.0,partial_frac=0.25,tp2_r=3.0",109,57.8,1.387,0.1872,20.41,19.85,-6.11,-6.54,2.1,42.2,36.7,21.1,57.8,160.0,18.21,11985.27,5.2
A_p1.0_f0.25_tp3.0,spread_x2,"partial_r=1.0,partial_frac=0.25,tp2_r=3.0",79,54.4,1.186,0.0939,7.42,6.8,-8.69,-9.33,0.86,45.6,35.4,19.0,54.4,155.0,8.61,10679.95,5.3
A_p1.0_f0.25_tp3.0,worst_intrabar,"partial_r=1.0,partial_frac=0.25,tp2_r=3.0",127,59.8,1.621,0.282,35.81,39.22,-5.52,-5.52,3.27,40.2,35.4,24.4,59.8,167.0,30.88,13921.69,5.2
A_p1.0_f0.33_tp3.0,be_delay_2min,"partial_r=1.0,partial_frac=0.33,tp2_r=3.0",127,59.1,1.617,0.2773,35.21,38.89,-5.24,-5.29,3.35,40.2,35.4,24.4,59.8,167.0,30.62,13888.83,5.3
A_p1.0_f0.33_tp3.0,commission_x2,"partial_r=1.0,partial_frac=0.33,tp2_r=3.0",118,58.5,1.484,0.224,26.43,27.79,-5.43,-5.32,2.67,41.5,35.6,22.9,58.5,177.0,23.55,12778.76,5.5
A_p1.0_f0.33_tp3.0,max_open_2,"partial_r=1.0,partial_frac=0.33,tp2_r=3.0",127,59.8,1.596,0.2645,33.6,36.93,-5.32,-5.27,3.21,40.2,36.2,23.6,59.8,167.0,29.07,13692.51,5.6
A_p1.0_f0.33_tp3.0,netting,"partial_r=1.0,partial_frac=0.33,tp2_r=3.0",132,57.6,1.511,0.2244,29.63,33.08,-5.32,-5.47,2.83,41.7,34.8,22.7,58.3,183.0,25.06,13308.19,5.1
A_p1.0_f0.33_tp3.0,no_costs,"partial_r=1.0,partial_frac=0.33,tp2_r=3.0",156,59.6,1.709,0.3189,49.75,59.45,-6.03,-6.09,3.79,40.4,34.0,25.6,59.6,161.0,38.11,15945.14,5.4
A_p1.0_f0.33_tp3.0,normal,"partial_r=1.0,partial_frac=0.33,tp2_r=3.0",127,59.8,1.596,0.2645,33.6,36.93,-5.32,-5.27,3.21,40.2,36.2,23.6,59.8,167.0,29.07,13692.51,5.4
A_p1.0_f0.33_tp3.0,risk_0.5,"partial_r=1.0,partial_frac=0.33,tp2_r=3.0",104,61.5,1.522,0.2052,21.34,10.66,-2.26,-4.48,2.48,38.5,41.3,20.2,61.5,123.0,10.25,11065.99,5.5
A_p1.0_f0.33_tp3.0,risk_2.0,"partial_r=1.0,partial_frac=0.33,tp2_r=3.0",132,58.3,1.433,0.2207,29.14,69.26,-10.79,-5.57,2.56,41.7,35.6,22.7,58.3,183.0,52.47,16926.12,5.3
A_p1.0_f0.33_tp3.0,slippage_x3,"partial_r=1.0,partial_frac=0.33,tp2_r=3.0",127,59.8,1.557,0.2488,31.6,34.91,-5.53,-5.49,3.04,40.2,36.2,23.6,59.8,167.0,27.49,13491.41,5.2
A_p1.0_f0.33_tp3.0,spread_x1.5,"partial_r=1.0,partial_frac=0.33,tp2_r=3.0",108,57.4,1.318,0.1603,17.31,16.09,-7.6,-7.92,1.81,42.6,37.0,20.4,57.4,123.0,14.9,11608.84,5.4
A_p1.0_f0.33_tp3.0,spread_x2,"partial_r=1.0,partial_frac=0.33,tp2_r=3.0",79,54.4,1.191,0.0975,7.71,6.97,-8.36,-8.94,0.89,45.6,35.4,19.0,54.4,155.0,8.83,10697.48,5.3
A_p1.0_f0.33_tp3.0,worst_intrabar,"partial_r=1.0,partial_frac=0.33,tp2_r=3.0",127,59.8,1.62,0.2818,35.79,39.11,-5.28,-5.29,3.36,40.2,35.4,24.4,59.8,167.0,30.79,13910.7,5.3
B_tp3.0_be1.0,be_delay_2min,"partial_frac=0,tp2_r=3.0,be_trigger_r=1.0",132,23.5,1.578,0.2697,35.59,39.45,-6.41,-6.38,2.81,41.7,0.0,23.5,0.0,183.0,29.89,13945.44,5.1
B_tp3.0_be1.0,commission_x2,"partial_frac=0,tp2_r=3.0,be_trigger_r=1.0",123,22.0,1.416,0.2025,24.9,25.79,-6.59,-6.43,2.09,43.1,0.0,22.0,0.0,194.0,20.97,12579.31,5.3
B_tp3.0_be1.0,max_open_2,"partial_frac=0,tp2_r=3.0,be_trigger_r=1.0",132,23.5,1.578,0.2697,35.59,39.45,-6.41,-6.38,2.81,41.7,0.0,23.5,0.0,183.0,29.89,13945.44,5.1
B_tp3.0_be1.0,netting,"partial_frac=0,tp2_r=3.0,be_trigger_r=1.0",132,23.5,1.578,0.2697,35.59,39.45,-6.41,-6.38,2.81,41.7,0.0,23.5,0.0,183.0,29.89,13945.44,5.2
B_tp3.0_be1.0,no_costs,"partial_frac=0,tp2_r=3.0,be_trigger_r=1.0",161,25.5,1.716,0.3357,54.05,67.48,-7.43,-7.0,3.41,42.9,0.0,25.5,0.0,167.0,41.92,16748.48,5.4
B_tp3.0_be1.0,normal,"partial_frac=0,tp2_r=3.0,be_trigger_r=1.0",132,23.5,1.578,0.2697,35.59,39.45,-6.41,-6.38,2.81,41.7,0.0,23.5,0.0,183.0,29.89,13945.44,5.2
B_tp3.0_be1.0,risk_0.5,"partial_frac=0,tp2_r=3.0,be_trigger_r=1.0",131,23.7,1.606,0.2794,36.6,17.02,-3.12,-6.38,2.87,41.2,0.0,23.7,0.0,184.0,13.0,11702.39,5.3
B_tp3.0_be1.0,risk_2.0,"partial_frac=0,tp2_r=3.0,be_trigger_r=1.0",132,23.5,1.509,0.2697,35.59,89.69,-12.57,-6.38,2.55,41.7,0.0,23.5,0.0,183.0,67.95,18969.42,5.1
B_tp3.0_be1.0,slippage_x3,"partial_frac=0,tp2_r=3.0,be_trigger_r=1.0",132,23.5,1.52,0.2525,33.33,36.46,-6.7,-6.82,2.62,41.7,0.0,23.5,0.0,183.0,27.62,13645.88,5.2
B_tp3.0_be1.0,spread_x1.5,"partial_frac=0,tp2_r=3.0,be_trigger_r=1.0",114,20.2,1.296,0.1493,17.02,16.08,-8.05,-7.74,1.5,43.9,0.0,20.2,0.0,179.0,14.1,11607.9,5.3
B_tp3.0_be1.0,spread_x2,"partial_frac=0,tp2_r=3.0,be_trigger_r=1.0",85,18.8,1.159,0.0793,6.74,6.27,-8.56,-9.56,0.71,47.1,0.0,18.8,0.0,227.0,7.38,10627.07,5.2
B_tp3.0_be1.0,worst_intrabar,"partial_frac=0,tp2_r=3.0,be_trigger_r=1.0",132,23.5,1.578,0.2697,35.59,39.45,-6.41,-6.38,2.81,41.7,0.0,23.5,0.0,183.0,29.89,13945.44,5.3
C2_trail2.0_start0_tp0,be_delay_2min,"partial_frac=0,tp2_r=0,trail_r=2.0,trail_start_r=0,trail_after_partial=false",131,34.4,1.57,0.3808,49.88,56.75,-11.92,-11.96,2.17,64.9,0.0,0.0,0.0,246.0,43.32,15675.21,5.6
C2_trail2.0_start0_tp0,commission_x2,"partial_frac=0,tp2_r=0,trail_r=2.0,trail_start_r=0,trail_after_partial=false",122,33.6,1.531,0.3547,43.28,47.12,-11.06,-10.86,1.93,65.6,0.0,0.0,0.0,260.0,38.62,14711.87,5.5
C2_trail2.0_start0_tp0,max_open_2,"partial_frac=0,tp2_r=0,trail_r=2.0,trail_start_r=0,trail_after_partial=false",131,34.4,1.57,0.3808,49.88,56.75,-11.92,-11.96,2.17,64.9,0.0,0.0,0.0,246.0,43.32,15675.21,5.7
C2_trail2.0_start0_tp0,netting,"partial_frac=0,tp2_r=0,trail_r=2.0,trail_start_r=0,trail_after_partial=false",131,34.4,1.57,0.3808,49.88,56.75,-11.92,-11.96,2.17,64.9,0.0,0.0,0.0,246.0,43.32,15675.21,5.6
C2_trail2.0_start0_tp0,no_costs,"partial_frac=0,tp2_r=0,trail_r=2.0,trail_start_r=0,trail_after_partial=false",160,35.0,1.576,0.4015,64.24,78.95,-14.08,-14.54,2.32,65.0,0.0,0.0,0.0,240.0,49.35,17895.45,6.1
C2_trail2.0_start0_tp0,normal,"partial_frac=0,tp2_r=0,trail_r=2.0,trail_start_r=0,trail_after_partial=false",131,34.4,1.57,0.3808,49.88,56.75,-11.92,-11.96,2.17,64.9,0.0,0.0,0.0,246.0,43.32,15675.21,5.5
C2_trail2.0_start0_tp0,risk_0.5,"partial_frac=0,tp2_r=0,trail_r=2.0,trail_start_r=0,trail_after_partial=false",131,34.4,1.644,0.3808,49.88,25.63,-5.92,-11.96,2.36,64.9,0.0,0.0,0.0,246.0,19.57,12563.08,5.5
C2_trail2.0_start0_tp0,risk_2.0,"partial_frac=0,tp2_r=0,trail_r=2.0,trail_start_r=0,trail_after_partial=false",131,34.4,1.458,0.3808,49.88,132.79,-24.45,-11.96,1.91,64.9,0.0,0.0,0.0,246.0,101.37,23279.22,5.7
C2_trail2.0_start0_tp0,slippage_x3,"partial_frac=0,tp2_r=0,trail_r=2.0,trail_start_r=0,trail_after_partial=false",131,33.6,1.53,0.3579,46.88,53.42,-12.94,-13.31,2.06,64.9,0.0,0.0,0.0,246.0,40.78,15341.97,5.7
C2_trail2.0_start0_tp0,spread_x1.5,"partial_frac=0,tp2_r=0,trail_r=2.0,trail_start_r=0,trail_after_partial=false",113,33.6,1.47,0.3153,35.63,36.15,-10.51,-11.31,1.61,65.5,0.0,0.0,0.0,278.0,31.99,13615.11,5.6
C2_trail2.0_start0_tp0,spread_x2,"partial_frac=0,tp2_r=0,trail_r=2.0,trail_start_r=0,trail_after_partial=false",84,29.8,1.373,0.2582,21.69,19.54,-11.99,-12.77,1.1,69.0,0.0,0.0,0.0,350.0,23.27,11954.38,5.7
C2_trail2.0_start0_tp0,worst_intrabar,"partial_frac=0,tp2_r=0,trail_r=2.0,trail_start_r=0,trail_after_partial=false",131,34.4,1.57,0.3808,49.88,56.75,-11.92,-11.96,2.17,64.9,0.0,0.0,0.0,246.0,43.32,15675.21,5.6
C2_trail2.0_start1.0_tp0,be_delay_2min,"partial_frac=0,tp2_r=0,trail_r=2.0,trail_start_r=1.0,trail_after_partial=false",131,34.4,1.57,0.3808,49.88,56.75,-11.92,-11.96,2.17,64.9,0.0,0.0,0.0,246.0,43.32,15675.21,5.9
C2_trail2.0_start1.0_tp0,commission_x2,"partial_frac=0,tp2_r=0,trail_r=2.0,trail_start_r=1.0,trail_after_partial=false",122,33.6,1.531,0.3547,43.28,47.12,-11.06,-10.86,1.93,65.6,0.0,0.0,0.0,260.0,38.62,14711.87,5.6
C2_trail2.0_start1.0_tp0,max_open_2,"partial_frac=0,tp2_r=0,trail_r=2.0,trail_start_r=1.0,trail_after_partial=false",131,34.4,1.57,0.3808,49.88,56.75,-11.92,-11.96,2.17,64.9,0.0,0.0,0.0,246.0,43.32,15675.21,5.7
C2_trail2.0_start1.0_tp0,netting,"partial_frac=0,tp2_r=0,trail_r=2.0,trail_start_r=1.0,trail_after_partial=false",131,34.4,1.57,0.3808,49.88,56.75,-11.92,-11.96,2.17,64.9,0.0,0.0,0.0,246.0,43.32,15675.21,5.6
C2_trail2.0_start1.0_tp0,no_costs,"partial_frac=0,tp2_r=0,trail_r=2.0,trail_start_r=1.0,trail_after_partial=false",160,35.0,1.576,0.4015,64.24,78.95,-14.08,-14.54,2.32,65.0,0.0,0.0,0.0,240.0,49.35,17895.45,6.1
C2_trail2.0_start1.0_tp0,normal,"partial_frac=0,tp2_r=0,trail_r=2.0,trail_start_r=1.0,trail_after_partial=false",131,34.4,1.57,0.3808,49.88,56.75,-11.92,-11.96,2.17,64.9,0.0,0.0,0.0,246.0,43.32,15675.21,5.6
C2_trail2.0_start1.0_tp0,risk_0.5,"partial_frac=0,tp2_r=0,trail_r=2.0,trail_start_r=1.0,trail_after_partial=false",131,34.4,1.644,0.3808,49.88,25.63,-5.92,-11.96,2.36,64.9,0.0,0.0,0.0,246.0,19.57,12563.08,5.6
C2_trail2.0_start1.0_tp0,risk_2.0,"partial_frac=0,tp2_r=0,trail_r=2.0,trail_start_r=1.0,trail_after_partial=false",131,34.4,1.458,0.3808,49.88,132.79,-24.45,-11.96,1.91,64.9,0.0,0.0,0.0,246.0,101.37,23279.22,5.7
C2_trail2.0_start1.0_tp0,slippage_x3,"partial_frac=0,tp2_r=0,trail_r=2.0,trail_start_r=1.0,trail_after_partial=false",131,33.6,1.53,0.3579,46.88,53.42,-12.94,-13.31,2.06,64.9,0.0,0.0,0.0,246.0,40.78,15341.97,6.1
C2_trail2.0_start1.0_tp0,spread_x1.5,"partial_frac=0,tp2_r=0,trail_r=2.0,trail_start_r=1.0,trail_after_partial=false",113,33.6,1.47,0.3153,35.63,36.15,-10.51,-11.31,1.61,65.5,0.0,0.0,0.0,278.0,31.99,13615.11,5.5
C2_trail2.0_start1.0_tp0,spread_x2,"partial_frac=0,tp2_r=0,trail_r=2.0,trail_start_r=1.0,trail_after_partial=false",84,29.8,1.373,0.2582,21.69,19.54,-11.99,-12.77,1.1,69.0,0.0,0.0,0.0,350.0,23.27,11954.38,6.0
C2_trail2.0_start1.0_tp0,worst_intrabar,"partial_frac=0,tp2_r=0,trail_r=2.0,trail_start_r=1.0,trail_after_partial=false",131,34.4,1.57,0.3808,49.88,56.75,-11.92,-11.96,2.17,64.9,0.0,0.0,0.0,246.0,43.32,15675.21,6.1
C_p0.4_trail0.3_tp1.5_start0,be_delay_2min,"partial_r=0.4,tp2_r=1.5,trail_r=0.3,trail_start_r=0",131,80.9,1.663,0.1357,17.77,18.27,-2.52,-2.43,3.72,19.1,0.0,6.1,80.9,21.0,13.95,11827.22,5.0
C_p0.4_trail0.3_tp1.5_start0,commission_x2,"partial_r=0.4,tp2_r=1.5,trail_r=0.3,trail_start_r=0",122,80.3,1.539,0.1175,14.34,14.22,-3.77,-3.51,2.91,19.7,1.6,6.6,80.3,22.0,11.66,11422.29,5.2
C_p0.4_trail0.3_tp1.5_start0,max_open_2,"partial_r=0.4,tp2_r=1.5,trail_r=0.3,trail_start_r=0",131,80.9,1.654,0.1339,17.54,18.01,-2.53,-2.43,3.64,19.1,1.5,6.1,80.9,21.0,13.75,11800.98,5.1
C_p0.4_trail0.3_tp1.5_start0,netting,"partial_r=0.4,tp2_r=1.5,trail_r=0.3,trail_start_r=0",133,51.1,1.455,0.0602,8.01,8.01,-2.46,-2.66,2.21,43.6,1.5,3.8,45.1,6.0,6.02,10800.63,5.1
C_p0.4_trail0.3_tp1.5_start0,no_costs,"partial_r=0.4,tp2_r=1.5,trail_r=0.3,trail_start_r=0",160,78.8,1.555,0.1211,19.38,20.62,-3.87,-3.75,3.45,21.2,1.9,5.6,78.8,23.0,12.89,12061.82,5.3
C_p0.4_trail0.3_tp1.5_start0,normal,"partial_r=0.4,tp2_r=1.5,trail_r=0.3,trail_start_r=0",131,80.9,1.654,0.1339,17.54,18.01,-2.53,-2.43,3.64,19.1,1.5,6.1,80.9,21.0,13.75,11800.98,5.1
C_p0.4_trail0.3_tp1.5_start0,risk_0.5,"partial_r=0.4,tp2_r=1.5,trail_r=0.3,trail_start_r=0",126,81.0,1.731,0.1405,17.7,8.59,-1.22,-2.61,3.83,19.0,1.6,6.3,81.0,15.0,6.82,10858.89,5.1
C_p0.4_trail0.3_tp1.5_start0,risk_2.0,"partial_r=0.4,tp2_r=1.5,trail_r=0.3,trail_start_r=0",132,81.1,1.63,0.135,17.82,40.52,-5.41,-2.46,3.53,18.9,1.5,6.1,81.1,21.0,30.7,14052.07,5.1
C_p0.4_trail0.3_tp1.5_start0,slippage_x3,"partial_r=0.4,tp2_r=1.5,trail_r=0.3,trail_start_r=0",131,80.9,1.566,0.1205,15.78,15.88,-2.75,-2.66,3.21,19.1,1.5,6.1,80.9,21.0,12.12,11587.84,5.2
C_p0.4_trail0.3_tp1.5_start0,spread_x1.5,"partial_r=0.4,tp2_r=1.5,trail_r=0.3,trail_start_r=0",114,78.9,1.465,0.1096,12.49,12.11,-4.34,-4.16,2.62,21.1,1.8,6.1,78.9,26.0,10.62,11210.88,5.4
C_p0.4_trail0.3_tp1.5_start0,spread_x2,"partial_r=0.4,tp2_r=1.5,trail_r=0.3,trail_start_r=0",84,79.8,1.418,0.0884,7.43,7.05,-3.38,-3.99,1.79,20.2,2.4,2.4,79.8,31.0,8.39,10704.8,5.3
C_p0.4_trail0.3_tp1.5_start0,worst_intrabar,"partial_r=0.4,tp2_r=1.5,trail_r=0.3,trail_start_r=0",131,80.9,1.696,0.1432,18.76,19.32,-2.57,-2.43,3.85,19.1,0.0,7.6,80.9,21.0,14.75,11932.29,5.2
D_0.6-1.2-2.0_25_25_50,be_delay_2min,"tp_levels=0.6|1.2|2.0,tp_fracs=0.25|0.25|0.5",127,70.9,1.622,0.192,24.39,26.35,-3.97,-4.23,3.41,29.1,44.1,26.8,70.9,86.0,20.75,12634.64,5.2
D_0.6-1.2-2.0_25_25_50,commission_x2,"tp_levels=0.6|1.2|2.0,tp_fracs=0.25|0.25|0.5",117,69.2,1.479,0.1627,19.04,19.3,-5.5,-5.77,2.65,30.8,42.7,26.5,69.2,56.0,16.5,11930.4,5.2
D_0.6-1.2-2.0_25_25_50,max_open_2,"tp_levels=0.6|1.2|2.0,tp_fracs=0.25|0.25|0.5",127,70.9,1.624,0.1927,24.47,26.44,-3.97,-4.23,3.43,29.1,44.1,26.8,70.9,86.0,20.82,12644.34,5.2
D_0.6-1.2-2.0_25_25_50,netting,"tp_levels=0.6|1.2|2.0,tp_fracs=0.25|0.25|0.5",132,67.4,1.502,0.1593,21.03,21.99,-4.02,-4.23,2.91,29.5,42.4,25.0,70.5,95.0,16.66,12198.66,5.2
D_0.6-1.2-2.0_25_25_50,no_costs,"tp_levels=0.6|1.2|2.0,tp_fracs=0.25|0.25|0.5",155,69.7,1.573,0.1884,29.2,31.91,-5.11,-5.51,3.33,30.3,43.2,26.5,69.7,73.0,20.58,13190.6,5.1
D_0.6-1.2-2.0_25_25_50,normal,"tp_levels=0.6|1.2|2.0,tp_fracs=0.25|0.25|0.5",127,70.9,1.624,0.1927,24.47,26.44,-3.97,-4.23,3.43,29.1,44.1,26.8,70.9,86.0,20.82,12644.34,5.3
D_0.6-1.2-2.0_25_25_50,risk_0.5,"tp_levels=0.6|1.2|2.0,tp_fracs=0.25|0.25|0.5",104,71.2,1.669,0.1987,20.67,10.14,-1.6,-3.86,3.2,28.8,45.2,26.0,71.2,40.0,9.75,11013.9,5.0
D_0.6-1.2-2.0_25_25_50,risk_2.0,"tp_levels=0.6|1.2|2.0,tp_fracs=0.25|0.25|0.5",132,70.5,1.464,0.1607,21.21,48.78,-7.63,-3.78,2.81,29.5,45.5,25.0,70.5,95.0,36.95,14877.61,5.2
D_0.6-1.2-2.0_25_25_50,slippage_x3,"tp_levels=0.6|1.2|2.0,tp_fracs=0.25|0.25|0.5",127,70.9,1.554,0.1797,22.82,23.91,-4.22,-4.46,3.1,29.1,44.1,26.8,70.9,86.0,18.83,12391.03,5.3
D_0.6-1.2-2.0_25_25_50,spread_x1.5,"tp_levels=0.6|1.2|2.0,tp_fracs=0.25|0.25|0.5",108,67.6,1.395,0.1433,15.48,15.22,-6.21,-6.39,2.19,32.4,41.7,25.9,67.6,62.0,14.1,11522.3,5.3
D_0.6-1.2-2.0_25_25_50,spread_x2,"tp_levels=0.6|1.2|2.0,tp_fracs=0.25|0.25|0.5",79,65.8,1.218,0.0854,6.75,5.97,-6.26,-6.56,0.96,34.2,43.0,22.8,65.8,77.0,7.56,10596.92,5.1
D_0.6-1.2-2.0_25_25_50,worst_intrabar,"tp_levels=0.6|1.2|2.0,tp_fracs=0.25|0.25|0.5",127,70.9,1.624,0.1927,24.47,26.44,-3.97,-4.23,3.43,29.1,44.1,26.8,70.9,86.0,20.82,12644.34,5.3
base_v8,be_delay_2min,,131,80.9,1.481,0.102,13.37,12.96,-3.02,-3.11,2.54,19.1,61.1,19.8,80.9,44.0,9.89,11295.73,5.0
base_v8,commission_x2,,122,80.3,1.417,0.0947,11.55,10.88,-3.96,-3.81,2.09,19.7,59.8,20.5,80.3,46.0,8.92,11087.7,4.9
base_v8,max_open_2,,131,80.9,1.457,0.0977,12.8,12.32,-3.17,-3.03,2.35,19.1,61.8,19.1,80.9,43.0,9.4,11231.8,5.0
base_v8,netting,,132,80.3,1.463,0.0988,13.04,12.54,-3.21,-3.13,2.39,18.9,61.4,18.9,80.3,43.0,9.5,11253.69,5.0
base_v8,no_costs,,160,78.8,1.368,0.084,13.45,13.34,-4.44,-4.24,2.17,21.2,60.0,18.8,78.8,42.0,8.34,11334.25,4.9
base_v8,normal,,131,80.9,1.457,0.0977,12.8,12.32,-3.17,-3.03,2.35,19.1,61.8,19.1,80.9,43.0,9.4,11231.8,5.3
base_v8,risk_0.5,,126,81.0,1.535,0.101,12.73,6.21,-1.39,-3.2,2.59,19.0,61.1,19.8,81.0,25.0,4.93,10620.98,4.9
base_v8,risk_2.0,,132,81.1,1.458,0.0998,13.17,28.14,-6.19,-3.02,2.38,18.9,62.1,18.9,81.1,43.0,21.32,12813.75,5.4
base_v8,slippage_x3,,131,80.9,1.388,0.0862,11.29,10.65,-3.72,-3.54,2.02,19.1,61.8,19.1,80.9,43.0,8.13,11064.79,5.1
base_v8,spread_x1.5,,113,78.8,1.388,0.0902,10.19,9.77,-3.83,-3.98,2.09,21.2,57.5,21.2,78.8,54.0,8.65,10976.9,5.1
base_v8,spread_x2,,84,79.8,1.41,0.0865,7.27,6.91,-3.16,-3.41,1.61,20.2,60.7,19.0,79.8,69.0,8.22,10690.88,5.1
base_v8,worst_intrabar,,131,80.9,1.492,0.1036,13.57,13.25,-2.85,-2.93,2.61,19.1,61.1,19.8,80.9,44.0,10.11,11324.8,5.2
