feature,gain
zone_usd,1079.1625101566315
cost_r_est,623.2344626784325
zone_atr,415.8437775373459
cr_atr_pctile,280.542111158371
zone_vs_bar_range,226.2800086736679
edge_to_key_atr,190.38117861747742
cr_adx,135.2447999715805
ind_zone_vs_vwap_atr,132.70892906188965
pos_today,116.76141268014908
ap_body_trend,73.5706273317337
dist_prev_day_level_atr,71.35239124298096
swing_in_zone,66.26948070526123
block_rej_wick_atr,60.14671039581299
displacement_atr,57.88559031486511
round_50_atr,57.39557194709778
body_ratio,56.891809582710266
block_rej_wick_frac,53.56072926521301
cr_macd_hist_aligned,53.012539863586426
round_100_atr,45.650689125061035
round_10_atr,42.81574600934982
cr_zone_vs_ema50_atr,42.09978008270264
dow,41.97837972640991
ap_rej_wick_atr,41.729289054870605
ind_pivot_dist_atr,41.59932017326355
cr_zone_fib55,40.70618060231209
pos_prev_week,40.08117949962616
ind_vwap_slope_aligned,39.343910455703735
impulse_max_body_atr,38.03848272562027
cr_di_against,36.711830615997314
leg_atr,35.1685996055603
ind_zone_vs_ema200_atr,29.7105495929718
min_approach_atr,29.70038938522339
prior_move_atr,29.10534977912903
pos_prev_day,28.614669799804688
ap_rng_ratio5,26.84645986557007
created_dow,25.30571937561035
cr_chop,24.581039428710938
ap_rej_wick_frac,24.535879611968994
ind_pivot_kind,23.966009616851807
age_bars,23.59115958213806
cr_rsi_extreme,22.883179903030396
cr_pivot_dist_atr,22.66556978225708
ind_ult_osc_aligned,22.161349773406982
htf_adx,21.80150008201599
impulse_body_frac,21.699040412902832
htf_rsi_aligned,21.090222358703613
ind_zone_fib20,20.6560800075531
created_ny_hour,19.212599992752075
price_vs_ema200,19.167709946632385
sweep_depth_atr,18.726020097732544
cr_cci_extreme,18.61193013191223
cr_bb_outside,18.22739005088806
opp_respected_near,17.855889797210693
ind_zone_vs_kc_atr,17.824520111083984
impulse_close_pos,17.39015030860901
day_range_atr,15.812360286712646
cr_ema_ribbon_aligned,15.792450428009033
ind_supertrend_dist_atr,15.614530324935913
of_near,15.115170001983643
ind_zone_vs_ema50_atr,14.776549875736237
engulf_ratio,14.645079612731934
ind_supertrend_age,14.20412015914917
pre_compression_atr,13.633519649505615
ind_stoch_cross_aligned,13.121370315551758
first_pool_gap_atr,12.97180986404419
htf_bb_pctb_aligned,12.776360034942627
of_total,12.766610026359558
ind_rsi_slope_aligned,11.82925009727478
atr_ratio,11.274269580841064
ind_vwap_dist_aligned,11.17313027381897
ny_hour_raw,10.584169864654541
ap_last_rng_atr,10.381799697875977
n_swept,10.151000022888184
cr_kc_outside,10.111560106277466
cr_zone_vs_vwap_atr,9.878120183944702
age_hours,9.858670234680176
ind_atr_pctile,9.605839729309082
near_misses,8.87574028968811
n_alive_same_dir,8.709160089492798
ap_body_frac5,8.296710014343262
pos100,8.033062100410461
liq_between_weight,7.769489765167236
impulse_bars,7.567569971084595
ind_cci_aligned,7.1516900062561035
bars_since_extreme,7.149409770965576
away_atr,6.819349765777588
toward_mom60,5.976860046386719
ema_gap_aligned,5.630429983139038
beyond_today,5.584569931030273
htf_confluence,5.5375800132751465
ind_zone_fib55,5.503299951553345
ind_chop,5.349530220031738
n_alive_opp_dir,5.221169948577881
last_bos_age,4.830049991607666
htf_macd_hist_aligned,4.784470081329346
retrace_frac,4.696809768676758
distance_atr,4.683000087738037
cr_stoch_extreme,4.487539768218994
ind_di_aligned,4.473989963531494
pre_trend_bars,4.450369834899902
ind_price_vs_ema21_aligned,4.435259819030762
of_recent,4.224460124969482
ind_stoch_d_aligned,4.1679301261901855
ind_zone_at_ma,4.093739986419678
ind_rsi_aligned,4.070670127868652
cr_obv_confirm,3.9765799045562744
ind_bb_width_atr,3.8564000129699707
ind_roc10_aligned,3.6688899993896484
liq_behind_quality,3.4766499996185303
ind_macd_hist_aligned,3.443039894104004
htf_atr_pctile,3.2521700859069824
tested_respected,3.1592700481414795
ind_adx_slope,2.7977800369262695
ind_donch55_pos_aligned,2.715780019760132
ind_bb_pctb_aligned,2.611799955368042
tested_violated,2.492690086364746
ind_macd_hist_slope_aligned,2.464900016784668
htf_dist_atr,1.0336600542068481
hlv_va_pos,0.0
hlv_lvn_score,0.0
lv_rev_ratio,0.0
lv_visits,0.0
liq_between_n,0.0
lv_rev_against,0.0
lv_bars_since_visit,0.0
lv_behind_density,0.0
lv_path_density,0.0
lv_visits_since_create,0.0
lv_density_change,0.0
hlv_vol_density,0.0
lv_slice_frac,0.0
lv_rev_per_visit,0.0
cl_rev_ratio,0.0
cl_rev_against,0.0
cl_rev_with,0.0
cl_zone_outside_va,0.0
cl_va_pos,0.0
cl_lvn_score,0.0
cl_vol_density,0.0
htf_zone_beyond_bb,0.0
htf_stoch_k_aligned,0.0
htf_zone_vs_ema50_atr,0.0
htf_ema_ribbon_aligned,0.0
htf_supertrend_aligned,0.0
range_pos,0.0
htf_di_aligned,0.0
closer_same_dir,0.0
opp_on_path,0.0
sess_preny,0.0
sess_london,0.0
kind_IMB,0.0
kind_BB,0.0
kind_OB,0.0
sess_nypm,0.0
sess_lclose,0.0
sess_ny,0.0
hlv_slice_frac,0.0
hlv_rev_ratio,0.0
sess_asia,0.0
hlv_poc_beyond,0.0
hlv_rev_with,0.0
hlv_zone_outside_va,0.0
cl_behind_density,0.0
cl_visits,0.0
ind_stoch_k_aligned,0.0
ind_rsi_div_hidden,0.0
ind_rsi_div_regular,0.0
cr_supertrend_flip,0.0
cr_vol_climax,0.0
cr_bb_width_atr,0.0
cr_vol_impulse_rel,0.0
cr_vol_block_rel,0.0
ap_zone_beyond50,0.0
ap_wick_pressure,0.0
ap_broke50,0.0
cr_rsi_div,0.0
ap_ema_stretch,0.0
ap_move5_atr,0.0
ap_eta_bars,0.0
ap_broke5,0.0
lv_vol_density_recent,0.0
ind_donch20_pos_aligned,0.0
ind_kc_pos_aligned,0.0
ind_zone_beyond_bb,0.0
ind_bb_squeeze,0.0
ind_zone_vs_bb_atr,0.0
ind_adx,0.0
cl_slice_frac,0.0
lv_poc_dist_atr,0.0
lv_va_pos,0.0
ap_toward_run,0.0
ap_last_body,0.0
lv_vol_density,0.0
lv_time_density,0.0
lv_lvn_score,0.0
cl_bars_since_visit,0.0
ind_zone_in_ote,0.0
caused_bos,0.0
last_bos_aligned,0.0
impulse_dir_frac,0.0
beyond_prev_day,0.0
atr_ratio_long,0.0
ind_zone_beyond_kc,0.0
ind_macd_line_aligned,0.0
ind_di_spread,0.0
ind_obv_slope_aligned,0.0
ind_ema_ribbon_aligned,0.0
ind_supertrend_aligned,0.0
ind_vol_climax,0.0
ind_vol_trend,0.0
ind_relvol5,0.0
ind_willr_aligned,0.0
ind_zone_at_pivot,0.0
ind_zone_in_cloud,0.0
ind_mfi_aligned,0.0
ind_eff_ratio,0.0
kind_UW,0.0
block_candles,0.0
toward_mom5,0.0
kind_HB,0.0
toward_mom20,0.0
pos20,0.0
bos_recent_n,0.0
bos_recent_aligned,0.0
ind_kijun_aligned,0.0
ind_cloud_aligned,0.0
ind_zone_at_vwap_band,0.0
ind_relvol,0.0
htf_in_zone,0.0
htf_liq_behind_atr,0.0
htf_bias_aligned,0.0
htf_confluence_kind,0.0
break_close_atr,0.0
tf_minutes,0.0
parent_age_bars,0.0
hb_pos_in_impulse,0.0
ind_bars_since_rsi_extreme,0.0
ind_vol_ratio_hl,0.0
ind_rsi_extreme_recent,0.0
has_imbalance,0.0
swept_equal,0.0
swept_quality,0.0
swept_session,0.0
parent_tap_to_break,0.0
liq_between_quality,0.0
confluence,0.0
in_correct_zone,0.0
aligned_bias,0.0
is_leg_origin,0.0
wick_candle_agrees,0.0
parent_zone_atr,0.0
is_bull,0.0
liq_behind_n,0.0
liq_stacked_beyond_n,0.0
liq_near_edge_n,0.0
opp_liq_between_n,0.0
lv_zone_at_va_edge,0.0
lv_zone_outside_va,0.0
lv_poc_beyond,0.0
lv_rev_with,0.0
