system,rules,month,net_$,R,n
spec_v8,False,2025-09,306.96,3.01,12
spec_v8,False,2025-10,83.33,0.83,29
spec_v8,False,2025-11,333.1,3.29,21
spec_v8,False,2025-12,210.99,2.11,13
spec_v8,False,2026-01,-76.71,-0.81,21
spec_v8,False,2026-02,492.85,4.9,20
spec_v8,False,2026-03,498.92,4.3,24
spec_v8,False,2026-04,198.59,1.79,25
spec_v8,False,2026-05,567.08,4.78,20
spec_v8,False,2026-06,461.56,3.83,17
spec_v8,False,2026-07,-170.22,-1.49,21
spec_v8,False,2026-08,53.5,0.54,22
spec_v8,False,2026-09,-104.28,-0.77,3
spec_v8,True,2025-09,306.96,3.01,12
spec_v8,True,2025-10,83.33,0.83,29
spec_v8,True,2025-11,333.1,3.29,21
spec_v8,True,2025-12,210.99,2.11,13
spec_v8,True,2026-01,-76.71,-0.81,21
spec_v8,True,2026-02,492.85,4.9,20
spec_v8,True,2026-03,498.92,4.3,24
spec_v8,True,2026-04,198.59,1.79,25
spec_v8,True,2026-05,567.08,4.78,20
spec_v8,True,2026-06,461.56,3.83,17
spec_v8,True,2026-07,-170.22,-1.49,21
spec_v8,True,2026-08,53.5,0.54,22
spec_v8,True,2026-09,-104.28,-0.77,3
v9_p0.6_f0.25_tp2.5,False,2025-09,460.11,4.72,11
v9_p0.6_f0.25_tp2.5,False,2025-10,631.95,6.33,29
v9_p0.6_f0.25_tp2.5,False,2025-11,369.03,3.86,21
v9_p0.6_f0.25_tp2.5,False,2025-12,719.52,6.37,13
v9_p0.6_f0.25_tp2.5,False,2026-01,-70.93,-0.51,20
v9_p0.6_f0.25_tp2.5,False,2026-02,755.41,6.39,19
v9_p0.6_f0.25_tp2.5,False,2026-03,963.8,7.62,23
v9_p0.6_f0.25_tp2.5,False,2026-04,306.71,2.4,25
v9_p0.6_f0.25_tp2.5,False,2026-05,1498.3,10.57,20
v9_p0.6_f0.25_tp2.5,False,2026-06,420.99,2.92,16
v9_p0.6_f0.25_tp2.5,False,2026-07,-238.66,-1.58,21
v9_p0.6_f0.25_tp2.5,False,2026-08,357.18,2.38,22
v9_p0.6_f0.25_tp2.5,False,2026-09,-119.6,-0.74,3
v9_p0.6_f0.25_tp2.5,True,2025-09,460.11,4.72,11
v9_p0.6_f0.25_tp2.5,True,2025-10,631.95,6.33,29
v9_p0.6_f0.25_tp2.5,True,2025-11,369.03,3.86,21
v9_p0.6_f0.25_tp2.5,True,2025-12,719.52,6.37,13
v9_p0.6_f0.25_tp2.5,True,2026-01,-70.93,-0.51,20
v9_p0.6_f0.25_tp2.5,True,2026-02,755.41,6.39,19
v9_p0.6_f0.25_tp2.5,True,2026-03,963.8,7.62,23
v9_p0.6_f0.25_tp2.5,True,2026-04,306.71,2.4,25
v9_p0.6_f0.25_tp2.5,True,2026-05,1498.3,10.57,20
v9_p0.6_f0.25_tp2.5,True,2026-06,420.99,2.92,16
v9_p0.6_f0.25_tp2.5,True,2026-07,-238.66,-1.58,21
v9_p0.6_f0.25_tp2.5,True,2026-08,357.18,2.38,22
v9_p0.6_f0.25_tp2.5,True,2026-09,-119.6,-0.74,3
v9_p0.6_f0.25_tp3.0,False,2025-09,130.14,1.59,11
v9_p0.6_f0.25_tp3.0,False,2025-10,649.21,6.89,29
v9_p0.6_f0.25_tp3.0,False,2025-11,267.95,2.68,21
v9_p0.6_f0.25_tp3.0,False,2025-12,663.18,5.98,13
v9_p0.6_f0.25_tp3.0,False,2026-01,-240.98,-2.11,20
v9_p0.6_f0.25_tp3.0,False,2026-02,139.73,1.25,19
v9_p0.6_f0.25_tp3.0,False,2026-03,1159.46,10.1,23
v9_p0.6_f0.25_tp3.0,False,2026-04,-336.35,-2.84,25
v9_p0.6_f0.25_tp3.0,False,2026-05,1612.69,12.84,20
v9_p0.6_f0.25_tp3.0,False,2026-06,543.18,4.33,16
v9_p0.6_f0.25_tp3.0,False,2026-07,22.28,0.11,20
v9_p0.6_f0.25_tp3.0,False,2026-08,536.78,3.87,22
v9_p0.6_f0.25_tp3.0,False,2026-09,-132.89,-0.88,2
v9_p0.6_f0.25_tp3.0,True,2025-09,130.14,1.59,11
v9_p0.6_f0.25_tp3.0,True,2025-10,649.21,6.89,29
v9_p0.6_f0.25_tp3.0,True,2025-11,267.95,2.68,21
v9_p0.6_f0.25_tp3.0,True,2025-12,663.18,5.98,13
v9_p0.6_f0.25_tp3.0,True,2026-01,-240.98,-2.11,20
v9_p0.6_f0.25_tp3.0,True,2026-02,139.73,1.25,19
v9_p0.6_f0.25_tp3.0,True,2026-03,1159.46,10.1,23
v9_p0.6_f0.25_tp3.0,True,2026-04,-336.35,-2.84,25
v9_p0.6_f0.25_tp3.0,True,2026-05,1612.69,12.84,20
v9_p0.6_f0.25_tp3.0,True,2026-06,543.18,4.33,16
v9_p0.6_f0.25_tp3.0,True,2026-07,22.28,0.11,20
v9_p0.6_f0.25_tp3.0,True,2026-08,536.78,3.87,22
v9_p0.6_f0.25_tp3.0,True,2026-09,-132.89,-0.88,2
A2_p1.0_f0.25_tp4.0,False,2025-09,229.96,2.57,11
A2_p1.0_f0.25_tp4.0,False,2025-10,1531.33,14.83,29
A2_p1.0_f0.25_tp4.0,False,2025-11,258.53,2.22,21
A2_p1.0_f0.25_tp4.0,False,2025-12,653.48,5.53,13
A2_p1.0_f0.25_tp4.0,False,2026-01,-320.51,-2.54,20
A2_p1.0_f0.25_tp4.0,False,2026-02,-84.59,-0.58,19
A2_p1.0_f0.25_tp4.0,False,2026-03,1296.45,10.67,23
A2_p1.0_f0.25_tp4.0,False,2026-04,205.87,1.97,25
A2_p1.0_f0.25_tp4.0,False,2026-05,1886.58,13.54,20
A2_p1.0_f0.25_tp4.0,False,2026-06,412.57,2.67,15
A2_p1.0_f0.25_tp4.0,False,2026-07,-187.29,-1.14,21
A2_p1.0_f0.25_tp4.0,False,2026-08,918.59,6.0,22
A2_p1.0_f0.25_tp4.0,False,2026-09,75.63,0.63,3
A2_p1.0_f0.25_tp4.0,True,2025-09,229.96,2.57,11
A2_p1.0_f0.25_tp4.0,True,2025-10,1531.33,14.83,29
A2_p1.0_f0.25_tp4.0,True,2025-11,258.53,2.22,21
A2_p1.0_f0.25_tp4.0,True,2025-12,653.48,5.53,13
A2_p1.0_f0.25_tp4.0,True,2026-01,-320.51,-2.54,20
A2_p1.0_f0.25_tp4.0,True,2026-02,-84.59,-0.58,19
A2_p1.0_f0.25_tp4.0,True,2026-03,1296.45,10.67,23
A2_p1.0_f0.25_tp4.0,True,2026-04,205.87,1.97,25
A2_p1.0_f0.25_tp4.0,True,2026-05,1886.58,13.54,20
A2_p1.0_f0.25_tp4.0,True,2026-06,412.57,2.67,15
A2_p1.0_f0.25_tp4.0,True,2026-07,-187.29,-1.14,21
A2_p1.0_f0.25_tp4.0,True,2026-08,918.59,6.0,22
A2_p1.0_f0.25_tp4.0,True,2026-09,75.63,0.63,3
L3_0.6-2.5-4.0_20_40_40_classic,False,2025-09,364.51,3.71,11
L3_0.6-2.5-4.0_20_40_40_classic,False,2025-10,1032.61,10.37,29
L3_0.6-2.5-4.0_20_40_40_classic,False,2025-11,385.34,3.9,21
L3_0.6-2.5-4.0_20_40_40_classic,False,2025-12,769.74,6.58,13
L3_0.6-2.5-4.0_20_40_40_classic,False,2026-01,39.81,1.56,23
L3_0.6-2.5-4.0_20_40_40_classic,False,2026-02,192.31,2.19,23
L3_0.6-2.5-4.0_20_40_40_classic,False,2026-03,861.6,6.71,24
L3_0.6-2.5-4.0_20_40_40_classic,False,2026-04,40.39,0.71,25
L3_0.6-2.5-4.0_20_40_40_classic,False,2026-05,1338.75,9.75,20
L3_0.6-2.5-4.0_20_40_40_classic,False,2026-06,396.17,2.81,16
L3_0.6-2.5-4.0_20_40_40_classic,False,2026-07,-71.1,-0.54,21
L3_0.6-2.5-4.0_20_40_40_classic,False,2026-08,702.02,4.78,22
L3_0.6-2.5-4.0_20_40_40_classic,False,2026-09,-17.34,-0.01,3
L3_0.6-2.5-4.0_20_40_40_classic,True,2025-09,364.51,3.71,11
L3_0.6-2.5-4.0_20_40_40_classic,True,2025-10,1032.61,10.37,29
L3_0.6-2.5-4.0_20_40_40_classic,True,2025-11,385.34,3.9,21
L3_0.6-2.5-4.0_20_40_40_classic,True,2025-12,769.74,6.58,13
L3_0.6-2.5-4.0_20_40_40_classic,True,2026-01,39.81,1.56,23
L3_0.6-2.5-4.0_20_40_40_classic,True,2026-02,192.31,2.19,23
L3_0.6-2.5-4.0_20_40_40_classic,True,2026-03,861.6,6.71,24
L3_0.6-2.5-4.0_20_40_40_classic,True,2026-04,40.39,0.71,25
L3_0.6-2.5-4.0_20_40_40_classic,True,2026-05,1338.75,9.75,20
L3_0.6-2.5-4.0_20_40_40_classic,True,2026-06,396.17,2.81,16
L3_0.6-2.5-4.0_20_40_40_classic,True,2026-07,-71.1,-0.54,21
L3_0.6-2.5-4.0_20_40_40_classic,True,2026-08,702.02,4.78,22
L3_0.6-2.5-4.0_20_40_40_classic,True,2026-09,-17.34,-0.01,3
G_0.6-1.2-2.4-4.8_eq_classic,False,2025-09,434.66,4.37,11
G_0.6-1.2-2.4-4.8_eq_classic,False,2025-10,1079.37,10.48,29
G_0.6-1.2-2.4-4.8_eq_classic,False,2025-11,593.87,5.08,21
G_0.6-1.2-2.4-4.8_eq_classic,False,2025-12,642.65,5.56,13
G_0.6-1.2-2.4-4.8_eq_classic,False,2026-01,601.21,7.45,23
G_0.6-1.2-2.4-4.8_eq_classic,False,2026-02,614.53,6.35,23
G_0.6-1.2-2.4-4.8_eq_classic,False,2026-03,1341.03,9.62,24
G_0.6-1.2-2.4-4.8_eq_classic,False,2026-04,171.53,1.1,25
G_0.6-1.2-2.4-4.8_eq_classic,False,2026-05,1432.86,9.11,20
G_0.6-1.2-2.4-4.8_eq_classic,False,2026-06,365.24,2.03,16
G_0.6-1.2-2.4-4.8_eq_classic,False,2026-07,-96.88,-0.64,21
G_0.6-1.2-2.4-4.8_eq_classic,False,2026-08,989.12,5.92,22
G_0.6-1.2-2.4-4.8_eq_classic,False,2026-09,-95.61,-0.44,3
G_0.6-1.2-2.4-4.8_eq_classic,True,2025-09,434.66,4.37,11
G_0.6-1.2-2.4-4.8_eq_classic,True,2025-10,1079.37,10.48,29
G_0.6-1.2-2.4-4.8_eq_classic,True,2025-11,593.87,5.08,21
G_0.6-1.2-2.4-4.8_eq_classic,True,2025-12,642.65,5.56,13
G_0.6-1.2-2.4-4.8_eq_classic,True,2026-01,601.21,7.45,23
G_0.6-1.2-2.4-4.8_eq_classic,True,2026-02,614.53,6.35,23
G_0.6-1.2-2.4-4.8_eq_classic,True,2026-03,1341.03,9.62,24
G_0.6-1.2-2.4-4.8_eq_classic,True,2026-04,171.53,1.1,25
G_0.6-1.2-2.4-4.8_eq_classic,True,2026-05,1432.86,9.11,20
G_0.6-1.2-2.4-4.8_eq_classic,True,2026-06,365.24,2.03,16
G_0.6-1.2-2.4-4.8_eq_classic,True,2026-07,-96.88,-0.64,21
G_0.6-1.2-2.4-4.8_eq_classic,True,2026-08,989.12,5.92,22
G_0.6-1.2-2.4-4.8_eq_classic,True,2026-09,-95.61,-0.44,3
L5_0.5-1.0-2.0-3.0-5.0_10_15_20_25_30_be2,False,2025-09,273.76,3.01,11
L5_0.5-1.0-2.0-3.0-5.0_10_15_20_25_30_be2,False,2025-10,1577.65,15.35,29
L5_0.5-1.0-2.0-3.0-5.0_10_15_20_25_30_be2,False,2025-11,330.35,2.74,21
L5_0.5-1.0-2.0-3.0-5.0_10_15_20_25_30_be2,False,2025-12,747.81,6.37,13
L5_0.5-1.0-2.0-3.0-5.0_10_15_20_25_30_be2,False,2026-01,225.96,3.66,23
L5_0.5-1.0-2.0-3.0-5.0_10_15_20_25_30_be2,False,2026-02,196.32,1.99,23
L5_0.5-1.0-2.0-3.0-5.0_10_15_20_25_30_be2,False,2026-03,1544.6,11.39,24
L5_0.5-1.0-2.0-3.0-5.0_10_15_20_25_30_be2,False,2026-04,316.4,2.51,25
L5_0.5-1.0-2.0-3.0-5.0_10_15_20_25_30_be2,False,2026-05,2537.78,16.33,20
L5_0.5-1.0-2.0-3.0-5.0_10_15_20_25_30_be2,False,2026-06,320.32,1.75,16
L5_0.5-1.0-2.0-3.0-5.0_10_15_20_25_30_be2,False,2026-07,-246.83,-1.47,21
L5_0.5-1.0-2.0-3.0-5.0_10_15_20_25_30_be2,False,2026-08,918.96,5.52,22
L5_0.5-1.0-2.0-3.0-5.0_10_15_20_25_30_be2,False,2026-09,180.03,1.04,3
L5_0.5-1.0-2.0-3.0-5.0_10_15_20_25_30_be2,True,2025-09,273.76,3.01,11
L5_0.5-1.0-2.0-3.0-5.0_10_15_20_25_30_be2,True,2025-10,1577.65,15.35,29
L5_0.5-1.0-2.0-3.0-5.0_10_15_20_25_30_be2,True,2025-11,330.35,2.74,21
L5_0.5-1.0-2.0-3.0-5.0_10_15_20_25_30_be2,True,2025-12,747.81,6.37,13
L5_0.5-1.0-2.0-3.0-5.0_10_15_20_25_30_be2,True,2026-01,225.96,3.66,23
L5_0.5-1.0-2.0-3.0-5.0_10_15_20_25_30_be2,True,2026-02,196.32,1.99,23
L5_0.5-1.0-2.0-3.0-5.0_10_15_20_25_30_be2,True,2026-03,1544.6,11.39,24
L5_0.5-1.0-2.0-3.0-5.0_10_15_20_25_30_be2,True,2026-04,316.4,2.51,25
L5_0.5-1.0-2.0-3.0-5.0_10_15_20_25_30_be2,True,2026-05,2537.78,16.33,20
L5_0.5-1.0-2.0-3.0-5.0_10_15_20_25_30_be2,True,2026-06,320.32,1.75,16
L5_0.5-1.0-2.0-3.0-5.0_10_15_20_25_30_be2,True,2026-07,-246.83,-1.47,21
L5_0.5-1.0-2.0-3.0-5.0_10_15_20_25_30_be2,True,2026-08,918.96,5.52,22
L5_0.5-1.0-2.0-3.0-5.0_10_15_20_25_30_be2,True,2026-09,180.03,1.04,3
