name,trades,d_trades,return_%,max_dd_%,profit_factor,win_%,sl_%,worst_day_%,IS_R,OOS_R,OOS_PF,OOS_win_%,OOS_sl_%,months_pos,hold_loss,hold_oos,filter,overrides
RE_b3_max2,561,213,133.31,-10.56,1.461,66.7,32.8,-5.69,53.4,40.61,1.39,66.6,33.4,11,False,False,M5:max_cost_r=0.08;min_quality=0.55;sessions=asia|london|preny|ny|lclose/M10|M15:min_quality=0.60/M30|H1:min_quality=0.57,"reentry_bars=3,reentry_max=2"
X_CF_m10m15_q0.5+RE_htf_b2+F_m5_cost0.12,547,199,139.72,-8.56,1.518,67.5,32.2,-4.19,51.39,49.85,1.549,68.2,31.8,11,False,False,M5:max_cost_r=0.12;min_quality=0.55;sessions=asia|london|preny|ny|lclose/M10:min_quality=0.6/M15:min_quality=0.6/M30:min_quality=0.57/H1:min_quality=0.57,"CF=M5:max_cost_r=0.08;min_quality=0.55;sessions=asia|london|preny|ny|lclose/M10:min_quality=0.5/M15:min_quality=0.5/M30:min_quality=0.57/H1:min_quality=0.57,reentry_bars=2,reentry_tfs=M10|M15|M30|H1"
X_CF_m10m15_q0.5+RE_htf_b1+F_m5_cost0.12,539,191,155.15,-8.87,1.572,68.3,31.4,-4.02,54.49,51.81,1.592,68.9,31.1,10,False,False,M5:max_cost_r=0.12;min_quality=0.55;sessions=asia|london|preny|ny|lclose/M10:min_quality=0.6/M15:min_quality=0.6/M30:min_quality=0.57/H1:min_quality=0.57,"CF=M5:max_cost_r=0.08;min_quality=0.55;sessions=asia|london|preny|ny|lclose/M10:min_quality=0.5/M15:min_quality=0.5/M30:min_quality=0.57/H1:min_quality=0.57,reentry_bars=1,reentry_tfs=M10|M15|M30|H1"
X_CF_m10m15_q0.5+RE_htf_b2+F_m10_q0.57,537,189,134.62,-7.81,1.519,67.2,32.4,-4.35,48.76,50.22,1.57,68.6,31.4,11,False,False,M5:max_cost_r=0.08;min_quality=0.55;sessions=asia|london|preny|ny|lclose/M10:min_quality=0.57/M15:min_quality=0.6/M30:min_quality=0.57/H1:min_quality=0.57,"CF=M5:max_cost_r=0.08;min_quality=0.55;sessions=asia|london|preny|ny|lclose/M10:min_quality=0.5/M15:min_quality=0.5/M30:min_quality=0.57/H1:min_quality=0.57,reentry_bars=2,reentry_tfs=M10|M15|M30|H1"
X_CF_m10q0.5_m15q0.52+RE_htf_b2+F_m5_cost0.12,535,187,138.98,-8.88,1.535,67.9,31.8,-4.09,52.68,47.77,1.55,68.4,31.6,10,False,False,M5:max_cost_r=0.12;min_quality=0.55;sessions=asia|london|preny|ny|lclose/M10:min_quality=0.6/M15:min_quality=0.6/M30:min_quality=0.57/H1:min_quality=0.57,"CF=M5:max_cost_r=0.08;min_quality=0.55;sessions=asia|london|preny|ny|lclose/M10:min_quality=0.5/M15:min_quality=0.52/M30:min_quality=0.57/H1:min_quality=0.57,reentry_bars=2,reentry_tfs=M10|M15|M30|H1"
X_CF_m10m15_q0.5+RE_htf_b1+F_m10_q0.57,531,183,147.65,-8.85,1.561,68.0,31.6,-4.1,51.26,51.92,1.596,69.3,30.7,11,False,False,M5:max_cost_r=0.08;min_quality=0.55;sessions=asia|london|preny|ny|lclose/M10:min_quality=0.57/M15:min_quality=0.6/M30:min_quality=0.57/H1:min_quality=0.57,"CF=M5:max_cost_r=0.08;min_quality=0.55;sessions=asia|london|preny|ny|lclose/M10:min_quality=0.5/M15:min_quality=0.5/M30:min_quality=0.57/H1:min_quality=0.57,reentry_bars=1,reentry_tfs=M10|M15|M30|H1"
X_CF_m10m15_q0.52+RE_htf_b2+F_m5_cost0.12,528,180,134.42,-8.64,1.531,68.0,31.6,-4.11,52.25,45.82,1.54,68.4,31.6,10,False,False,M5:max_cost_r=0.12;min_quality=0.55;sessions=asia|london|preny|ny|lclose/M10:min_quality=0.6/M15:min_quality=0.6/M30:min_quality=0.57/H1:min_quality=0.57,"CF=M5:max_cost_r=0.08;min_quality=0.55;sessions=asia|london|preny|ny|lclose/M10:min_quality=0.52/M15:min_quality=0.52/M30:min_quality=0.57/H1:min_quality=0.57,reentry_bars=2,reentry_tfs=M10|M15|M30|H1"
X_CF_m10q0.5_m15q0.52+RE_htf_b2+F_m10_q0.57,528,180,131.39,-8.64,1.517,67.6,32.0,-4.11,48.98,46.88,1.545,68.7,31.3,11,False,False,M5:max_cost_r=0.08;min_quality=0.55;sessions=asia|london|preny|ny|lclose/M10:min_quality=0.57/M15:min_quality=0.6/M30:min_quality=0.57/H1:min_quality=0.57,"CF=M5:max_cost_r=0.08;min_quality=0.55;sessions=asia|london|preny|ny|lclose/M10:min_quality=0.5/M15:min_quality=0.52/M30:min_quality=0.57/H1:min_quality=0.57,reentry_bars=2,reentry_tfs=M10|M15|M30|H1"
X_CF_m10q0.5_m15q0.52+RE_htf_b1+F_m5_cost0.12,528,180,160.78,-7.94,1.606,68.9,30.7,-3.51,60.05,49.37,1.593,69.1,30.9,12,False,False,M5:max_cost_r=0.12;min_quality=0.55;sessions=asia|london|preny|ny|lclose/M10:min_quality=0.6/M15:min_quality=0.6/M30:min_quality=0.57/H1:min_quality=0.57,"CF=M5:max_cost_r=0.08;min_quality=0.55;sessions=asia|london|preny|ny|lclose/M10:min_quality=0.5/M15:min_quality=0.52/M30:min_quality=0.57/H1:min_quality=0.57,reentry_bars=1,reentry_tfs=M10|M15|M30|H1"
X_CF_m10m15_q0.5+RE_m10m15_b2+F_m5_cost0.12,526,178,144.09,-9.2,1.554,67.7,31.9,-4.19,51.51,50.11,1.59,68.5,31.5,10,False,False,M5:max_cost_r=0.12;min_quality=0.55;sessions=asia|london|preny|ny|lclose/M10:min_quality=0.6/M15:min_quality=0.6/M30:min_quality=0.57/H1:min_quality=0.57,"CF=M5:max_cost_r=0.08;min_quality=0.55;sessions=asia|london|preny|ny|lclose/M10:min_quality=0.5/M15:min_quality=0.5/M30:min_quality=0.57/H1:min_quality=0.57,reentry_bars=2,reentry_tfs=M10|M15"
RE_b12,525,177,130.87,-8.84,1.495,66.5,33.1,-4.78,51.25,41.06,1.435,65.9,34.1,12,False,False,M5:max_cost_r=0.08;min_quality=0.55;sessions=asia|london|preny|ny|lclose/M10|M15:min_quality=0.60/M30|H1:min_quality=0.57,reentry_bars=12
X_CF_m10m15_q0.52+RE_htf_b2+F_m10_q0.57,522,174,123.98,-8.68,1.499,67.6,32.0,-4.12,48.7,44.04,1.511,68.4,31.6,11,False,False,M5:max_cost_r=0.08;min_quality=0.55;sessions=asia|london|preny|ny|lclose/M10:min_quality=0.57/M15:min_quality=0.6/M30:min_quality=0.57/H1:min_quality=0.57,"CF=M5:max_cost_r=0.08;min_quality=0.55;sessions=asia|london|preny|ny|lclose/M10:min_quality=0.52/M15:min_quality=0.52/M30:min_quality=0.57/H1:min_quality=0.57,reentry_bars=2,reentry_tfs=M10|M15|M30|H1"
X_CF_m10m15_q0.52+RE_htf_b1+F_m5_cost0.12,521,173,153.48,-7.95,1.596,69.1,30.5,-3.33,59.16,47.05,1.574,69.1,30.9,11,False,False,M5:max_cost_r=0.12;min_quality=0.55;sessions=asia|london|preny|ny|lclose/M10:min_quality=0.6/M15:min_quality=0.6/M30:min_quality=0.57/H1:min_quality=0.57,"CF=M5:max_cost_r=0.08;min_quality=0.55;sessions=asia|london|preny|ny|lclose/M10:min_quality=0.52/M15:min_quality=0.52/M30:min_quality=0.57/H1:min_quality=0.57,reentry_bars=1,reentry_tfs=M10|M15|M30|H1"
X_CF_m10q0.5_m15q0.52+RE_htf_b1+F_m10_q0.57,520,172,148.56,-8.81,1.573,68.5,31.2,-3.99,55.26,47.95,1.574,69.3,30.7,10,False,False,M5:max_cost_r=0.08;min_quality=0.55;sessions=asia|london|preny|ny|lclose/M10:min_quality=0.57/M15:min_quality=0.6/M30:min_quality=0.57/H1:min_quality=0.57,"CF=M5:max_cost_r=0.08;min_quality=0.55;sessions=asia|london|preny|ny|lclose/M10:min_quality=0.5/M15:min_quality=0.52/M30:min_quality=0.57/H1:min_quality=0.57,reentry_bars=1,reentry_tfs=M10|M15|M30|H1"
X_CF_m10m15_q0.5+RE_m10m15_b2+F_m10_q0.57,518,170,135.6,-8.78,1.541,67.4,32.2,-4.35,47.31,49.81,1.602,68.8,31.2,11,False,False,M5:max_cost_r=0.08;min_quality=0.55;sessions=asia|london|preny|ny|lclose/M10:min_quality=0.57/M15:min_quality=0.6/M30:min_quality=0.57/H1:min_quality=0.57,"CF=M5:max_cost_r=0.08;min_quality=0.55;sessions=asia|london|preny|ny|lclose/M10:min_quality=0.5/M15:min_quality=0.5/M30:min_quality=0.57/H1:min_quality=0.57,reentry_bars=2,reentry_tfs=M10|M15"
X_CF_m10m15_q0.5+RE_m10m15_b1+F_m5_cost0.12,518,170,160.56,-9.32,1.616,68.5,31.1,-3.99,55.65,52.44,1.647,69.1,30.9,10,False,False,M5:max_cost_r=0.12;min_quality=0.55;sessions=asia|london|preny|ny|lclose/M10:min_quality=0.6/M15:min_quality=0.6/M30:min_quality=0.57/H1:min_quality=0.57,"CF=M5:max_cost_r=0.08;min_quality=0.55;sessions=asia|london|preny|ny|lclose/M10:min_quality=0.5/M15:min_quality=0.5/M30:min_quality=0.57/H1:min_quality=0.57,reentry_bars=1,reentry_tfs=M10|M15"
X_CF_m10q0.5_m15q0.52+RE_m10m15_b2+F_m5_cost0.12,514,166,142.77,-8.91,1.568,68.1,31.5,-4.03,54.3,47.37,1.582,68.7,31.3,10,False,False,M5:max_cost_r=0.12;min_quality=0.55;sessions=asia|london|preny|ny|lclose/M10:min_quality=0.6/M15:min_quality=0.6/M30:min_quality=0.57/H1:min_quality=0.57,"CF=M5:max_cost_r=0.08;min_quality=0.55;sessions=asia|london|preny|ny|lclose/M10:min_quality=0.5/M15:min_quality=0.52/M30:min_quality=0.57/H1:min_quality=0.57,reentry_bars=2,reentry_tfs=M10|M15"
X_CF_m10m15_q0.52+RE_htf_b1+F_m10_q0.57,514,166,145.09,-8.84,1.571,68.5,31.1,-4.0,54.75,47.25,1.564,69.1,30.9,11,False,False,M5:max_cost_r=0.08;min_quality=0.55;sessions=asia|london|preny|ny|lclose/M10:min_quality=0.57/M15:min_quality=0.6/M30:min_quality=0.57/H1:min_quality=0.57,"CF=M5:max_cost_r=0.08;min_quality=0.55;sessions=asia|london|preny|ny|lclose/M10:min_quality=0.52/M15:min_quality=0.52/M30:min_quality=0.57/H1:min_quality=0.57,reentry_bars=1,reentry_tfs=M10|M15|M30|H1"
RE_b6,514,166,139.96,-7.15,1.536,67.3,32.3,-4.41,54.0,44.31,1.473,66.8,33.2,12,False,False,M5:max_cost_r=0.08;min_quality=0.55;sessions=asia|london|preny|ny|lclose/M10|M15:min_quality=0.60/M30|H1:min_quality=0.57,reentry_bars=6
X_CF_m15_q0.52+RE_b1,512,164,138.13,-6.7,1.536,68.2,31.4,-3.66,54.07,43.67,1.477,67.3,32.7,10,False,False,M5:max_cost_r=0.08;min_quality=0.55;sessions=asia|london|preny|ny|lclose/M10|M15:min_quality=0.60/M30|H1:min_quality=0.57,"CF=M5:max_cost_r=0.08;min_quality=0.55;sessions=asia|london|preny|ny|lclose/M10:min_quality=0.6/M15:min_quality=0.52/M30:min_quality=0.57/H1:min_quality=0.57,reentry_bars=1"
X_CF_m10m15_q0.5+RE_m10m15_b1+F_m10_q0.57,510,162,152.71,-9.21,1.599,68.2,31.4,-4.05,53.04,51.62,1.636,69.5,30.5,10,False,False,M5:max_cost_r=0.08;min_quality=0.55;sessions=asia|london|preny|ny|lclose/M10:min_quality=0.57/M15:min_quality=0.6/M30:min_quality=0.57/H1:min_quality=0.57,"CF=M5:max_cost_r=0.08;min_quality=0.55;sessions=asia|london|preny|ny|lclose/M10:min_quality=0.5/M15:min_quality=0.5/M30:min_quality=0.57/H1:min_quality=0.57,reentry_bars=1,reentry_tfs=M10|M15"
RE_b3,509,161,140.44,-7.15,1.53,67.4,32.2,-4.41,56.33,41.2,1.441,66.5,33.5,11,False,False,M5:max_cost_r=0.08;min_quality=0.55;sessions=asia|london|preny|ny|lclose/M10|M15:min_quality=0.60/M30|H1:min_quality=0.57,reentry_bars=3
RE_b3_tpbe,509,161,140.44,-7.15,1.53,67.4,32.2,-4.41,56.33,41.2,1.441,66.5,33.5,11,False,False,M5:max_cost_r=0.08;min_quality=0.55;sessions=asia|london|preny|ny|lclose/M10|M15:min_quality=0.60/M30|H1:min_quality=0.57,"reentry_bars=3,reentry_outcomes=partial_be"
X_CF_m10m15_q0.52+RE_m10m15_b2+F_m5_cost0.12,507,159,138.23,-8.95,1.566,68.2,31.4,-4.06,53.56,46.28,1.574,68.7,31.3,10,False,False,M5:max_cost_r=0.12;min_quality=0.55;sessions=asia|london|preny|ny|lclose/M10:min_quality=0.6/M15:min_quality=0.6/M30:min_quality=0.57/H1:min_quality=0.57,"CF=M5:max_cost_r=0.08;min_quality=0.55;sessions=asia|london|preny|ny|lclose/M10:min_quality=0.52/M15:min_quality=0.52/M30:min_quality=0.57/H1:min_quality=0.57,reentry_bars=2,reentry_tfs=M10|M15"
X_CF_m10q0.5_m15q0.52+RE_m10m15_b2+F_m10_q0.57,507,159,136.02,-8.85,1.55,67.9,31.8,-4.1,51.75,46.0,1.565,68.9,31.1,10,False,False,M5:max_cost_r=0.08;min_quality=0.55;sessions=asia|london|preny|ny|lclose/M10:min_quality=0.57/M15:min_quality=0.6/M30:min_quality=0.57/H1:min_quality=0.57,"CF=M5:max_cost_r=0.08;min_quality=0.55;sessions=asia|london|preny|ny|lclose/M10:min_quality=0.5/M15:min_quality=0.52/M30:min_quality=0.57/H1:min_quality=0.57,reentry_bars=2,reentry_tfs=M10|M15"
X_CF_m10q0.5_m15q0.52+RE_m10m15_b1+F_m5_cost0.12,507,159,166.37,-8.02,1.649,69.2,30.4,-3.52,61.69,49.74,1.634,69.4,30.6,12,False,False,M5:max_cost_r=0.12;min_quality=0.55;sessions=asia|london|preny|ny|lclose/M10:min_quality=0.6/M15:min_quality=0.6/M30:min_quality=0.57/H1:min_quality=0.57,"CF=M5:max_cost_r=0.08;min_quality=0.55;sessions=asia|london|preny|ny|lclose/M10:min_quality=0.5/M15:min_quality=0.52/M30:min_quality=0.57/H1:min_quality=0.57,reentry_bars=1,reentry_tfs=M10|M15"
X_CF_m10m15_q0.5+RE_htf_b2,505,157,146.74,-7.71,1.598,67.9,31.7,-4.29,52.69,50.34,1.622,68.9,31.1,11,False,False,M5:max_cost_r=0.08;min_quality=0.55;sessions=asia|london|preny|ny|lclose/M10|M15:min_quality=0.60/M30|H1:min_quality=0.57,"CF=M5:max_cost_r=0.08;min_quality=0.55;sessions=asia|london|preny|ny|lclose/M10:min_quality=0.5/M15:min_quality=0.5/M30:min_quality=0.57/H1:min_quality=0.57,reentry_bars=2,reentry_tfs=M10|M15|M30|H1"
X_CF_m10m15_q0.52+RE_m10m15_b2+F_m10_q0.57,501,153,131.85,-8.66,1.545,67.9,31.7,-4.12,51.39,44.81,1.553,68.7,31.3,10,False,False,M5:max_cost_r=0.08;min_quality=0.55;sessions=asia|london|preny|ny|lclose/M10:min_quality=0.57/M15:min_quality=0.6/M30:min_quality=0.57/H1:min_quality=0.57,"CF=M5:max_cost_r=0.08;min_quality=0.55;sessions=asia|london|preny|ny|lclose/M10:min_quality=0.52/M15:min_quality=0.52/M30:min_quality=0.57/H1:min_quality=0.57,reentry_bars=2,reentry_tfs=M10|M15"
X_CF_m10q0.5_m15q0.52+RE_m10m15_b1+F_m10_q0.57,500,152,158.61,-8.05,1.631,69.0,30.6,-3.49,59.71,47.59,1.615,69.6,30.4,10,False,False,M5:max_cost_r=0.08;min_quality=0.55;sessions=asia|london|preny|ny|lclose/M10:min_quality=0.57/M15:min_quality=0.6/M30:min_quality=0.57/H1:min_quality=0.57,"CF=M5:max_cost_r=0.08;min_quality=0.55;sessions=asia|london|preny|ny|lclose/M10:min_quality=0.5/M15:min_quality=0.52/M30:min_quality=0.57/H1:min_quality=0.57,reentry_bars=1,reentry_tfs=M10|M15"
X_CF_m10m15_q0.52+RE_m10m15_b1+F_m5_cost0.12,500,152,160.54,-7.88,1.647,69.4,30.2,-3.49,61.15,47.98,1.627,69.4,30.6,12,False,False,M5:max_cost_r=0.12;min_quality=0.55;sessions=asia|london|preny|ny|lclose/M10:min_quality=0.6/M15:min_quality=0.6/M30:min_quality=0.57/H1:min_quality=0.57,"CF=M5:max_cost_r=0.08;min_quality=0.55;sessions=asia|london|preny|ny|lclose/M10:min_quality=0.52/M15:min_quality=0.52/M30:min_quality=0.57/H1:min_quality=0.57,reentry_bars=1,reentry_tfs=M10|M15"
X_CF_m10m15_q0.5+KR_m10m15m30_b3+F_m5_cost0.12,499,151,186.85,-6.28,1.693,70.9,28.7,-3.39,71.37,43.77,1.525,69.5,30.5,12,False,False,M5:max_cost_r=0.12;min_quality=0.55;sessions=asia|london|preny|ny|lclose/M10:min_quality=0.6/M15:min_quality=0.6/M30:min_quality=0.57/H1:min_quality=0.57,"CF=M5:max_cost_r=0.08;min_quality=0.55;sessions=asia|london|preny|ny|lclose/M10:min_quality=0.5/M15:min_quality=0.5/M30:min_quality=0.57/H1:min_quality=0.57,keep_replaced_bars=3,keep_replaced_tfs=M10|M15|M30"
X_CF_m10_q0.5+RE_htf_b2+F_m5_cost0.12,497,149,141.31,-6.96,1.598,68.6,31.0,-4.09,48.84,50.74,1.64,69.4,30.6,12,False,False,M5:max_cost_r=0.12;min_quality=0.55;sessions=asia|london|preny|ny|lclose/M10:min_quality=0.6/M15:min_quality=0.6/M30:min_quality=0.57/H1:min_quality=0.57,"CF=M5:max_cost_r=0.08;min_quality=0.55;sessions=asia|london|preny|ny|lclose/M10:min_quality=0.5/M15:min_quality=0.6/M30:min_quality=0.57/H1:min_quality=0.57,reentry_bars=2,reentry_tfs=M10|M15|M30|H1"
X_CF_m10m15_q0.5+KR_m10m15m30_b3+F_m10_q0.57,497,149,183.09,-6.64,1.672,70.6,29.0,-3.25,69.98,44.46,1.517,69.5,30.5,12,False,False,M5:max_cost_r=0.08;min_quality=0.55;sessions=asia|london|preny|ny|lclose/M10:min_quality=0.57/M15:min_quality=0.6/M30:min_quality=0.57/H1:min_quality=0.57,"CF=M5:max_cost_r=0.08;min_quality=0.55;sessions=asia|london|preny|ny|lclose/M10:min_quality=0.5/M15:min_quality=0.5/M30:min_quality=0.57/H1:min_quality=0.57,keep_replaced_bars=3,keep_replaced_tfs=M10|M15|M30"
X_CF_m10m15_q0.5+RE_htf_b1,497,149,161.28,-8.09,1.653,68.8,30.8,-4.18,57.26,51.85,1.665,69.6,30.4,10,False,False,M5:max_cost_r=0.08;min_quality=0.55;sessions=asia|london|preny|ny|lclose/M10|M15:min_quality=0.60/M30|H1:min_quality=0.57,"CF=M5:max_cost_r=0.08;min_quality=0.55;sessions=asia|london|preny|ny|lclose/M10:min_quality=0.5/M15:min_quality=0.5/M30:min_quality=0.57/H1:min_quality=0.57,reentry_bars=1,reentry_tfs=M10|M15|M30|H1"
X_CF_m15_q0.52+RE_htf_b2+F_m5_cost0.12,494,146,132.92,-7.58,1.562,68.2,31.4,-4.07,48.94,46.97,1.568,68.5,31.5,10,False,False,M5:max_cost_r=0.12;min_quality=0.55;sessions=asia|london|preny|ny|lclose/M10:min_quality=0.6/M15:min_quality=0.6/M30:min_quality=0.57/H1:min_quality=0.57,"CF=M5:max_cost_r=0.08;min_quality=0.55;sessions=asia|london|preny|ny|lclose/M10:min_quality=0.6/M15:min_quality=0.52/M30:min_quality=0.57/H1:min_quality=0.57,reentry_bars=2,reentry_tfs=M10|M15|M30|H1"
X_CF_m10q0.5_m15q0.52+RE_htf_b2,494,146,146.37,-7.97,1.618,68.4,31.2,-4.02,55.29,48.5,1.626,69.2,30.8,11,False,False,M5:max_cost_r=0.08;min_quality=0.55;sessions=asia|london|preny|ny|lclose/M10|M15:min_quality=0.60/M30|H1:min_quality=0.57,"CF=M5:max_cost_r=0.08;min_quality=0.55;sessions=asia|london|preny|ny|lclose/M10:min_quality=0.5/M15:min_quality=0.52/M30:min_quality=0.57/H1:min_quality=0.57,reentry_bars=2,reentry_tfs=M10|M15|M30|H1"
X_CF_m10m15_q0.52+RE_m10m15_b1+F_m10_q0.57,494,146,150.86,-7.88,1.616,69.0,30.6,-3.52,58.91,45.65,1.585,69.4,30.6,10,False,False,M5:max_cost_r=0.08;min_quality=0.55;sessions=asia|london|preny|ny|lclose/M10:min_quality=0.57/M15:min_quality=0.6/M30:min_quality=0.57/H1:min_quality=0.57,"CF=M5:max_cost_r=0.08;min_quality=0.55;sessions=asia|london|preny|ny|lclose/M10:min_quality=0.52/M15:min_quality=0.52/M30:min_quality=0.57/H1:min_quality=0.57,reentry_bars=1,reentry_tfs=M10|M15"
X_CF_m15_q0.52+RE_htf_b2+F_m10_q0.57,492,144,124.47,-6.89,1.531,67.9,31.7,-4.17,45.33,45.48,1.54,68.5,31.5,10,False,False,M5:max_cost_r=0.08;min_quality=0.55;sessions=asia|london|preny|ny|lclose/M10:min_quality=0.57/M15:min_quality=0.6/M30:min_quality=0.57/H1:min_quality=0.57,"CF=M5:max_cost_r=0.08;min_quality=0.55;sessions=asia|london|preny|ny|lclose/M10:min_quality=0.6/M15:min_quality=0.52/M30:min_quality=0.57/H1:min_quality=0.57,reentry_bars=2,reentry_tfs=M10|M15|M30|H1"
RE_b2,492,144,137.12,-6.33,1.54,67.7,31.7,-4.32,54.07,42.47,1.46,67.2,32.8,11,False,False,M5:max_cost_r=0.08;min_quality=0.55;sessions=asia|london|preny|ny|lclose/M10|M15:min_quality=0.60/M30|H1:min_quality=0.57,reentry_bars=2
X_CF_m10_q0.5+RE_htf_b1+F_m5_cost0.12,490,142,151.39,-6.92,1.647,69.4,30.2,-4.1,50.94,53.16,1.676,69.9,30.1,12,False,False,M5:max_cost_r=0.12;min_quality=0.55;sessions=asia|london|preny|ny|lclose/M10:min_quality=0.6/M15:min_quality=0.6/M30:min_quality=0.57/H1:min_quality=0.57,"CF=M5:max_cost_r=0.08;min_quality=0.55;sessions=asia|london|preny|ny|lclose/M10:min_quality=0.5/M15:min_quality=0.6/M30:min_quality=0.57/H1:min_quality=0.57,reentry_bars=1,reentry_tfs=M10|M15|M30|H1"
X_CF_m10m15_q0.5+KR_htf_b2+F_m5_cost0.12,490,142,184.64,-6.28,1.716,71.2,28.4,-3.4,67.49,47.16,1.583,70.5,29.5,12,False,False,M5:max_cost_r=0.12;min_quality=0.55;sessions=asia|london|preny|ny|lclose/M10:min_quality=0.6/M15:min_quality=0.6/M30:min_quality=0.57/H1:min_quality=0.57,"CF=M5:max_cost_r=0.08;min_quality=0.55;sessions=asia|london|preny|ny|lclose/M10:min_quality=0.5/M15:min_quality=0.5/M30:min_quality=0.57/H1:min_quality=0.57,keep_replaced_bars=2,keep_replaced_tfs=M10|M15|M30|H1"
X_CF_m10q0.5_m15q0.52+KR_m10m15m30_b3+F_m5_cost0.12,490,142,192.28,-6.33,1.728,71.6,28.0,-3.37,74.85,42.73,1.535,70.0,30.0,12,False,False,M5:max_cost_r=0.12;min_quality=0.55;sessions=asia|london|preny|ny|lclose/M10:min_quality=0.6/M15:min_quality=0.6/M30:min_quality=0.57/H1:min_quality=0.57,"CF=M5:max_cost_r=0.08;min_quality=0.55;sessions=asia|london|preny|ny|lclose/M10:min_quality=0.5/M15:min_quality=0.52/M30:min_quality=0.57/H1:min_quality=0.57,keep_replaced_bars=3,keep_replaced_tfs=M10|M15|M30"
X_CF_m10q0.5_m15q0.52+KR_m10m15m30_b3+F_m10_q0.57,489,141,189.49,-6.83,1.699,71.4,28.2,-3.02,74.16,42.94,1.508,69.8,30.2,11,False,False,M5:max_cost_r=0.08;min_quality=0.55;sessions=asia|london|preny|ny|lclose/M10:min_quality=0.57/M15:min_quality=0.6/M30:min_quality=0.57/H1:min_quality=0.57,"CF=M5:max_cost_r=0.08;min_quality=0.55;sessions=asia|london|preny|ny|lclose/M10:min_quality=0.5/M15:min_quality=0.52/M30:min_quality=0.57/H1:min_quality=0.57,keep_replaced_bars=3,keep_replaced_tfs=M10|M15|M30"
X_CF_m10_q0.5+RE_htf_b2+F_m10_q0.57,488,140,139.93,-6.95,1.598,68.4,31.1,-4.09,47.79,50.4,1.634,69.6,30.4,12,False,False,M5:max_cost_r=0.08;min_quality=0.55;sessions=asia|london|preny|ny|lclose/M10:min_quality=0.57/M15:min_quality=0.6/M30:min_quality=0.57/H1:min_quality=0.57,"CF=M5:max_cost_r=0.08;min_quality=0.55;sessions=asia|london|preny|ny|lclose/M10:min_quality=0.5/M15:min_quality=0.6/M30:min_quality=0.57/H1:min_quality=0.57,reentry_bars=2,reentry_tfs=M10|M15|M30|H1"
X_CF_m10m15_q0.52+RE_htf_b2,488,140,138.68,-7.91,1.6,68.4,31.1,-4.02,54.88,45.4,1.586,69.0,31.0,11,False,False,M5:max_cost_r=0.08;min_quality=0.55;sessions=asia|london|preny|ny|lclose/M10|M15:min_quality=0.60/M30|H1:min_quality=0.57,"CF=M5:max_cost_r=0.08;min_quality=0.55;sessions=asia|london|preny|ny|lclose/M10:min_quality=0.52/M15:min_quality=0.52/M30:min_quality=0.57/H1:min_quality=0.57,reentry_bars=2,reentry_tfs=M10|M15|M30|H1"
X_CF_m10q0.5_m15q0.52+RE_htf_b1,487,139,164.88,-6.98,1.693,69.6,30.0,-3.52,60.51,49.3,1.667,69.9,30.1,11,False,False,M5:max_cost_r=0.08;min_quality=0.55;sessions=asia|london|preny|ny|lclose/M10|M15:min_quality=0.60/M30|H1:min_quality=0.57,"CF=M5:max_cost_r=0.08;min_quality=0.55;sessions=asia|london|preny|ny|lclose/M10:min_quality=0.5/M15:min_quality=0.52/M30:min_quality=0.57/H1:min_quality=0.57,reentry_bars=1,reentry_tfs=M10|M15|M30|H1"
X_CF_m15_q0.52+RE_htf_b1+F_m5_cost0.12,487,139,147.81,-7.21,1.623,69.0,30.6,-4.05,51.75,49.32,1.621,69.0,31.0,10,False,False,M5:max_cost_r=0.12;min_quality=0.55;sessions=asia|london|preny|ny|lclose/M10:min_quality=0.6/M15:min_quality=0.6/M30:min_quality=0.57/H1:min_quality=0.57,"CF=M5:max_cost_r=0.08;min_quality=0.55;sessions=asia|london|preny|ny|lclose/M10:min_quality=0.6/M15:min_quality=0.52/M30:min_quality=0.57/H1:min_quality=0.57,reentry_bars=1,reentry_tfs=M10|M15|M30|H1"
X_CF_m10m15_q0.52+KR_m10m15m30_b3+F_m5_cost0.12,485,137,179.83,-6.78,1.712,71.8,27.8,-3.6,72.13,41.06,1.52,70.1,29.9,12,False,False,M5:max_cost_r=0.12;min_quality=0.55;sessions=asia|london|preny|ny|lclose/M10:min_quality=0.6/M15:min_quality=0.6/M30:min_quality=0.57/H1:min_quality=0.57,"CF=M5:max_cost_r=0.08;min_quality=0.55;sessions=asia|london|preny|ny|lclose/M10:min_quality=0.52/M15:min_quality=0.52/M30:min_quality=0.57/H1:min_quality=0.57,keep_replaced_bars=3,keep_replaced_tfs=M10|M15|M30"
X_CF_m10m15_q0.52+KR_m10m15m30_b3+F_m10_q0.57,485,137,176.03,-6.72,1.672,71.1,28.5,-2.94,70.77,41.14,1.488,69.6,30.4,11,False,False,M5:max_cost_r=0.08;min_quality=0.55;sessions=asia|london|preny|ny|lclose/M10:min_quality=0.57/M15:min_quality=0.6/M30:min_quality=0.57/H1:min_quality=0.57,"CF=M5:max_cost_r=0.08;min_quality=0.55;sessions=asia|london|preny|ny|lclose/M10:min_quality=0.52/M15:min_quality=0.52/M30:min_quality=0.57/H1:min_quality=0.57,keep_replaced_bars=3,keep_replaced_tfs=M10|M15|M30"
X_CF_m15_q0.52+RE_htf_b1+F_m10_q0.57,485,137,139.96,-6.95,1.593,68.7,30.9,-4.1,49.76,47.53,1.588,68.9,31.1,10,False,False,M5:max_cost_r=0.08;min_quality=0.55;sessions=asia|london|preny|ny|lclose/M10:min_quality=0.57/M15:min_quality=0.6/M30:min_quality=0.57/H1:min_quality=0.57,"CF=M5:max_cost_r=0.08;min_quality=0.55;sessions=asia|london|preny|ny|lclose/M10:min_quality=0.6/M15:min_quality=0.52/M30:min_quality=0.57/H1:min_quality=0.57,reentry_bars=1,reentry_tfs=M10|M15|M30|H1"
X_CF_m10m15_q0.5+KR_htf_b2+F_m10_q0.57,485,137,181.58,-5.69,1.716,71.1,28.5,-3.25,65.4,49.34,1.608,70.9,29.1,12,False,False,M5:max_cost_r=0.08;min_quality=0.55;sessions=asia|london|preny|ny|lclose/M10:min_quality=0.57/M15:min_quality=0.6/M30:min_quality=0.57/H1:min_quality=0.57,"CF=M5:max_cost_r=0.08;min_quality=0.55;sessions=asia|london|preny|ny|lclose/M10:min_quality=0.5/M15:min_quality=0.5/M30:min_quality=0.57/H1:min_quality=0.57,keep_replaced_bars=2,keep_replaced_tfs=M10|M15|M30|H1"
X_CF_m10m15_q0.5+RE_m10m15_b2,484,136,148.65,-8.25,1.631,68.2,31.4,-4.29,54.06,50.19,1.652,69.1,30.9,10,False,False,M5:max_cost_r=0.08;min_quality=0.55;sessions=asia|london|preny|ny|lclose/M10|M15:min_quality=0.60/M30|H1:min_quality=0.57,"CF=M5:max_cost_r=0.08;min_quality=0.55;sessions=asia|london|preny|ny|lclose/M10:min_quality=0.5/M15:min_quality=0.5/M30:min_quality=0.57/H1:min_quality=0.57,reentry_bars=2,reentry_tfs=M10|M15"
X_CF_m10m15_q0.52+RE_htf_b1,481,133,157.27,-6.98,1.677,69.6,29.9,-3.5,59.65,48.03,1.636,69.7,30.3,11,False,False,M5:max_cost_r=0.08;min_quality=0.55;sessions=asia|london|preny|ny|lclose/M10|M15:min_quality=0.60/M30|H1:min_quality=0.57,"CF=M5:max_cost_r=0.08;min_quality=0.55;sessions=asia|london|preny|ny|lclose/M10:min_quality=0.52/M15:min_quality=0.52/M30:min_quality=0.57/H1:min_quality=0.57,reentry_bars=1,reentry_tfs=M10|M15|M30|H1"
X_CF_m10_q0.5+RE_htf_b1+F_m10_q0.57,481,133,150.46,-7.14,1.64,69.2,30.4,-4.02,52.64,49.62,1.638,70.0,30.0,11,False,False,M5:max_cost_r=0.08;min_quality=0.55;sessions=asia|london|preny|ny|lclose/M10:min_quality=0.57/M15:min_quality=0.6/M30:min_quality=0.57/H1:min_quality=0.57,"CF=M5:max_cost_r=0.08;min_quality=0.55;sessions=asia|london|preny|ny|lclose/M10:min_quality=0.5/M15:min_quality=0.6/M30:min_quality=0.57/H1:min_quality=0.57,reentry_bars=1,reentry_tfs=M10|M15|M30|H1"
RE_b1,481,133,141.14,-5.81,1.592,68.6,31.0,-3.7,51.15,44.71,1.535,67.7,32.3,12,False,False,M5:max_cost_r=0.08;min_quality=0.55;sessions=asia|london|preny|ny|lclose/M10|M15:min_quality=0.60/M30|H1:min_quality=0.57,reentry_bars=1
X_CF_m10q0.5_m15q0.52+KR_htf_b2+F_m5_cost0.12,480,132,187.18,-6.19,1.75,71.9,27.7,-3.39,70.6,45.4,1.589,70.9,29.1,12,False,False,M5:max_cost_r=0.12;min_quality=0.55;sessions=asia|london|preny|ny|lclose/M10:min_quality=0.6/M15:min_quality=0.6/M30:min_quality=0.57/H1:min_quality=0.57,"CF=M5:max_cost_r=0.08;min_quality=0.55;sessions=asia|london|preny|ny|lclose/M10:min_quality=0.5/M15:min_quality=0.52/M30:min_quality=0.57/H1:min_quality=0.57,keep_replaced_bars=2,keep_replaced_tfs=M10|M15|M30|H1"
X_CF_m10m15_q0.5+RE_m10m15_b1,477,129,173.26,-7.58,1.723,69.4,30.2,-3.5,61.79,52.36,1.716,69.9,30.1,10,False,False,M5:max_cost_r=0.08;min_quality=0.55;sessions=asia|london|preny|ny|lclose/M10|M15:min_quality=0.60/M30|H1:min_quality=0.57,"CF=M5:max_cost_r=0.08;min_quality=0.55;sessions=asia|london|preny|ny|lclose/M10:min_quality=0.5/M15:min_quality=0.5/M30:min_quality=0.57/H1:min_quality=0.57,reentry_bars=1,reentry_tfs=M10|M15"
X_CF_m10_q0.5+RE_m10m15_b2+F_m5_cost0.12,477,129,147.09,-6.9,1.649,69.0,30.6,-4.04,50.37,52.0,1.698,69.9,30.1,12,False,False,M5:max_cost_r=0.12;min_quality=0.55;sessions=asia|london|preny|ny|lclose/M10:min_quality=0.6/M15:min_quality=0.6/M30:min_quality=0.57/H1:min_quality=0.57,"CF=M5:max_cost_r=0.08;min_quality=0.55;sessions=asia|london|preny|ny|lclose/M10:min_quality=0.5/M15:min_quality=0.6/M30:min_quality=0.57/H1:min_quality=0.57,reentry_bars=2,reentry_tfs=M10|M15"
X_CF_m10m15_q0.5+KR_m10m15_b2+F_m5_cost0.12,477,129,186.58,-6.28,1.751,70.9,28.7,-3.65,66.75,48.29,1.634,70.3,29.7,12,False,False,M5:max_cost_r=0.12;min_quality=0.55;sessions=asia|london|preny|ny|lclose/M10:min_quality=0.6/M15:min_quality=0.6/M30:min_quality=0.57/H1:min_quality=0.57,"CF=M5:max_cost_r=0.08;min_quality=0.55;sessions=asia|london|preny|ny|lclose/M10:min_quality=0.5/M15:min_quality=0.5/M30:min_quality=0.57/H1:min_quality=0.57,keep_replaced_bars=2,keep_replaced_tfs=M10|M15"
X_CF_m10q0.5_m15q0.52+KR_htf_b2+F_m10_q0.57,476,128,189.82,-5.8,1.752,71.8,27.7,-2.92,69.96,47.03,1.603,71.1,28.9,12,False,False,M5:max_cost_r=0.08;min_quality=0.55;sessions=asia|london|preny|ny|lclose/M10:min_quality=0.57/M15:min_quality=0.6/M30:min_quality=0.57/H1:min_quality=0.57,"CF=M5:max_cost_r=0.08;min_quality=0.55;sessions=asia|london|preny|ny|lclose/M10:min_quality=0.5/M15:min_quality=0.52/M30:min_quality=0.57/H1:min_quality=0.57,keep_replaced_bars=2,keep_replaced_tfs=M10|M15|M30|H1"
X_CF_m10m15_q0.52+KR_htf_b2+F_m5_cost0.12,474,126,185.55,-6.19,1.762,72.2,27.4,-3.61,69.42,45.63,1.6,71.0,29.0,12,False,False,M5:max_cost_r=0.12;min_quality=0.55;sessions=asia|london|preny|ny|lclose/M10:min_quality=0.6/M15:min_quality=0.6/M30:min_quality=0.57/H1:min_quality=0.57,"CF=M5:max_cost_r=0.08;min_quality=0.55;sessions=asia|london|preny|ny|lclose/M10:min_quality=0.52/M15:min_quality=0.52/M30:min_quality=0.57/H1:min_quality=0.57,keep_replaced_bars=2,keep_replaced_tfs=M10|M15|M30|H1"
X_CF_m10q0.5_m15q0.52+RE_m10m15_b2,474,126,157.3,-7.01,1.681,69.0,30.6,-3.4,59.18,48.23,1.67,69.5,30.5,11,False,False,M5:max_cost_r=0.08;min_quality=0.55;sessions=asia|london|preny|ny|lclose/M10|M15:min_quality=0.60/M30|H1:min_quality=0.57,"CF=M5:max_cost_r=0.08;min_quality=0.55;sessions=asia|london|preny|ny|lclose/M10:min_quality=0.5/M15:min_quality=0.52/M30:min_quality=0.57/H1:min_quality=0.57,reentry_bars=2,reentry_tfs=M10|M15"
X_CF_m10m15_q0.5+KR_htf_b1+F_m5_cost0.12,473,125,189.93,-6.29,1.788,71.7,27.9,-3.39,66.55,50.41,1.684,71.4,28.6,12,False,False,M5:max_cost_r=0.12;min_quality=0.55;sessions=asia|london|preny|ny|lclose/M10:min_quality=0.6/M15:min_quality=0.6/M30:min_quality=0.57/H1:min_quality=0.57,"CF=M5:max_cost_r=0.08;min_quality=0.55;sessions=asia|london|preny|ny|lclose/M10:min_quality=0.5/M15:min_quality=0.5/M30:min_quality=0.57/H1:min_quality=0.57,keep_replaced_bars=1,keep_replaced_tfs=M10|M15|M30|H1"
X_CF_m15_q0.52+RE_m10m15_b2+F_m5_cost0.12,472,124,136.21,-7.58,1.602,68.4,31.1,-4.04,50.09,47.63,1.614,68.8,31.2,10,False,False,M5:max_cost_r=0.12;min_quality=0.55;sessions=asia|london|preny|ny|lclose/M10:min_quality=0.6/M15:min_quality=0.6/M30:min_quality=0.57/H1:min_quality=0.57,"CF=M5:max_cost_r=0.08;min_quality=0.55;sessions=asia|london|preny|ny|lclose/M10:min_quality=0.6/M15:min_quality=0.52/M30:min_quality=0.57/H1:min_quality=0.57,reentry_bars=2,reentry_tfs=M10|M15"
X_CF_m10m15_q0.5+KR_m10m15_b2+F_m10_q0.57,472,124,179.94,-5.6,1.745,70.8,28.8,-3.26,68.42,49.09,1.658,70.7,29.3,12,False,False,M5:max_cost_r=0.08;min_quality=0.55;sessions=asia|london|preny|ny|lclose/M10:min_quality=0.57/M15:min_quality=0.6/M30:min_quality=0.57/H1:min_quality=0.57,"CF=M5:max_cost_r=0.08;min_quality=0.55;sessions=asia|london|preny|ny|lclose/M10:min_quality=0.5/M15:min_quality=0.5/M30:min_quality=0.57/H1:min_quality=0.57,keep_replaced_bars=2,keep_replaced_tfs=M10|M15"
X_CF_m10m15_q0.52+KR_htf_b2+F_m10_q0.57,471,123,177.9,-5.71,1.728,71.8,27.8,-3.0,67.95,45.11,1.576,71.0,29.0,12,False,False,M5:max_cost_r=0.08;min_quality=0.55;sessions=asia|london|preny|ny|lclose/M10:min_quality=0.57/M15:min_quality=0.6/M30:min_quality=0.57/H1:min_quality=0.57,"CF=M5:max_cost_r=0.08;min_quality=0.55;sessions=asia|london|preny|ny|lclose/M10:min_quality=0.52/M15:min_quality=0.52/M30:min_quality=0.57/H1:min_quality=0.57,keep_replaced_bars=2,keep_replaced_tfs=M10|M15|M30|H1"
X_CF_m10_q0.5+RE_m10m15_b1+F_m5_cost0.12,470,122,162.5,-7.16,1.709,69.8,29.8,-3.97,54.12,53.13,1.733,70.3,29.7,12,False,False,M5:max_cost_r=0.12;min_quality=0.55;sessions=asia|london|preny|ny|lclose/M10:min_quality=0.6/M15:min_quality=0.6/M30:min_quality=0.57/H1:min_quality=0.57,"CF=M5:max_cost_r=0.08;min_quality=0.55;sessions=asia|london|preny|ny|lclose/M10:min_quality=0.5/M15:min_quality=0.6/M30:min_quality=0.57/H1:min_quality=0.57,reentry_bars=1,reentry_tfs=M10|M15"
X_CF_m15_q0.52+RE_m10m15_b2+F_m10_q0.57,470,122,131.55,-6.98,1.582,68.1,31.5,-4.09,46.69,46.63,1.597,68.8,31.2,10,False,False,M5:max_cost_r=0.08;min_quality=0.55;sessions=asia|london|preny|ny|lclose/M10:min_quality=0.57/M15:min_quality=0.6/M30:min_quality=0.57/H1:min_quality=0.57,"CF=M5:max_cost_r=0.08;min_quality=0.55;sessions=asia|london|preny|ny|lclose/M10:min_quality=0.6/M15:min_quality=0.52/M30:min_quality=0.57/H1:min_quality=0.57,reentry_bars=2,reentry_tfs=M10|M15"
X_CF_m10_q0.5+RE_m10m15_b2+F_m10_q0.57,468,120,143.3,-6.86,1.64,68.8,30.8,-4.04,49.27,50.59,1.673,70.0,30.0,12,False,False,M5:max_cost_r=0.08;min_quality=0.55;sessions=asia|london|preny|ny|lclose/M10:min_quality=0.57/M15:min_quality=0.6/M30:min_quality=0.57/H1:min_quality=0.57,"CF=M5:max_cost_r=0.08;min_quality=0.55;sessions=asia|london|preny|ny|lclose/M10:min_quality=0.5/M15:min_quality=0.6/M30:min_quality=0.57/H1:min_quality=0.57,reentry_bars=2,reentry_tfs=M10|M15"
X_CF_m10m15_q0.5+KR_htf_b1+F_m10_q0.57,468,120,191.54,-5.36,1.803,71.6,28.0,-3.25,68.69,52.99,1.724,71.9,28.1,12,False,True,M5:max_cost_r=0.08;min_quality=0.55;sessions=asia|london|preny|ny|lclose/M10:min_quality=0.57/M15:min_quality=0.6/M30:min_quality=0.57/H1:min_quality=0.57,"CF=M5:max_cost_r=0.08;min_quality=0.55;sessions=asia|london|preny|ny|lclose/M10:min_quality=0.5/M15:min_quality=0.5/M30:min_quality=0.57/H1:min_quality=0.57,keep_replaced_bars=1,keep_replaced_tfs=M10|M15|M30|H1"
X_CF_m10m15_q0.52+RE_m10m15_b2,468,120,150.66,-8.05,1.671,69.0,30.6,-4.16,57.98,47.41,1.656,69.2,30.8,11,False,False,M5:max_cost_r=0.08;min_quality=0.55;sessions=asia|london|preny|ny|lclose/M10|M15:min_quality=0.60/M30|H1:min_quality=0.57,"CF=M5:max_cost_r=0.08;min_quality=0.55;sessions=asia|london|preny|ny|lclose/M10:min_quality=0.52/M15:min_quality=0.52/M30:min_quality=0.57/H1:min_quality=0.57,reentry_bars=2,reentry_tfs=M10|M15"
X_CF_m10q0.5_m15q0.52+KR_m10m15_b2+F_m5_cost0.12,467,119,188.18,-6.19,1.783,71.5,28.1,-3.58,70.01,45.72,1.632,70.7,29.3,12,False,False,M5:max_cost_r=0.12;min_quality=0.55;sessions=asia|london|preny|ny|lclose/M10:min_quality=0.6/M15:min_quality=0.6/M30:min_quality=0.57/H1:min_quality=0.57,"CF=M5:max_cost_r=0.08;min_quality=0.55;sessions=asia|london|preny|ny|lclose/M10:min_quality=0.5/M15:min_quality=0.52/M30:min_quality=0.57/H1:min_quality=0.57,keep_replaced_bars=2,keep_replaced_tfs=M10|M15"
X_CF_m10q0.5_m15q0.52+RE_m10m15_b1,466,118,168.42,-7.03,1.735,70.0,29.6,-3.48,62.92,48.78,1.697,70.3,29.7,11,False,False,M5:max_cost_r=0.08;min_quality=0.55;sessions=asia|london|preny|ny|lclose/M10|M15:min_quality=0.60/M30|H1:min_quality=0.57,"CF=M5:max_cost_r=0.08;min_quality=0.55;sessions=asia|london|preny|ny|lclose/M10:min_quality=0.5/M15:min_quality=0.52/M30:min_quality=0.57/H1:min_quality=0.57,reentry_bars=1,reentry_tfs=M10|M15"
X_CF_m15_q0.52+RE_m10m15_b1+F_m5_cost0.12,465,117,152.04,-7.11,1.665,69.2,30.3,-4.0,53.1,49.7,1.66,69.2,30.8,10,False,False,M5:max_cost_r=0.12;min_quality=0.55;sessions=asia|london|preny|ny|lclose/M10:min_quality=0.6/M15:min_quality=0.6/M30:min_quality=0.57/H1:min_quality=0.57,"CF=M5:max_cost_r=0.08;min_quality=0.55;sessions=asia|london|preny|ny|lclose/M10:min_quality=0.6/M15:min_quality=0.52/M30:min_quality=0.57/H1:min_quality=0.57,reentry_bars=1,reentry_tfs=M10|M15"
X_CF_m10m15_q0.5+KR_m10m15_b1+F_m5_cost0.12,464,116,186.7,-6.29,1.785,71.1,28.4,-3.64,65.9,49.82,1.682,70.9,29.1,12,False,False,M5:max_cost_r=0.12;min_quality=0.55;sessions=asia|london|preny|ny|lclose/M10:min_quality=0.6/M15:min_quality=0.6/M30:min_quality=0.57/H1:min_quality=0.57,"CF=M5:max_cost_r=0.08;min_quality=0.55;sessions=asia|london|preny|ny|lclose/M10:min_quality=0.5/M15:min_quality=0.5/M30:min_quality=0.57/H1:min_quality=0.57,keep_replaced_bars=1,keep_replaced_tfs=M10|M15"
X_CF_m10q0.5_m15q0.52+KR_htf_b1+F_m5_cost0.12,463,115,199.93,-6.25,1.843,72.4,27.2,-3.43,70.36,49.56,1.71,71.8,28.2,12,False,False,M5:max_cost_r=0.12;min_quality=0.55;sessions=asia|london|preny|ny|lclose/M10:min_quality=0.6/M15:min_quality=0.6/M30:min_quality=0.57/H1:min_quality=0.57,"CF=M5:max_cost_r=0.08;min_quality=0.55;sessions=asia|london|preny|ny|lclose/M10:min_quality=0.5/M15:min_quality=0.52/M30:min_quality=0.57/H1:min_quality=0.57,keep_replaced_bars=1,keep_replaced_tfs=M10|M15|M30|H1"
X_CF_m15_q0.52+RE_m10m15_b1+F_m10_q0.57,463,115,147.92,-7.11,1.646,68.9,30.7,-4.04,51.43,48.84,1.643,69.2,30.8,10,False,False,M5:max_cost_r=0.08;min_quality=0.55;sessions=asia|london|preny|ny|lclose/M10:min_quality=0.57/M15:min_quality=0.6/M30:min_quality=0.57/H1:min_quality=0.57,"CF=M5:max_cost_r=0.08;min_quality=0.55;sessions=asia|london|preny|ny|lclose/M10:min_quality=0.6/M15:min_quality=0.52/M30:min_quality=0.57/H1:min_quality=0.57,reentry_bars=1,reentry_tfs=M10|M15"
X_CF_m10q0.5_m15q0.52+KR_m10m15_b2+F_m10_q0.57,463,115,182.81,-6.24,1.761,71.5,28.1,-2.99,69.32,45.36,1.615,71.0,29.0,12,False,False,M5:max_cost_r=0.08;min_quality=0.55;sessions=asia|london|preny|ny|lclose/M10:min_quality=0.57/M15:min_quality=0.6/M30:min_quality=0.57/H1:min_quality=0.57,"CF=M5:max_cost_r=0.08;min_quality=0.55;sessions=asia|london|preny|ny|lclose/M10:min_quality=0.5/M15:min_quality=0.52/M30:min_quality=0.57/H1:min_quality=0.57,keep_replaced_bars=2,keep_replaced_tfs=M10|M15"
X_CF_m10m15_q0.52+KR_m10m15_b2+F_m5_cost0.12,462,114,188.06,-6.19,1.798,71.9,27.7,-3.67,69.38,47.11,1.65,70.9,29.1,12,False,False,M5:max_cost_r=0.12;min_quality=0.55;sessions=asia|london|preny|ny|lclose/M10:min_quality=0.6/M15:min_quality=0.6/M30:min_quality=0.57/H1:min_quality=0.57,"CF=M5:max_cost_r=0.08;min_quality=0.55;sessions=asia|london|preny|ny|lclose/M10:min_quality=0.52/M15:min_quality=0.52/M30:min_quality=0.57/H1:min_quality=0.57,keep_replaced_bars=2,keep_replaced_tfs=M10|M15"
X_CF_m10m15_q0.52+RE_m10m15_b1,460,112,161.72,-6.9,1.727,70.0,29.6,-3.51,61.74,47.57,1.681,70.0,30.0,11,False,False,M5:max_cost_r=0.08;min_quality=0.55;sessions=asia|london|preny|ny|lclose/M10|M15:min_quality=0.60/M30|H1:min_quality=0.57,"CF=M5:max_cost_r=0.08;min_quality=0.55;sessions=asia|london|preny|ny|lclose/M10:min_quality=0.52/M15:min_quality=0.52/M30:min_quality=0.57/H1:min_quality=0.57,reentry_bars=1,reentry_tfs=M10|M15"
X_CF_m10m15_q0.5+KR_m10m15_b1+F_m10_q0.57,459,111,186.39,-5.46,1.796,71.0,28.5,-3.26,67.69,51.78,1.719,71.4,28.6,12,False,True,M5:max_cost_r=0.08;min_quality=0.55;sessions=asia|london|preny|ny|lclose/M10:min_quality=0.57/M15:min_quality=0.6/M30:min_quality=0.57/H1:min_quality=0.57,"CF=M5:max_cost_r=0.08;min_quality=0.55;sessions=asia|london|preny|ny|lclose/M10:min_quality=0.5/M15:min_quality=0.5/M30:min_quality=0.57/H1:min_quality=0.57,keep_replaced_bars=1,keep_replaced_tfs=M10|M15"
X_CF_m10m15_q0.5+KR_m10m15m30_b3,459,111,200.29,-6.24,1.818,71.9,27.7,-3.27,73.89,45.24,1.612,70.0,30.0,12,False,False,M5:max_cost_r=0.08;min_quality=0.55;sessions=asia|london|preny|ny|lclose/M10|M15:min_quality=0.60/M30|H1:min_quality=0.57,"CF=M5:max_cost_r=0.08;min_quality=0.55;sessions=asia|london|preny|ny|lclose/M10:min_quality=0.5/M15:min_quality=0.5/M30:min_quality=0.57/H1:min_quality=0.57,keep_replaced_bars=3,keep_replaced_tfs=M10|M15|M30"
X_CF_m10m15_q0.52+KR_m10m15_b2+F_m10_q0.57,459,111,181.88,-6.25,1.767,71.5,28.1,-2.98,67.84,46.48,1.629,70.8,29.2,12,False,False,M5:max_cost_r=0.08;min_quality=0.55;sessions=asia|london|preny|ny|lclose/M10:min_quality=0.57/M15:min_quality=0.6/M30:min_quality=0.57/H1:min_quality=0.57,"CF=M5:max_cost_r=0.08;min_quality=0.55;sessions=asia|london|preny|ny|lclose/M10:min_quality=0.52/M15:min_quality=0.52/M30:min_quality=0.57/H1:min_quality=0.57,keep_replaced_bars=2,keep_replaced_tfs=M10|M15"
X_CF_m10_q0.5+RE_m10m15_b1+F_m10_q0.57,459,111,160.7,-6.48,1.712,69.7,29.8,-4.31,55.29,50.83,1.711,70.5,29.5,11,False,False,M5:max_cost_r=0.08;min_quality=0.55;sessions=asia|london|preny|ny|lclose/M10:min_quality=0.57/M15:min_quality=0.6/M30:min_quality=0.57/H1:min_quality=0.57,"CF=M5:max_cost_r=0.08;min_quality=0.55;sessions=asia|london|preny|ny|lclose/M10:min_quality=0.5/M15:min_quality=0.6/M30:min_quality=0.57/H1:min_quality=0.57,reentry_bars=1,reentry_tfs=M10|M15"
X_CF_m15_q0.52+RE_htf_b2,459,111,136.25,-6.65,1.633,68.6,30.9,-4.13,49.54,47.17,1.634,69.1,30.9,10,False,False,M5:max_cost_r=0.08;min_quality=0.55;sessions=asia|london|preny|ny|lclose/M10|M15:min_quality=0.60/M30|H1:min_quality=0.57,"CF=M5:max_cost_r=0.08;min_quality=0.55;sessions=asia|london|preny|ny|lclose/M10:min_quality=0.6/M15:min_quality=0.52/M30:min_quality=0.57/H1:min_quality=0.57,reentry_bars=2,reentry_tfs=M10|M15|M30|H1"
X_CF_m10q0.5_m15q0.52+KR_htf_b1+F_m10_q0.57,459,111,193.79,-5.48,1.83,72.3,27.2,-2.96,69.42,49.37,1.697,72.2,27.8,12,False,True,M5:max_cost_r=0.08;min_quality=0.55;sessions=asia|london|preny|ny|lclose/M10:min_quality=0.57/M15:min_quality=0.6/M30:min_quality=0.57/H1:min_quality=0.57,"CF=M5:max_cost_r=0.08;min_quality=0.55;sessions=asia|london|preny|ny|lclose/M10:min_quality=0.5/M15:min_quality=0.52/M30:min_quality=0.57/H1:min_quality=0.57,keep_replaced_bars=1,keep_replaced_tfs=M10|M15|M30|H1"
X_CF_m15_q0.52+KR_m10m15m30_b3+F_m10_q0.57,458,110,160.74,-7.44,1.675,71.0,28.6,-3.07,64.62,41.41,1.508,69.4,30.6,11,False,False,M5:max_cost_r=0.08;min_quality=0.55;sessions=asia|london|preny|ny|lclose/M10:min_quality=0.57/M15:min_quality=0.6/M30:min_quality=0.57/H1:min_quality=0.57,"CF=M5:max_cost_r=0.08;min_quality=0.55;sessions=asia|london|preny|ny|lclose/M10:min_quality=0.6/M15:min_quality=0.52/M30:min_quality=0.57/H1:min_quality=0.57,keep_replaced_bars=3,keep_replaced_tfs=M10|M15|M30"
X_CF_m10m15_q0.52+KR_htf_b1+F_m5_cost0.12,458,110,190.19,-6.25,1.83,72.5,27.1,-3.61,68.7,48.46,1.696,72.0,28.0,12,False,False,M5:max_cost_r=0.12;min_quality=0.55;sessions=asia|london|preny|ny|lclose/M10:min_quality=0.6/M15:min_quality=0.6/M30:min_quality=0.57/H1:min_quality=0.57,"CF=M5:max_cost_r=0.08;min_quality=0.55;sessions=asia|london|preny|ny|lclose/M10:min_quality=0.52/M15:min_quality=0.52/M30:min_quality=0.57/H1:min_quality=0.57,keep_replaced_bars=1,keep_replaced_tfs=M10|M15|M30|H1"
X_CF_m10_q0.5+RE_htf_b2,458,110,151.47,-6.54,1.691,69.2,30.3,-4.04,52.63,50.88,1.699,70.0,30.0,11,False,False,M5:max_cost_r=0.08;min_quality=0.55;sessions=asia|london|preny|ny|lclose/M10|M15:min_quality=0.60/M30|H1:min_quality=0.57,"CF=M5:max_cost_r=0.08;min_quality=0.55;sessions=asia|london|preny|ny|lclose/M10:min_quality=0.5/M15:min_quality=0.6/M30:min_quality=0.57/H1:min_quality=0.57,reentry_bars=2,reentry_tfs=M10|M15|M30|H1"
KR_b6,457,109,134.4,-8.35,1.602,70.2,29.3,-3.42,54.99,39.43,1.474,69.3,30.7,12,False,False,M5:max_cost_r=0.08;min_quality=0.55;sessions=asia|london|preny|ny|lclose/M10|M15:min_quality=0.60/M30|H1:min_quality=0.57,keep_replaced_bars=6
X_CF_m10_q0.5+KR_m10m15m30_b3+F_m5_cost0.12,456,108,159.54,-6.54,1.716,71.7,27.9,-3.55,64.06,42.24,1.567,70.7,29.3,12,False,False,M5:max_cost_r=0.12;min_quality=0.55;sessions=asia|london|preny|ny|lclose/M10:min_quality=0.6/M15:min_quality=0.6/M30:min_quality=0.57/H1:min_quality=0.57,"CF=M5:max_cost_r=0.08;min_quality=0.55;sessions=asia|london|preny|ny|lclose/M10:min_quality=0.5/M15:min_quality=0.6/M30:min_quality=0.57/H1:min_quality=0.57,keep_replaced_bars=3,keep_replaced_tfs=M10|M15|M30"
X_CF_m15_q0.52+KR_m10m15m30_b3+F_m5_cost0.12,455,107,166.47,-6.11,1.727,71.6,27.9,-3.51,66.18,41.51,1.548,69.9,30.1,12,False,False,M5:max_cost_r=0.12;min_quality=0.55;sessions=asia|london|preny|ny|lclose/M10:min_quality=0.6/M15:min_quality=0.6/M30:min_quality=0.57/H1:min_quality=0.57,"CF=M5:max_cost_r=0.08;min_quality=0.55;sessions=asia|london|preny|ny|lclose/M10:min_quality=0.6/M15:min_quality=0.52/M30:min_quality=0.57/H1:min_quality=0.57,keep_replaced_bars=3,keep_replaced_tfs=M10|M15|M30"
X_CF_m10q0.5_m15q0.52+KR_m10m15_b1+F_m5_cost0.12,454,106,190.08,-6.25,1.817,71.8,27.8,-3.63,69.74,47.11,1.671,71.3,28.7,12,False,False,M5:max_cost_r=0.12;min_quality=0.55;sessions=asia|london|preny|ny|lclose/M10:min_quality=0.6/M15:min_quality=0.6/M30:min_quality=0.57/H1:min_quality=0.57,"CF=M5:max_cost_r=0.08;min_quality=0.55;sessions=asia|london|preny|ny|lclose/M10:min_quality=0.5/M15:min_quality=0.52/M30:min_quality=0.57/H1:min_quality=0.57,keep_replaced_bars=1,keep_replaced_tfs=M10|M15"
X_CF_m10m15_q0.52+KR_htf_b1+F_m10_q0.57,454,106,185.31,-5.23,1.813,72.2,27.3,-2.99,67.35,47.72,1.675,72.0,28.0,12,False,False,M5:max_cost_r=0.08;min_quality=0.55;sessions=asia|london|preny|ny|lclose/M10:min_quality=0.57/M15:min_quality=0.6/M30:min_quality=0.57/H1:min_quality=0.57,"CF=M5:max_cost_r=0.08;min_quality=0.55;sessions=asia|london|preny|ny|lclose/M10:min_quality=0.52/M15:min_quality=0.52/M30:min_quality=0.57/H1:min_quality=0.57,keep_replaced_bars=1,keep_replaced_tfs=M10|M15|M30|H1"
X_CF_m10_q0.5+KR_m10m15m30_b3+F_m10_q0.57,452,104,163.04,-6.36,1.716,71.7,27.9,-2.81,66.69,41.95,1.553,70.7,29.3,12,False,False,M5:max_cost_r=0.08;min_quality=0.55;sessions=asia|london|preny|ny|lclose/M10:min_quality=0.57/M15:min_quality=0.6/M30:min_quality=0.57/H1:min_quality=0.57,"CF=M5:max_cost_r=0.08;min_quality=0.55;sessions=asia|london|preny|ny|lclose/M10:min_quality=0.5/M15:min_quality=0.6/M30:min_quality=0.57/H1:min_quality=0.57,keep_replaced_bars=3,keep_replaced_tfs=M10|M15|M30"
X_CF_m15_q0.52+RE_htf_b1,452,104,152.53,-6.28,1.702,69.5,30.1,-3.98,53.56,49.74,1.685,69.5,30.5,11,False,False,M5:max_cost_r=0.08;min_quality=0.55;sessions=asia|london|preny|ny|lclose/M10|M15:min_quality=0.60/M30|H1:min_quality=0.57,"CF=M5:max_cost_r=0.08;min_quality=0.55;sessions=asia|london|preny|ny|lclose/M10:min_quality=0.6/M15:min_quality=0.52/M30:min_quality=0.57/H1:min_quality=0.57,reentry_bars=1,reentry_tfs=M10|M15|M30|H1"
X_CF_m10q0.5_m15q0.52+KR_m10m15m30_b3,451,103,205.05,-6.18,1.864,72.7,26.8,-3.03,77.05,44.17,1.622,70.6,29.4,12,False,False,M5:max_cost_r=0.08;min_quality=0.55;sessions=asia|london|preny|ny|lclose/M10|M15:min_quality=0.60/M30|H1:min_quality=0.57,"CF=M5:max_cost_r=0.08;min_quality=0.55;sessions=asia|london|preny|ny|lclose/M10:min_quality=0.5/M15:min_quality=0.52/M30:min_quality=0.57/H1:min_quality=0.57,keep_replaced_bars=3,keep_replaced_tfs=M10|M15|M30"
X_CF_m10_q0.5+RE_htf_b1,451,103,157.61,-6.42,1.735,70.1,29.5,-4.2,54.71,51.33,1.729,70.5,29.5,12,False,False,M5:max_cost_r=0.08;min_quality=0.55;sessions=asia|london|preny|ny|lclose/M10|M15:min_quality=0.60/M30|H1:min_quality=0.57,"CF=M5:max_cost_r=0.08;min_quality=0.55;sessions=asia|london|preny|ny|lclose/M10:min_quality=0.5/M15:min_quality=0.6/M30:min_quality=0.57/H1:min_quality=0.57,reentry_bars=1,reentry_tfs=M10|M15|M30|H1"
X_CF_m10m15_q0.5+KR_htf_b2,450,102,191.45,-6.39,1.829,72.2,27.3,-3.27,69.47,48.38,1.65,71.0,29.0,12,False,False,M5:max_cost_r=0.08;min_quality=0.55;sessions=asia|london|preny|ny|lclose/M10|M15:min_quality=0.60/M30|H1:min_quality=0.57,"CF=M5:max_cost_r=0.08;min_quality=0.55;sessions=asia|london|preny|ny|lclose/M10:min_quality=0.5/M15:min_quality=0.5/M30:min_quality=0.57/H1:min_quality=0.57,keep_replaced_bars=2,keep_replaced_tfs=M10|M15|M30|H1"
X_CF_m10q0.5_m15q0.52+KR_m10m15_b1+F_m10_q0.57,450,102,186.97,-5.26,1.817,71.8,27.8,-2.99,68.64,47.62,1.679,71.7,28.3,12,False,False,M5:max_cost_r=0.08;min_quality=0.55;sessions=asia|london|preny|ny|lclose/M10:min_quality=0.57/M15:min_quality=0.6/M30:min_quality=0.57/H1:min_quality=0.57,"CF=M5:max_cost_r=0.08;min_quality=0.55;sessions=asia|london|preny|ny|lclose/M10:min_quality=0.5/M15:min_quality=0.52/M30:min_quality=0.57/H1:min_quality=0.57,keep_replaced_bars=1,keep_replaced_tfs=M10|M15"
X_CF_m10m15_q0.52+KR_m10m15_b1+F_m5_cost0.12,450,102,189.54,-6.25,1.835,72.0,27.6,-3.65,68.57,48.56,1.703,71.5,28.5,12,False,False,M5:max_cost_r=0.12;min_quality=0.55;sessions=asia|london|preny|ny|lclose/M10:min_quality=0.6/M15:min_quality=0.6/M30:min_quality=0.57/H1:min_quality=0.57,"CF=M5:max_cost_r=0.08;min_quality=0.55;sessions=asia|london|preny|ny|lclose/M10:min_quality=0.52/M15:min_quality=0.52/M30:min_quality=0.57/H1:min_quality=0.57,keep_replaced_bars=1,keep_replaced_tfs=M10|M15"
X_CF_m10m15_q0.52+KR_m10m15m30_b3,447,99,184.19,-7.07,1.801,72.5,27.1,-2.92,73.62,41.24,1.558,70.5,29.5,11,False,False,M5:max_cost_r=0.08;min_quality=0.55;sessions=asia|london|preny|ny|lclose/M10|M15:min_quality=0.60/M30|H1:min_quality=0.57,"CF=M5:max_cost_r=0.08;min_quality=0.55;sessions=asia|london|preny|ny|lclose/M10:min_quality=0.52/M15:min_quality=0.52/M30:min_quality=0.57/H1:min_quality=0.57,keep_replaced_bars=3,keep_replaced_tfs=M10|M15|M30"
KR_b3,447,99,128.2,-8.94,1.587,70.0,29.5,-3.48,55.64,35.82,1.435,68.6,31.4,12,False,False,M5:max_cost_r=0.08;min_quality=0.55;sessions=asia|london|preny|ny|lclose/M10|M15:min_quality=0.60/M30|H1:min_quality=0.57,keep_replaced_bars=3
X_CF_m10_q0.5+KR_htf_b2+F_m5_cost0.12,447,99,158.17,-6.52,1.738,71.8,27.7,-3.54,60.1,45.35,1.624,71.2,28.8,12,False,False,M5:max_cost_r=0.12;min_quality=0.55;sessions=asia|london|preny|ny|lclose/M10:min_quality=0.6/M15:min_quality=0.6/M30:min_quality=0.57/H1:min_quality=0.57,"CF=M5:max_cost_r=0.08;min_quality=0.55;sessions=asia|london|preny|ny|lclose/M10:min_quality=0.5/M15:min_quality=0.6/M30:min_quality=0.57/H1:min_quality=0.57,keep_replaced_bars=2,keep_replaced_tfs=M10|M15|M30|H1"
X_CF_m15_q0.52+KR_htf_b2+F_m5_cost0.12,446,98,172.97,-6.23,1.772,72.0,27.6,-3.63,65.05,44.93,1.616,70.8,29.2,12,False,False,M5:max_cost_r=0.12;min_quality=0.55;sessions=asia|london|preny|ny|lclose/M10:min_quality=0.6/M15:min_quality=0.6/M30:min_quality=0.57/H1:min_quality=0.57,"CF=M5:max_cost_r=0.08;min_quality=0.55;sessions=asia|london|preny|ny|lclose/M10:min_quality=0.6/M15:min_quality=0.52/M30:min_quality=0.57/H1:min_quality=0.57,keep_replaced_bars=2,keep_replaced_tfs=M10|M15|M30|H1"
X_CF_m10m15_q0.52+KR_m10m15_b1+F_m10_q0.57,446,98,184.04,-5.3,1.817,71.7,27.8,-2.98,66.57,48.26,1.687,71.6,28.4,12,False,True,M5:max_cost_r=0.08;min_quality=0.55;sessions=asia|london|preny|ny|lclose/M10:min_quality=0.57/M15:min_quality=0.6/M30:min_quality=0.57/H1:min_quality=0.57,"CF=M5:max_cost_r=0.08;min_quality=0.55;sessions=asia|london|preny|ny|lclose/M10:min_quality=0.52/M15:min_quality=0.52/M30:min_quality=0.57/H1:min_quality=0.57,keep_replaced_bars=1,keep_replaced_tfs=M10|M15"
X_CF_m15_q0.52+KR_htf_b2+F_m10_q0.57,446,98,168.25,-5.73,1.739,71.5,28.0,-3.07,63.66,44.92,1.592,70.8,29.2,12,False,False,M5:max_cost_r=0.08;min_quality=0.55;sessions=asia|london|preny|ny|lclose/M10:min_quality=0.57/M15:min_quality=0.6/M30:min_quality=0.57/H1:min_quality=0.57,"CF=M5:max_cost_r=0.08;min_quality=0.55;sessions=asia|london|preny|ny|lclose/M10:min_quality=0.6/M15:min_quality=0.52/M30:min_quality=0.57/H1:min_quality=0.57,keep_replaced_bars=2,keep_replaced_tfs=M10|M15|M30|H1"
X_CF_m10m15_q0.5+F_m5_cost0.12,444,96,163.17,-6.28,1.711,70.3,29.3,-3.22,68.23,43.0,1.577,69.2,30.8,12,False,False,M5:max_cost_r=0.12;min_quality=0.55;sessions=asia|london|preny|ny|lclose/M10:min_quality=0.6/M15:min_quality=0.6/M30:min_quality=0.57/H1:min_quality=0.57,CF=M5:max_cost_r=0.08;min_quality=0.55;sessions=asia|london|preny|ny|lclose/M10:min_quality=0.5/M15:min_quality=0.5/M30:min_quality=0.57/H1:min_quality=0.57
X_CF_m10q0.5_m15q0.52+KR_htf_b2,441,93,203.03,-6.35,1.894,73.0,26.5,-2.94,73.69,47.12,1.684,71.6,28.4,12,False,False,M5:max_cost_r=0.08;min_quality=0.55;sessions=asia|london|preny|ny|lclose/M10|M15:min_quality=0.60/M30|H1:min_quality=0.57,"CF=M5:max_cost_r=0.08;min_quality=0.55;sessions=asia|london|preny|ny|lclose/M10:min_quality=0.5/M15:min_quality=0.52/M30:min_quality=0.57/H1:min_quality=0.57,keep_replaced_bars=2,keep_replaced_tfs=M10|M15|M30|H1"
X_CF_m10_q0.5+KR_htf_b2+F_m10_q0.57,440,92,164.51,-5.36,1.763,72.0,27.5,-2.61,63.27,45.81,1.638,71.7,28.3,12,False,False,M5:max_cost_r=0.08;min_quality=0.55;sessions=asia|london|preny|ny|lclose/M10:min_quality=0.57/M15:min_quality=0.6/M30:min_quality=0.57/H1:min_quality=0.57,"CF=M5:max_cost_r=0.08;min_quality=0.55;sessions=asia|london|preny|ny|lclose/M10:min_quality=0.5/M15:min_quality=0.6/M30:min_quality=0.57/H1:min_quality=0.57,keep_replaced_bars=2,keep_replaced_tfs=M10|M15|M30|H1"
RE_htf_b6,439,91,148.89,-6.75,1.723,69.0,30.5,-4.43,49.48,52.14,1.736,69.6,30.4,11,False,False,M5:max_cost_r=0.08;min_quality=0.55;sessions=asia|london|preny|ny|lclose/M10|M15:min_quality=0.60/M30|H1:min_quality=0.57,"reentry_bars=6,reentry_tfs=M10|M15|M30|H1"
X_CF_m10_q0.5+RE_m10m15_b2,438,90,156.67,-6.17,1.75,69.6,29.9,-3.98,54.65,50.8,1.759,70.5,29.5,11,False,False,M5:max_cost_r=0.08;min_quality=0.55;sessions=asia|london|preny|ny|lclose/M10|M15:min_quality=0.60/M30|H1:min_quality=0.57,"CF=M5:max_cost_r=0.08;min_quality=0.55;sessions=asia|london|preny|ny|lclose/M10:min_quality=0.5/M15:min_quality=0.6/M30:min_quality=0.57/H1:min_quality=0.57,reentry_bars=2,reentry_tfs=M10|M15"
X_CF_m10m15_q0.5+KR_m10m15_b2,437,89,188.47,-6.39,1.853,71.9,27.7,-3.17,68.64,47.89,1.682,70.9,29.1,12,False,False,M5:max_cost_r=0.08;min_quality=0.55;sessions=asia|london|preny|ny|lclose/M10|M15:min_quality=0.60/M30|H1:min_quality=0.57,"CF=M5:max_cost_r=0.08;min_quality=0.55;sessions=asia|london|preny|ny|lclose/M10:min_quality=0.5/M15:min_quality=0.5/M30:min_quality=0.57/H1:min_quality=0.57,keep_replaced_bars=2,keep_replaced_tfs=M10|M15"
X_CF_m15_q0.52+RE_m10m15_b2,437,89,140.06,-6.65,1.68,68.9,30.7,-4.1,50.38,48.19,1.685,69.4,30.6,10,False,False,M5:max_cost_r=0.08;min_quality=0.55;sessions=asia|london|preny|ny|lclose/M10|M15:min_quality=0.60/M30|H1:min_quality=0.57,"CF=M5:max_cost_r=0.08;min_quality=0.55;sessions=asia|london|preny|ny|lclose/M10:min_quality=0.6/M15:min_quality=0.52/M30:min_quality=0.57/H1:min_quality=0.57,reentry_bars=2,reentry_tfs=M10|M15"
X_CF_m10_q0.5+KR_m10m15_b2+F_m5_cost0.12,437,89,157.52,-5.75,1.756,71.4,28.1,-3.59,58.79,46.14,1.66,71.1,28.9,12,False,False,M5:max_cost_r=0.12;min_quality=0.55;sessions=asia|london|preny|ny|lclose/M10:min_quality=0.6/M15:min_quality=0.6/M30:min_quality=0.57/H1:min_quality=0.57,"CF=M5:max_cost_r=0.08;min_quality=0.55;sessions=asia|london|preny|ny|lclose/M10:min_quality=0.5/M15:min_quality=0.6/M30:min_quality=0.57/H1:min_quality=0.57,keep_replaced_bars=2,keep_replaced_tfs=M10|M15"
X_CF_m10m15_q0.52+KR_htf_b2,436,88,185.98,-6.35,1.854,72.9,26.6,-3.0,70.55,44.78,1.639,71.4,28.6,12,False,False,M5:max_cost_r=0.08;min_quality=0.55;sessions=asia|london|preny|ny|lclose/M10|M15:min_quality=0.60/M30|H1:min_quality=0.57,"CF=M5:max_cost_r=0.08;min_quality=0.55;sessions=asia|london|preny|ny|lclose/M10:min_quality=0.52/M15:min_quality=0.52/M30:min_quality=0.57/H1:min_quality=0.57,keep_replaced_bars=2,keep_replaced_tfs=M10|M15|M30|H1"
X_CF_m15_q0.52+KR_m10m15_b2+F_m10_q0.57,435,87,173.18,-5.61,1.788,71.3,28.3,-3.08,63.4,46.29,1.658,70.7,29.3,12,False,False,M5:max_cost_r=0.08;min_quality=0.55;sessions=asia|london|preny|ny|lclose/M10:min_quality=0.57/M15:min_quality=0.6/M30:min_quality=0.57/H1:min_quality=0.57,"CF=M5:max_cost_r=0.08;min_quality=0.55;sessions=asia|london|preny|ny|lclose/M10:min_quality=0.6/M15:min_quality=0.52/M30:min_quality=0.57/H1:min_quality=0.57,keep_replaced_bars=2,keep_replaced_tfs=M10|M15"
RE_htf_b3,435,87,146.35,-6.75,1.718,69.0,30.6,-4.43,48.81,51.06,1.736,69.6,30.4,11,False,False,M5:max_cost_r=0.08;min_quality=0.55;sessions=asia|london|preny|ny|lclose/M10|M15:min_quality=0.60/M30|H1:min_quality=0.57,"reentry_bars=3,reentry_tfs=M10|M15|M30|H1"
X_CF_m15_q0.52+KR_m10m15_b2+F_m5_cost0.12,435,87,175.33,-6.25,1.812,71.7,27.8,-3.58,64.74,46.16,1.666,70.8,29.2,12,False,False,M5:max_cost_r=0.12;min_quality=0.55;sessions=asia|london|preny|ny|lclose/M10:min_quality=0.6/M15:min_quality=0.6/M30:min_quality=0.57/H1:min_quality=0.57,"CF=M5:max_cost_r=0.08;min_quality=0.55;sessions=asia|london|preny|ny|lclose/M10:min_quality=0.6/M15:min_quality=0.52/M30:min_quality=0.57/H1:min_quality=0.57,keep_replaced_bars=2,keep_replaced_tfs=M10|M15"
X_CF_m10q0.5_m15q0.52+F_m5_cost0.12,434,86,167.71,-5.37,1.745,70.7,28.8,-3.03,67.42,40.94,1.573,69.6,30.4,12,False,False,M5:max_cost_r=0.12;min_quality=0.55;sessions=asia|london|preny|ny|lclose/M10:min_quality=0.6/M15:min_quality=0.6/M30:min_quality=0.57/H1:min_quality=0.57,CF=M5:max_cost_r=0.08;min_quality=0.55;sessions=asia|london|preny|ny|lclose/M10:min_quality=0.5/M15:min_quality=0.52/M30:min_quality=0.57/H1:min_quality=0.57
X_CF_m10_q0.5+KR_htf_b1+F_m5_cost0.12,434,86,169.98,-5.75,1.828,72.4,27.2,-3.68,61.03,49.35,1.739,72.2,27.8,12,False,True,M5:max_cost_r=0.12;min_quality=0.55;sessions=asia|london|preny|ny|lclose/M10:min_quality=0.6/M15:min_quality=0.6/M30:min_quality=0.57/H1:min_quality=0.57,"CF=M5:max_cost_r=0.08;min_quality=0.55;sessions=asia|london|preny|ny|lclose/M10:min_quality=0.5/M15:min_quality=0.6/M30:min_quality=0.57/H1:min_quality=0.57,keep_replaced_bars=1,keep_replaced_tfs=M10|M15|M30|H1"
X_CF_m10m15_q0.5+KR_htf_b1,434,86,196.59,-6.38,1.912,72.6,27.0,-3.27,67.72,51.61,1.77,72.0,28.0,12,False,False,M5:max_cost_r=0.08;min_quality=0.55;sessions=asia|london|preny|ny|lclose/M10|M15:min_quality=0.60/M30|H1:min_quality=0.57,"CF=M5:max_cost_r=0.08;min_quality=0.55;sessions=asia|london|preny|ny|lclose/M10:min_quality=0.5/M15:min_quality=0.5/M30:min_quality=0.57/H1:min_quality=0.57,keep_replaced_bars=1,keep_replaced_tfs=M10|M15|M30|H1"
X_CF_m10_q0.5+RE_m10m15_b1,431,83,169.18,-5.79,1.817,70.5,29.0,-3.12,58.11,51.91,1.799,71.0,29.0,13,False,True,M5:max_cost_r=0.08;min_quality=0.55;sessions=asia|london|preny|ny|lclose/M10|M15:min_quality=0.60/M30|H1:min_quality=0.57,"CF=M5:max_cost_r=0.08;min_quality=0.55;sessions=asia|london|preny|ny|lclose/M10:min_quality=0.5/M15:min_quality=0.6/M30:min_quality=0.57/H1:min_quality=0.57,reentry_bars=1,reentry_tfs=M10|M15"
X_CF_m10m15_q0.5+F_m10_q0.57,431,83,163.49,-5.74,1.751,70.3,29.2,-3.26,64.5,45.55,1.646,70.3,29.7,12,False,False,M5:max_cost_r=0.08;min_quality=0.55;sessions=asia|london|preny|ny|lclose/M10:min_quality=0.57/M15:min_quality=0.6/M30:min_quality=0.57/H1:min_quality=0.57,CF=M5:max_cost_r=0.08;min_quality=0.55;sessions=asia|london|preny|ny|lclose/M10:min_quality=0.5/M15:min_quality=0.5/M30:min_quality=0.57/H1:min_quality=0.57
X_CF_m15_q0.52+KR_htf_b1+F_m5_cost0.12,431,83,172.61,-6.28,1.822,72.2,27.4,-3.58,63.45,46.39,1.687,71.5,28.5,12,False,False,M5:max_cost_r=0.12;min_quality=0.55;sessions=asia|london|preny|ny|lclose/M10:min_quality=0.6/M15:min_quality=0.6/M30:min_quality=0.57/H1:min_quality=0.57,"CF=M5:max_cost_r=0.08;min_quality=0.55;sessions=asia|london|preny|ny|lclose/M10:min_quality=0.6/M15:min_quality=0.52/M30:min_quality=0.57/H1:min_quality=0.57,keep_replaced_bars=1,keep_replaced_tfs=M10|M15|M30|H1"
KR_b2,431,83,127.46,-8.89,1.63,70.3,29.2,-3.49,51.21,40.16,1.526,69.5,30.5,12,False,False,M5:max_cost_r=0.08;min_quality=0.55;sessions=asia|london|preny|ny|lclose/M10|M15:min_quality=0.60/M30|H1:min_quality=0.57,keep_replaced_bars=2
X_CF_m10_q0.5+KR_m10m15_b2+F_m10_q0.57,430,82,164.47,-5.06,1.783,71.6,27.9,-2.5,62.67,46.17,1.665,71.5,28.5,12,False,False,M5:max_cost_r=0.08;min_quality=0.55;sessions=asia|london|preny|ny|lclose/M10:min_quality=0.57/M15:min_quality=0.6/M30:min_quality=0.57/H1:min_quality=0.57,"CF=M5:max_cost_r=0.08;min_quality=0.55;sessions=asia|london|preny|ny|lclose/M10:min_quality=0.5/M15:min_quality=0.6/M30:min_quality=0.57/H1:min_quality=0.57,keep_replaced_bars=2,keep_replaced_tfs=M10|M15"
X_CF_m15_q0.52+RE_m10m15_b1,430,82,156.85,-6.37,1.758,69.8,29.8,-4.18,55.18,50.06,1.746,69.9,30.1,10,False,False,M5:max_cost_r=0.08;min_quality=0.55;sessions=asia|london|preny|ny|lclose/M10|M15:min_quality=0.60/M30|H1:min_quality=0.57,"CF=M5:max_cost_r=0.08;min_quality=0.55;sessions=asia|london|preny|ny|lclose/M10:min_quality=0.6/M15:min_quality=0.52/M30:min_quality=0.57/H1:min_quality=0.57,reentry_bars=1,reentry_tfs=M10|M15"
X_CF_m15_q0.52+KR_htf_b1+F_m10_q0.57,430,82,172.11,-5.32,1.806,71.9,27.7,-3.07,62.51,47.31,1.679,71.6,28.4,12,False,False,M5:max_cost_r=0.08;min_quality=0.55;sessions=asia|london|preny|ny|lclose/M10:min_quality=0.57/M15:min_quality=0.6/M30:min_quality=0.57/H1:min_quality=0.57,"CF=M5:max_cost_r=0.08;min_quality=0.55;sessions=asia|london|preny|ny|lclose/M10:min_quality=0.6/M15:min_quality=0.52/M30:min_quality=0.57/H1:min_quality=0.57,keep_replaced_bars=1,keep_replaced_tfs=M10|M15|M30|H1"
X_CF_m10m15_q0.52+F_m5_cost0.12,429,81,166.01,-5.37,1.756,70.9,28.7,-3.07,65.63,41.32,1.591,69.8,30.2,11,False,False,M5:max_cost_r=0.12;min_quality=0.55;sessions=asia|london|preny|ny|lclose/M10:min_quality=0.6/M15:min_quality=0.6/M30:min_quality=0.57/H1:min_quality=0.57,CF=M5:max_cost_r=0.08;min_quality=0.55;sessions=asia|london|preny|ny|lclose/M10:min_quality=0.52/M15:min_quality=0.52/M30:min_quality=0.57/H1:min_quality=0.57
X_CF_m10q0.5_m15q0.52+KR_m10m15_b2,428,80,192.13,-6.5,1.896,72.7,26.9,-2.99,72.14,45.47,1.69,71.4,28.6,12,False,False,M5:max_cost_r=0.08;min_quality=0.55;sessions=asia|london|preny|ny|lclose/M10|M15:min_quality=0.60/M30|H1:min_quality=0.57,"CF=M5:max_cost_r=0.08;min_quality=0.55;sessions=asia|london|preny|ny|lclose/M10:min_quality=0.5/M15:min_quality=0.52/M30:min_quality=0.57/H1:min_quality=0.57,keep_replaced_bars=2,keep_replaced_tfs=M10|M15"
X_CF_m10_q0.5+KR_m10m15_b1+F_m5_cost0.12,428,80,166.03,-5.75,1.809,71.7,27.8,-3.52,60.31,48.22,1.714,71.6,28.4,12,False,True,M5:max_cost_r=0.12;min_quality=0.55;sessions=asia|london|preny|ny|lclose/M10:min_quality=0.6/M15:min_quality=0.6/M30:min_quality=0.57/H1:min_quality=0.57,"CF=M5:max_cost_r=0.08;min_quality=0.55;sessions=asia|london|preny|ny|lclose/M10:min_quality=0.5/M15:min_quality=0.6/M30:min_quality=0.57/H1:min_quality=0.57,keep_replaced_bars=1,keep_replaced_tfs=M10|M15"
CF_htf_off,427,79,151.89,-7.34,1.691,70.3,29.3,-3.17,65.51,39.38,1.51,69.0,31.0,11,False,False,M5:max_cost_r=0.08;min_quality=0.55;sessions=asia|london|preny|ny|lclose/M10|M15:min_quality=0.60/M30|H1:min_quality=0.57,CF=M5:max_cost_r=0.08;min_quality=0.55;sessions=asia|london|preny|ny|lclose
CF_htf_q0.5,427,79,151.89,-7.34,1.691,70.3,29.3,-3.17,65.51,39.38,1.51,69.0,31.0,11,False,False,M5:max_cost_r=0.08;min_quality=0.55;sessions=asia|london|preny|ny|lclose/M10|M15:min_quality=0.60/M30|H1:min_quality=0.57,CF=M5:max_cost_r=0.08;min_quality=0.55;sessions=asia|london|preny|ny|lclose/M10:min_quality=0.5/M15:min_quality=0.5/M30:min_quality=0.5/H1:min_quality=0.5
X_CF_m10_q0.5+KR_htf_b1+F_m10_q0.57,427,79,179.51,-5.28,1.874,72.6,26.9,-2.65,64.07,50.66,1.777,72.8,27.2,12,True,True,M5:max_cost_r=0.08;min_quality=0.55;sessions=asia|london|preny|ny|lclose/M10:min_quality=0.57/M15:min_quality=0.6/M30:min_quality=0.57/H1:min_quality=0.57,"CF=M5:max_cost_r=0.08;min_quality=0.55;sessions=asia|london|preny|ny|lclose/M10:min_quality=0.5/M15:min_quality=0.6/M30:min_quality=0.57/H1:min_quality=0.57,keep_replaced_bars=1,keep_replaced_tfs=M10|M15|M30|H1"
RE_htf_b2,427,79,140.5,-5.75,1.71,69.3,30.2,-4.07,46.89,50.26,1.724,70.0,30.0,11,False,True,M5:max_cost_r=0.08;min_quality=0.55;sessions=asia|london|preny|ny|lclose/M10|M15:min_quality=0.60/M30|H1:min_quality=0.57,"reentry_bars=2,reentry_tfs=M10|M15|M30|H1"
X_CF_m10m15_q0.5+KR_m10m15_b1,425,77,193.09,-6.38,1.912,72.0,27.5,-3.17,67.01,50.08,1.771,71.5,28.5,12,False,False,M5:max_cost_r=0.08;min_quality=0.55;sessions=asia|london|preny|ny|lclose/M10|M15:min_quality=0.60/M30|H1:min_quality=0.57,"CF=M5:max_cost_r=0.08;min_quality=0.55;sessions=asia|london|preny|ny|lclose/M10:min_quality=0.5/M15:min_quality=0.5/M30:min_quality=0.57/H1:min_quality=0.57,keep_replaced_bars=1,keep_replaced_tfs=M10|M15"
X_CF_m10q0.5_m15q0.52+KR_htf_b1,425,77,198.37,-6.39,1.959,73.4,26.1,-2.99,71.1,48.41,1.776,72.6,27.4,12,False,False,M5:max_cost_r=0.08;min_quality=0.55;sessions=asia|london|preny|ny|lclose/M10|M15:min_quality=0.60/M30|H1:min_quality=0.57,"CF=M5:max_cost_r=0.08;min_quality=0.55;sessions=asia|london|preny|ny|lclose/M10:min_quality=0.5/M15:min_quality=0.52/M30:min_quality=0.57/H1:min_quality=0.57,keep_replaced_bars=1,keep_replaced_tfs=M10|M15|M30|H1"
X_CF_m10m15_q0.52+KR_m10m15_b2,424,76,188.85,-6.5,1.898,72.6,26.9,-3.0,70.14,46.23,1.695,71.3,28.7,12,False,False,M5:max_cost_r=0.08;min_quality=0.55;sessions=asia|london|preny|ny|lclose/M10|M15:min_quality=0.60/M30|H1:min_quality=0.57,"CF=M5:max_cost_r=0.08;min_quality=0.55;sessions=asia|london|preny|ny|lclose/M10:min_quality=0.52/M15:min_quality=0.52/M30:min_quality=0.57/H1:min_quality=0.57,keep_replaced_bars=2,keep_replaced_tfs=M10|M15"
X_CF_m15_q0.52+KR_m10m15_b1+F_m5_cost0.12,424,76,170.91,-6.29,1.823,71.7,27.8,-3.51,62.99,46.49,1.692,71.1,28.9,12,False,False,M5:max_cost_r=0.12;min_quality=0.55;sessions=asia|london|preny|ny|lclose/M10:min_quality=0.6/M15:min_quality=0.6/M30:min_quality=0.57/H1:min_quality=0.57,"CF=M5:max_cost_r=0.08;min_quality=0.55;sessions=asia|london|preny|ny|lclose/M10:min_quality=0.6/M15:min_quality=0.52/M30:min_quality=0.57/H1:min_quality=0.57,keep_replaced_bars=1,keep_replaced_tfs=M10|M15"
X_CF_m15_q0.52+KR_m10m15_b1+F_m10_q0.57,423,75,173.6,-5.33,1.82,71.4,28.1,-3.07,62.45,46.99,1.69,71.2,28.8,12,False,True,M5:max_cost_r=0.08;min_quality=0.55;sessions=asia|london|preny|ny|lclose/M10:min_quality=0.57/M15:min_quality=0.6/M30:min_quality=0.57/H1:min_quality=0.57,"CF=M5:max_cost_r=0.08;min_quality=0.55;sessions=asia|london|preny|ny|lclose/M10:min_quality=0.6/M15:min_quality=0.52/M30:min_quality=0.57/H1:min_quality=0.57,keep_replaced_bars=1,keep_replaced_tfs=M10|M15"
RE_m10m15_b2_max2,422,74,154.32,-6.31,1.77,69.9,29.6,-4.07,49.59,53.03,1.782,70.8,29.2,11,False,False,M5:max_cost_r=0.08;min_quality=0.55;sessions=asia|london|preny|ny|lclose/M10|M15:min_quality=0.60/M30|H1:min_quality=0.57,"reentry_bars=2,reentry_max=2,reentry_tfs=M10|M15"
X_CF_m10q0.5_m15q0.52+F_m10_q0.57,422,74,157.46,-5.7,1.754,70.9,28.7,-2.93,67.55,41.03,1.612,70.6,29.4,12,False,False,M5:max_cost_r=0.08;min_quality=0.55;sessions=asia|london|preny|ny|lclose/M10:min_quality=0.57/M15:min_quality=0.6/M30:min_quality=0.57/H1:min_quality=0.57,CF=M5:max_cost_r=0.08;min_quality=0.55;sessions=asia|london|preny|ny|lclose/M10:min_quality=0.5/M15:min_quality=0.52/M30:min_quality=0.57/H1:min_quality=0.57
RE_htf_b1,421,73,152.04,-5.75,1.763,70.1,29.5,-4.03,51.33,50.77,1.741,70.1,29.9,12,False,True,M5:max_cost_r=0.08;min_quality=0.55;sessions=asia|london|preny|ny|lclose/M10|M15:min_quality=0.60/M30|H1:min_quality=0.57,"reentry_bars=1,reentry_tfs=M10|M15|M30|H1"
X_CF_m10_q0.5+KR_m10m15_b1+F_m10_q0.57,421,73,172.82,-5.26,1.841,72.0,27.6,-2.62,63.2,48.56,1.735,72.2,27.8,12,False,True,M5:max_cost_r=0.08;min_quality=0.55;sessions=asia|london|preny|ny|lclose/M10:min_quality=0.57/M15:min_quality=0.6/M30:min_quality=0.57/H1:min_quality=0.57,"CF=M5:max_cost_r=0.08;min_quality=0.55;sessions=asia|london|preny|ny|lclose/M10:min_quality=0.5/M15:min_quality=0.6/M30:min_quality=0.57/H1:min_quality=0.57,keep_replaced_bars=1,keep_replaced_tfs=M10|M15"
X_CF_m15_q0.52+KR_m10m15m30_b3,421,73,169.24,-6.27,1.811,72.2,27.3,-3.08,66.76,41.76,1.593,70.2,29.8,12,False,False,M5:max_cost_r=0.08;min_quality=0.55;sessions=asia|london|preny|ny|lclose/M10|M15:min_quality=0.60/M30|H1:min_quality=0.57,"CF=M5:max_cost_r=0.08;min_quality=0.55;sessions=asia|london|preny|ny|lclose/M10:min_quality=0.6/M15:min_quality=0.52/M30:min_quality=0.57/H1:min_quality=0.57,keep_replaced_bars=3,keep_replaced_tfs=M10|M15|M30"
X_CF_m10m15_q0.52+KR_htf_b1,420,72,187.23,-6.39,1.932,73.3,26.2,-3.02,69.08,47.37,1.746,72.5,27.5,12,False,False,M5:max_cost_r=0.08;min_quality=0.55;sessions=asia|london|preny|ny|lclose/M10|M15:min_quality=0.60/M30|H1:min_quality=0.57,"CF=M5:max_cost_r=0.08;min_quality=0.55;sessions=asia|london|preny|ny|lclose/M10:min_quality=0.52/M15:min_quality=0.52/M30:min_quality=0.57/H1:min_quality=0.57,keep_replaced_bars=1,keep_replaced_tfs=M10|M15|M30|H1"
X_CF_m10_q0.5+KR_m10m15m30_b3,418,70,171.0,-5.84,1.856,73.0,26.6,-2.63,69.13,41.87,1.632,71.4,28.6,12,False,False,M5:max_cost_r=0.08;min_quality=0.55;sessions=asia|london|preny|ny|lclose/M10|M15:min_quality=0.60/M30|H1:min_quality=0.57,"CF=M5:max_cost_r=0.08;min_quality=0.55;sessions=asia|london|preny|ny|lclose/M10:min_quality=0.5/M15:min_quality=0.6/M30:min_quality=0.57/H1:min_quality=0.57,keep_replaced_bars=3,keep_replaced_tfs=M10|M15|M30"
X_CF_m10m15_q0.52+F_m10_q0.57,418,70,155.74,-5.7,1.758,70.8,28.7,-2.96,65.68,41.14,1.621,70.4,29.6,12,False,False,M5:max_cost_r=0.08;min_quality=0.55;sessions=asia|london|preny|ny|lclose/M10:min_quality=0.57/M15:min_quality=0.6/M30:min_quality=0.57/H1:min_quality=0.57,CF=M5:max_cost_r=0.08;min_quality=0.55;sessions=asia|london|preny|ny|lclose/M10:min_quality=0.52/M15:min_quality=0.52/M30:min_quality=0.57/H1:min_quality=0.57
RE_m10m15_b6,416,68,149.1,-6.75,1.767,69.2,30.3,-4.43,49.81,50.17,1.779,69.8,30.2,11,False,False,M5:max_cost_r=0.08;min_quality=0.55;sessions=asia|london|preny|ny|lclose/M10|M15:min_quality=0.60/M30|H1:min_quality=0.57,"reentry_bars=6,reentry_tfs=M10|M15"
X_CF_m10q0.5_m15q0.52+KR_m10m15_b1,416,68,195.03,-6.4,1.955,72.8,26.7,-3.01,70.31,48.41,1.775,72.1,27.9,12,False,False,M5:max_cost_r=0.08;min_quality=0.55;sessions=asia|london|preny|ny|lclose/M10|M15:min_quality=0.60/M30|H1:min_quality=0.57,"CF=M5:max_cost_r=0.08;min_quality=0.55;sessions=asia|london|preny|ny|lclose/M10:min_quality=0.5/M15:min_quality=0.52/M30:min_quality=0.57/H1:min_quality=0.57,keep_replaced_bars=1,keep_replaced_tfs=M10|M15"
RE_m10m15_b3,413,65,143.82,-6.75,1.749,69.2,30.3,-4.43,49.1,48.62,1.756,70.0,30.0,11,False,False,M5:max_cost_r=0.08;min_quality=0.55;sessions=asia|london|preny|ny|lclose/M10|M15:min_quality=0.60/M30|H1:min_quality=0.57,"reentry_bars=3,reentry_tfs=M10|M15"
X_CF_m15_q0.52+KR_htf_b2,412,64,170.73,-6.49,1.856,72.6,26.9,-2.92,64.93,44.81,1.663,71.2,28.8,12,False,False,M5:max_cost_r=0.08;min_quality=0.55;sessions=asia|london|preny|ny|lclose/M10|M15:min_quality=0.60/M30|H1:min_quality=0.57,"CF=M5:max_cost_r=0.08;min_quality=0.55;sessions=asia|london|preny|ny|lclose/M10:min_quality=0.6/M15:min_quality=0.52/M30:min_quality=0.57/H1:min_quality=0.57,keep_replaced_bars=2,keep_replaced_tfs=M10|M15|M30|H1"
X_CF_m10m15_q0.52+KR_m10m15_b1,412,64,186.76,-6.4,1.939,72.8,26.7,-3.03,68.79,46.85,1.755,72.0,28.0,12,False,False,M5:max_cost_r=0.08;min_quality=0.55;sessions=asia|london|preny|ny|lclose/M10|M15:min_quality=0.60/M30|H1:min_quality=0.57,"CF=M5:max_cost_r=0.08;min_quality=0.55;sessions=asia|london|preny|ny|lclose/M10:min_quality=0.52/M15:min_quality=0.52/M30:min_quality=0.57/H1:min_quality=0.57,keep_replaced_bars=1,keep_replaced_tfs=M10|M15"
CF_all_q0.52_cost0.12,412,64,162.78,-5.77,1.762,71.1,28.4,-3.0,68.59,37.23,1.526,69.5,30.5,11,False,False,M5:max_cost_r=0.08;min_quality=0.55;sessions=asia|london|preny|ny|lclose/M10|M15:min_quality=0.60/M30|H1:min_quality=0.57,CF=M5:max_cost_r=0.12;min_quality=0.52;sessions=asia|london|preny|ny|lclose/M10:min_quality=0.52/M15:min_quality=0.52/M30:min_quality=0.52/H1:min_quality=0.52
X_CF_m10_q0.5+KR_htf_b2,409,61,165.42,-5.87,1.867,73.1,26.4,-2.59,65.16,43.78,1.68,72.0,28.0,12,True,False,M5:max_cost_r=0.08;min_quality=0.55;sessions=asia|london|preny|ny|lclose/M10|M15:min_quality=0.60/M30|H1:min_quality=0.57,"CF=M5:max_cost_r=0.08;min_quality=0.55;sessions=asia|london|preny|ny|lclose/M10:min_quality=0.5/M15:min_quality=0.6/M30:min_quality=0.57/H1:min_quality=0.57,keep_replaced_bars=2,keep_replaced_tfs=M10|M15|M30|H1"
X_CF_m10_q0.5+F_m5_cost0.12,407,59,153.5,-5.99,1.776,71.0,28.5,-2.94,59.7,43.3,1.661,70.5,29.5,12,False,False,M5:max_cost_r=0.12;min_quality=0.55;sessions=asia|london|preny|ny|lclose/M10:min_quality=0.6/M15:min_quality=0.6/M30:min_quality=0.57/H1:min_quality=0.57,CF=M5:max_cost_r=0.08;min_quality=0.55;sessions=asia|london|preny|ny|lclose/M10:min_quality=0.5/M15:min_quality=0.6/M30:min_quality=0.57/H1:min_quality=0.57
X_CF_m15_q0.52+F_m5_cost0.12,406,58,148.59,-5.61,1.737,70.4,29.1,-3.03,61.26,40.84,1.583,69.2,30.8,11,False,False,M5:max_cost_r=0.12;min_quality=0.55;sessions=asia|london|preny|ny|lclose/M10:min_quality=0.6/M15:min_quality=0.6/M30:min_quality=0.57/H1:min_quality=0.57,CF=M5:max_cost_r=0.08;min_quality=0.55;sessions=asia|london|preny|ny|lclose/M10:min_quality=0.6/M15:min_quality=0.52/M30:min_quality=0.57/H1:min_quality=0.57
RE_m10m15_b2,406,58,143.85,-5.75,1.77,69.7,29.8,-4.04,47.91,50.2,1.792,70.5,29.5,11,False,True,M5:max_cost_r=0.08;min_quality=0.55;sessions=asia|london|preny|ny|lclose/M10|M15:min_quality=0.60/M30|H1:min_quality=0.57,"reentry_bars=2,reentry_tfs=M10|M15"
CF_htf_q0.52,403,55,150.87,-5.63,1.746,71.0,28.5,-2.92,68.26,37.08,1.529,69.2,30.8,11,False,False,M5:max_cost_r=0.08;min_quality=0.55;sessions=asia|london|preny|ny|lclose/M10|M15:min_quality=0.60/M30|H1:min_quality=0.57,CF=M5:max_cost_r=0.08;min_quality=0.55;sessions=asia|london|preny|ny|lclose/M10:min_quality=0.52/M15:min_quality=0.52/M30:min_quality=0.52/H1:min_quality=0.52
X_CF_m10m15_q0.5,403,55,168.37,-5.53,1.832,71.2,28.3,-3.17,65.39,42.37,1.644,70.0,30.0,12,False,False,M5:max_cost_r=0.08;min_quality=0.55;sessions=asia|london|preny|ny|lclose/M10|M15:min_quality=0.60/M30|H1:min_quality=0.57,CF=M5:max_cost_r=0.08;min_quality=0.55;sessions=asia|london|preny|ny|lclose/M10:min_quality=0.5/M15:min_quality=0.5/M30:min_quality=0.57/H1:min_quality=0.57
CF_m10m15_q0.5,403,55,168.37,-5.53,1.832,71.2,28.3,-3.17,65.39,42.37,1.644,70.0,30.0,12,False,False,M5:max_cost_r=0.08;min_quality=0.55;sessions=asia|london|preny|ny|lclose/M10|M15:min_quality=0.60/M30|H1:min_quality=0.57,CF=M5:max_cost_r=0.08;min_quality=0.55;sessions=asia|london|preny|ny|lclose/M10:min_quality=0.5/M15:min_quality=0.5/M30:min_quality=0.57/H1:min_quality=0.57
KR_b1,401,53,141.4,-6.67,1.774,71.1,28.4,-3.5,51.7,45.5,1.705,70.7,29.3,12,False,False,M5:max_cost_r=0.08;min_quality=0.55;sessions=asia|london|preny|ny|lclose/M10|M15:min_quality=0.60/M30|H1:min_quality=0.57,keep_replaced_bars=1
X_CF_m15_q0.52+KR_m10m15_b2,401,53,175.82,-6.37,1.918,72.3,27.2,-2.96,64.33,46.32,1.748,71.2,28.8,12,False,False,M5:max_cost_r=0.08;min_quality=0.55;sessions=asia|london|preny|ny|lclose/M10|M15:min_quality=0.60/M30|H1:min_quality=0.57,"CF=M5:max_cost_r=0.08;min_quality=0.55;sessions=asia|london|preny|ny|lclose/M10:min_quality=0.6/M15:min_quality=0.52/M30:min_quality=0.57/H1:min_quality=0.57,keep_replaced_bars=2,keep_replaced_tfs=M10|M15"
RE_m10m15_b1,400,52,156.93,-5.5,1.834,70.5,29.0,-3.99,52.4,51.6,1.816,70.7,29.3,13,False,True,M5:max_cost_r=0.08;min_quality=0.55;sessions=asia|london|preny|ny|lclose/M10|M15:min_quality=0.60/M30|H1:min_quality=0.57,"reentry_bars=1,reentry_tfs=M10|M15"
X_CF_m10_q0.5+KR_m10m15_b2,399,51,166.73,-5.88,1.896,72.7,26.8,-2.5,64.37,44.88,1.721,71.8,28.2,12,True,True,M5:max_cost_r=0.08;min_quality=0.55;sessions=asia|london|preny|ny|lclose/M10|M15:min_quality=0.60/M30|H1:min_quality=0.57,"CF=M5:max_cost_r=0.08;min_quality=0.55;sessions=asia|london|preny|ny|lclose/M10:min_quality=0.5/M15:min_quality=0.6/M30:min_quality=0.57/H1:min_quality=0.57,keep_replaced_bars=2,keep_replaced_tfs=M10|M15"
X_CF_m15_q0.52+F_m10_q0.57,398,50,140.28,-5.63,1.724,70.1,29.4,-3.03,58.0,39.67,1.59,69.9,30.1,12,False,False,M5:max_cost_r=0.08;min_quality=0.55;sessions=asia|london|preny|ny|lclose/M10:min_quality=0.57/M15:min_quality=0.6/M30:min_quality=0.57/H1:min_quality=0.57,CF=M5:max_cost_r=0.08;min_quality=0.55;sessions=asia|london|preny|ny|lclose/M10:min_quality=0.6/M15:min_quality=0.52/M30:min_quality=0.57/H1:min_quality=0.57
X_CF_m15_q0.52+KR_htf_b1,397,49,176.19,-6.39,1.937,72.8,26.7,-2.9,65.28,46.21,1.762,72.0,28.0,12,False,False,M5:max_cost_r=0.08;min_quality=0.55;sessions=asia|london|preny|ny|lclose/M10|M15:min_quality=0.60/M30|H1:min_quality=0.57,"CF=M5:max_cost_r=0.08;min_quality=0.55;sessions=asia|london|preny|ny|lclose/M10:min_quality=0.6/M15:min_quality=0.52/M30:min_quality=0.57/H1:min_quality=0.57,keep_replaced_bars=1,keep_replaced_tfs=M10|M15|M30|H1"
X_CF_m10_q0.5+KR_htf_b1,397,49,177.72,-5.87,1.975,73.6,25.9,-2.6,64.92,48.93,1.826,73.1,26.9,12,True,True,M5:max_cost_r=0.08;min_quality=0.55;sessions=asia|london|preny|ny|lclose/M10|M15:min_quality=0.60/M30|H1:min_quality=0.57,"CF=M5:max_cost_r=0.08;min_quality=0.55;sessions=asia|london|preny|ny|lclose/M10:min_quality=0.5/M15:min_quality=0.6/M30:min_quality=0.57/H1:min_quality=0.57,keep_replaced_bars=1,keep_replaced_tfs=M10|M15|M30|H1"
KR_htf_b6,395,47,161.58,-5.87,1.871,72.7,26.8,-2.5,58.88,46.72,1.712,71.6,28.4,12,True,True,M5:max_cost_r=0.08;min_quality=0.55;sessions=asia|london|preny|ny|lclose/M10|M15:min_quality=0.60/M30|H1:min_quality=0.57,"keep_replaced_bars=6,keep_replaced_tfs=M10|M15|M30|H1"
X_CF_m10q0.5_m15q0.52,394,46,169.28,-5.63,1.872,71.8,27.7,-3.04,67.23,41.66,1.669,70.6,29.4,12,False,False,M5:max_cost_r=0.08;min_quality=0.55;sessions=asia|london|preny|ny|lclose/M10|M15:min_quality=0.60/M30|H1:min_quality=0.57,CF=M5:max_cost_r=0.08;min_quality=0.55;sessions=asia|london|preny|ny|lclose/M10:min_quality=0.5/M15:min_quality=0.52/M30:min_quality=0.57/H1:min_quality=0.57
CF_m10q0.5_m15q0.52,394,46,169.28,-5.63,1.872,71.8,27.7,-3.04,67.23,41.66,1.669,70.6,29.4,12,False,False,M5:max_cost_r=0.08;min_quality=0.55;sessions=asia|london|preny|ny|lclose/M10|M15:min_quality=0.60/M30|H1:min_quality=0.57,CF=M5:max_cost_r=0.08;min_quality=0.55;sessions=asia|london|preny|ny|lclose/M10:min_quality=0.5/M15:min_quality=0.52/M30:min_quality=0.57/H1:min_quality=0.57
X_CF_m10_q0.5+F_m10_q0.57,393,45,152.9,-6.87,1.809,71.2,28.2,-2.28,60.52,43.33,1.697,71.4,28.6,12,False,False,M5:max_cost_r=0.08;min_quality=0.55;sessions=asia|london|preny|ny|lclose/M10:min_quality=0.57/M15:min_quality=0.6/M30:min_quality=0.57/H1:min_quality=0.57,CF=M5:max_cost_r=0.08;min_quality=0.55;sessions=asia|london|preny|ny|lclose/M10:min_quality=0.5/M15:min_quality=0.6/M30:min_quality=0.57/H1:min_quality=0.57
X_CF_m10_q0.5+KR_m10m15_b1,391,43,172.84,-5.88,1.951,72.9,26.6,-2.64,64.16,47.24,1.798,72.5,27.5,12,True,True,M5:max_cost_r=0.08;min_quality=0.55;sessions=asia|london|preny|ny|lclose/M10|M15:min_quality=0.60/M30|H1:min_quality=0.57,"CF=M5:max_cost_r=0.08;min_quality=0.55;sessions=asia|london|preny|ny|lclose/M10:min_quality=0.5/M15:min_quality=0.6/M30:min_quality=0.57/H1:min_quality=0.57,keep_replaced_bars=1,keep_replaced_tfs=M10|M15"
CF_m10m15_q0.52,390,42,159.81,-5.63,1.85,71.8,27.7,-2.92,69.09,40.53,1.653,70.5,29.5,12,False,False,M5:max_cost_r=0.08;min_quality=0.55;sessions=asia|london|preny|ny|lclose/M10|M15:min_quality=0.60/M30|H1:min_quality=0.57,CF=M5:max_cost_r=0.08;min_quality=0.55;sessions=asia|london|preny|ny|lclose/M10:min_quality=0.52/M15:min_quality=0.52/M30:min_quality=0.57/H1:min_quality=0.57
X_CF_m10m15_q0.52,390,42,159.81,-5.63,1.85,71.8,27.7,-2.92,69.09,40.53,1.653,70.5,29.5,12,False,False,M5:max_cost_r=0.08;min_quality=0.55;sessions=asia|london|preny|ny|lclose/M10|M15:min_quality=0.60/M30|H1:min_quality=0.57,CF=M5:max_cost_r=0.08;min_quality=0.55;sessions=asia|london|preny|ny|lclose/M10:min_quality=0.52/M15:min_quality=0.52/M30:min_quality=0.57/H1:min_quality=0.57
X_CF_m15_q0.52+KR_m10m15_b1,390,42,173.51,-6.4,1.936,72.3,27.2,-2.92,64.99,45.14,1.761,71.6,28.4,12,False,False,M5:max_cost_r=0.08;min_quality=0.55;sessions=asia|london|preny|ny|lclose/M10|M15:min_quality=0.60/M30|H1:min_quality=0.57,"CF=M5:max_cost_r=0.08;min_quality=0.55;sessions=asia|london|preny|ny|lclose/M10:min_quality=0.6/M15:min_quality=0.52/M30:min_quality=0.57/H1:min_quality=0.57,keep_replaced_bars=1,keep_replaced_tfs=M10|M15"
KR_htf_b3,390,42,154.66,-5.87,1.847,72.6,26.9,-2.56,60.03,42.61,1.65,71.1,28.9,12,False,False,M5:max_cost_r=0.08;min_quality=0.55;sessions=asia|london|preny|ny|lclose/M10|M15:min_quality=0.60/M30|H1:min_quality=0.57,"keep_replaced_bars=3,keep_replaced_tfs=M10|M15|M30|H1"
KR_m10m15m30_b3,389,41,155.13,-5.87,1.855,72.5,27.0,-2.58,60.03,42.39,1.66,71.0,29.0,12,False,False,M5:max_cost_r=0.08;min_quality=0.55;sessions=asia|london|preny|ny|lclose/M10|M15:min_quality=0.60/M30|H1:min_quality=0.57,"keep_replaced_bars=3,keep_replaced_tfs=M10|M15|M30"
KR_m10m15_b6,384,36,157.44,-5.71,1.878,72.1,27.3,-2.58,58.54,44.48,1.71,71.2,28.8,12,True,True,M5:max_cost_r=0.08;min_quality=0.55;sessions=asia|london|preny|ny|lclose/M10|M15:min_quality=0.60/M30|H1:min_quality=0.57,"keep_replaced_bars=6,keep_replaced_tfs=M10|M15"
F_m5_cost0.12,383,35,138.15,-5.93,1.766,71.0,28.5,-2.97,52.51,42.34,1.655,70.4,29.6,13,False,False,M5:max_cost_r=0.12;min_quality=0.55;sessions=asia|london|preny|ny|lclose/M10:min_quality=0.6/M15:min_quality=0.6/M30:min_quality=0.57/H1:min_quality=0.57,
KR_htf_b2,382,34,157.94,-5.83,1.894,72.8,26.7,-2.68,60.13,44.45,1.712,71.7,28.3,12,True,True,M5:max_cost_r=0.08;min_quality=0.55;sessions=asia|london|preny|ny|lclose/M10|M15:min_quality=0.60/M30|H1:min_quality=0.57,"keep_replaced_bars=2,keep_replaced_tfs=M10|M15|M30|H1"
KR_m10m15_b3,380,32,155.19,-5.71,1.874,72.1,27.4,-2.6,59.7,42.2,1.681,70.7,29.3,12,True,False,M5:max_cost_r=0.08;min_quality=0.55;sessions=asia|london|preny|ny|lclose/M10|M15:min_quality=0.60/M30|H1:min_quality=0.57,"keep_replaced_bars=3,keep_replaced_tfs=M10|M15"
CF_m15_q0.5,379,31,155.56,-5.5,1.84,70.4,29.0,-3.17,60.05,44.34,1.699,69.7,30.3,12,False,True,M5:max_cost_r=0.08;min_quality=0.55;sessions=asia|london|preny|ny|lclose/M10|M15:min_quality=0.60/M30|H1:min_quality=0.57,CF=M5:max_cost_r=0.08;min_quality=0.55;sessions=asia|london|preny|ny|lclose/M10:min_quality=0.6/M15:min_quality=0.5/M30:min_quality=0.57/H1:min_quality=0.57
F_m10_q0.57,378,30,144.3,-6.34,1.807,70.9,28.6,-2.28,53.96,44.02,1.702,70.7,29.3,13,False,False,M5:max_cost_r=0.08;min_quality=0.55;sessions=asia|london|preny|ny|lclose/M10:min_quality=0.57/M15:min_quality=0.6/M30:min_quality=0.57/H1:min_quality=0.57,
CF_m10q0.52_m15q0.55,378,30,168.06,-5.51,1.892,72.2,27.2,-3.02,68.9,39.75,1.653,70.9,29.1,12,False,False,M5:max_cost_r=0.08;min_quality=0.55;sessions=asia|london|preny|ny|lclose/M10|M15:min_quality=0.60/M30|H1:min_quality=0.57,CF=M5:max_cost_r=0.08;min_quality=0.55;sessions=asia|london|preny|ny|lclose/M10:min_quality=0.52/M15:min_quality=0.55/M30:min_quality=0.57/H1:min_quality=0.57
F_m5_cost0.10,374,26,135.88,-5.96,1.764,70.6,28.9,-3.0,53.85,41.77,1.638,70.1,29.9,12,False,False,M5:max_cost_r=0.1;min_quality=0.55;sessions=asia|london|preny|ny|lclose/M10:min_quality=0.6/M15:min_quality=0.6/M30:min_quality=0.57/H1:min_quality=0.57,
CF_htf_q0.55,373,25,156.5,-5.86,1.851,71.6,27.9,-2.92,65.41,37.86,1.62,70.1,29.9,12,False,False,M5:max_cost_r=0.08;min_quality=0.55;sessions=asia|london|preny|ny|lclose/M10|M15:min_quality=0.60/M30|H1:min_quality=0.57,CF=M5:max_cost_r=0.08;min_quality=0.55;sessions=asia|london|preny|ny|lclose/M10:min_quality=0.55/M15:min_quality=0.55/M30:min_quality=0.55/H1:min_quality=0.55
KR_m10m15_b2,373,25,156.82,-5.85,1.919,72.4,27.1,-2.59,58.95,44.99,1.753,71.5,28.5,12,True,True,M5:max_cost_r=0.08;min_quality=0.55;sessions=asia|london|preny|ny|lclose/M10|M15:min_quality=0.60/M30|H1:min_quality=0.57,"keep_replaced_bars=2,keep_replaced_tfs=M10|M15"
X_CF_m15_q0.52,371,23,157.28,-5.51,1.872,71.2,28.3,-2.93,64.07,41.87,1.686,69.9,30.1,12,False,True,M5:max_cost_r=0.08;min_quality=0.55;sessions=asia|london|preny|ny|lclose/M10|M15:min_quality=0.60/M30|H1:min_quality=0.57,CF=M5:max_cost_r=0.08;min_quality=0.55;sessions=asia|london|preny|ny|lclose/M10:min_quality=0.6/M15:min_quality=0.52/M30:min_quality=0.57/H1:min_quality=0.57
CF_m15_q0.52,371,23,157.28,-5.51,1.872,71.2,28.3,-2.93,64.07,41.87,1.686,69.9,30.1,12,False,True,M5:max_cost_r=0.08;min_quality=0.55;sessions=asia|london|preny|ny|lclose/M10|M15:min_quality=0.60/M30|H1:min_quality=0.57,CF=M5:max_cost_r=0.08;min_quality=0.55;sessions=asia|london|preny|ny|lclose/M10:min_quality=0.6/M15:min_quality=0.52/M30:min_quality=0.57/H1:min_quality=0.57
KR_htf_b1,371,23,166.38,-5.83,1.987,73.0,26.4,-2.5,59.91,47.65,1.836,72.4,27.6,12,True,True,M5:max_cost_r=0.08;min_quality=0.55;sessions=asia|london|preny|ny|lclose/M10|M15:min_quality=0.60/M30|H1:min_quality=0.57,"keep_replaced_bars=1,keep_replaced_tfs=M10|M15|M30|H1"
CF_m10m15_q0.55,370,22,158.14,-5.99,1.87,71.9,27.6,-2.91,66.05,38.23,1.634,70.3,29.7,12,False,False,M5:max_cost_r=0.08;min_quality=0.55;sessions=asia|london|preny|ny|lclose/M10|M15:min_quality=0.60/M30|H1:min_quality=0.57,CF=M5:max_cost_r=0.08;min_quality=0.55;sessions=asia|london|preny|ny|lclose/M10:min_quality=0.55/M15:min_quality=0.55/M30:min_quality=0.57/H1:min_quality=0.57
CF_m10_q0.5,369,21,157.71,-6.0,1.904,72.1,27.4,-2.29,63.62,41.67,1.722,71.4,28.6,12,False,False,M5:max_cost_r=0.08;min_quality=0.55;sessions=asia|london|preny|ny|lclose/M10|M15:min_quality=0.60/M30|H1:min_quality=0.57,CF=M5:max_cost_r=0.08;min_quality=0.55;sessions=asia|london|preny|ny|lclose/M10:min_quality=0.5/M15:min_quality=0.6/M30:min_quality=0.57/H1:min_quality=0.57
X_CF_m10_q0.5,369,21,157.71,-6.0,1.904,72.1,27.4,-2.29,63.62,41.67,1.722,71.4,28.6,12,False,False,M5:max_cost_r=0.08;min_quality=0.55;sessions=asia|london|preny|ny|lclose/M10|M15:min_quality=0.60/M30|H1:min_quality=0.57,CF=M5:max_cost_r=0.08;min_quality=0.55;sessions=asia|london|preny|ny|lclose/M10:min_quality=0.5/M15:min_quality=0.6/M30:min_quality=0.57/H1:min_quality=0.57
F_m15_q0.57,369,21,141.35,-5.59,1.775,70.5,29.0,-2.97,60.29,37.19,1.587,69.4,30.6,12,False,False,M5:max_cost_r=0.08;min_quality=0.55;sessions=asia|london|preny|ny|lclose/M10:min_quality=0.6/M15:min_quality=0.57/M30:min_quality=0.57/H1:min_quality=0.57,
CF_m10_q0.52,367,19,158.13,-5.99,1.908,72.2,27.2,-2.29,64.6,41.17,1.706,71.2,28.8,12,False,False,M5:max_cost_r=0.08;min_quality=0.55;sessions=asia|london|preny|ny|lclose/M10|M15:min_quality=0.60/M30|H1:min_quality=0.57,CF=M5:max_cost_r=0.08;min_quality=0.55;sessions=asia|london|preny|ny|lclose/M10:min_quality=0.52/M15:min_quality=0.6/M30:min_quality=0.57/H1:min_quality=0.57
KR_m10m15_b1,366,18,159.55,-5.85,1.949,72.4,27.0,-2.55,58.63,46.6,1.798,71.8,28.2,12,True,True,M5:max_cost_r=0.08;min_quality=0.55;sessions=asia|london|preny|ny|lclose/M10|M15:min_quality=0.60/M30|H1:min_quality=0.57,"keep_replaced_bars=1,keep_replaced_tfs=M10|M15"
F_m30h1_q0.55,363,15,134.51,-5.67,1.792,70.5,28.9,-2.33,52.76,41.36,1.667,70.5,29.5,13,False,False,M5:max_cost_r=0.08;min_quality=0.55;sessions=asia|london|preny|ny|lclose/M10:min_quality=0.6/M15:min_quality=0.6/M30:min_quality=0.55/H1:min_quality=0.55,
CF_m10_q0.55,359,11,152.57,-6.01,1.903,71.9,27.6,-2.29,60.32,41.11,1.707,70.6,29.4,12,False,False,M5:max_cost_r=0.08;min_quality=0.55;sessions=asia|london|preny|ny|lclose/M10|M15:min_quality=0.60/M30|H1:min_quality=0.57,CF=M5:max_cost_r=0.08;min_quality=0.55;sessions=asia|london|preny|ny|lclose/M10:min_quality=0.55/M15:min_quality=0.6/M30:min_quality=0.57/H1:min_quality=0.57
CF_m15_q0.55,359,11,154.49,-5.55,1.885,71.6,27.9,-2.96,62.29,39.67,1.666,70.4,29.6,12,False,False,M5:max_cost_r=0.08;min_quality=0.55;sessions=asia|london|preny|ny|lclose/M10|M15:min_quality=0.60/M30|H1:min_quality=0.57,CF=M5:max_cost_r=0.08;min_quality=0.55;sessions=asia|london|preny|ny|lclose/M10:min_quality=0.6/M15:min_quality=0.55/M30:min_quality=0.57/H1:min_quality=0.57
CF_m10m15_q0.57,359,11,151.5,-6.04,1.892,71.9,27.6,-2.99,60.77,40.38,1.684,70.4,29.6,12,False,False,M5:max_cost_r=0.08;min_quality=0.55;sessions=asia|london|preny|ny|lclose/M10|M15:min_quality=0.60/M30|H1:min_quality=0.57,CF=M5:max_cost_r=0.08;min_quality=0.55;sessions=asia|london|preny|ny|lclose/M10:min_quality=0.57/M15:min_quality=0.57/M30:min_quality=0.57/H1:min_quality=0.57
CF_htf_q0.57,359,11,151.5,-6.04,1.892,71.9,27.6,-2.99,60.77,40.38,1.684,70.4,29.6,12,False,False,M5:max_cost_r=0.08;min_quality=0.55;sessions=asia|london|preny|ny|lclose/M10|M15:min_quality=0.60/M30|H1:min_quality=0.57,CF=M5:max_cost_r=0.08;min_quality=0.55;sessions=asia|london|preny|ny|lclose/M10:min_quality=0.57/M15:min_quality=0.57/M30:min_quality=0.57/H1:min_quality=0.57
CF_m5_q0.52_cost0.12,354,6,147.99,-5.13,1.897,71.5,28.0,-2.29,56.97,42.94,1.744,71.0,29.0,12,True,True,M5:max_cost_r=0.08;min_quality=0.55;sessions=asia|london|preny|ny|lclose/M10|M15:min_quality=0.60/M30|H1:min_quality=0.57,CF=M5:max_cost_r=0.12;min_quality=0.52;sessions=asia|london|preny|ny|lclose/M10:min_quality=0.6/M15:min_quality=0.6/M30:min_quality=0.57/H1:min_quality=0.57
CF_m10_q0.57,354,6,145.19,-5.65,1.884,71.8,27.7,-2.29,58.6,40.59,1.69,70.6,29.4,12,True,True,M5:max_cost_r=0.08;min_quality=0.55;sessions=asia|london|preny|ny|lclose/M10|M15:min_quality=0.60/M30|H1:min_quality=0.57,CF=M5:max_cost_r=0.08;min_quality=0.55;sessions=asia|london|preny|ny|lclose/M10:min_quality=0.57/M15:min_quality=0.6/M30:min_quality=0.57/H1:min_quality=0.57
CF_m15_q0.57,353,5,151.82,-5.51,1.902,71.7,27.8,-2.98,60.2,41.34,1.703,70.4,29.6,12,False,True,M5:max_cost_r=0.08;min_quality=0.55;sessions=asia|london|preny|ny|lclose/M10|M15:min_quality=0.60/M30|H1:min_quality=0.57,CF=M5:max_cost_r=0.08;min_quality=0.55;sessions=asia|london|preny|ny|lclose/M10:min_quality=0.6/M15:min_quality=0.57/M30:min_quality=0.57/H1:min_quality=0.57
CF_m5_q0.5,351,3,153.56,-5.46,1.921,71.5,27.9,-2.29,60.48,42.15,1.733,70.7,29.3,12,True,True,M5:max_cost_r=0.08;min_quality=0.55;sessions=asia|london|preny|ny|lclose/M10|M15:min_quality=0.60/M30|H1:min_quality=0.57,CF=M5:max_cost_r=0.08;min_quality=0.5;sessions=asia|london|preny|ny|lclose/M10:min_quality=0.6/M15:min_quality=0.6/M30:min_quality=0.57/H1:min_quality=0.57
CF_m5_cost0.12,350,2,148.1,-5.3,1.909,71.7,27.7,-2.29,58.12,42.19,1.732,70.8,29.2,12,True,True,M5:max_cost_r=0.08;min_quality=0.55;sessions=asia|london|preny|ny|lclose/M10|M15:min_quality=0.60/M30|H1:min_quality=0.57,CF=M5:max_cost_r=0.12;min_quality=0.55;sessions=asia|london|preny|ny|lclose/M10:min_quality=0.6/M15:min_quality=0.6/M30:min_quality=0.57/H1:min_quality=0.57
CF_m5_q0.52,350,2,148.01,-5.13,1.903,71.4,28.0,-2.29,57.97,42.26,1.733,70.7,29.3,12,True,True,M5:max_cost_r=0.08;min_quality=0.55;sessions=asia|london|preny|ny|lclose/M10|M15:min_quality=0.60/M30|H1:min_quality=0.57,CF=M5:max_cost_r=0.08;min_quality=0.52;sessions=asia|london|preny|ny|lclose/M10:min_quality=0.6/M15:min_quality=0.6/M30:min_quality=0.57/H1:min_quality=0.57
CF_m5_q0.55,348,0,147.93,-5.22,1.909,71.6,27.9,-2.29,58.03,42.05,1.732,70.7,29.3,12,True,True,M5:max_cost_r=0.08;min_quality=0.55;sessions=asia|london|preny|ny|lclose/M10|M15:min_quality=0.60/M30|H1:min_quality=0.57,CF=M5:max_cost_r=0.08;min_quality=0.55;sessions=asia|london|preny|ny|lclose/M10:min_quality=0.6/M15:min_quality=0.6/M30:min_quality=0.57/H1:min_quality=0.57
ref,348,0,147.93,-5.22,1.909,71.6,27.9,-2.29,58.03,42.05,1.732,70.7,29.3,12,True,True,M5:max_cost_r=0.08;min_quality=0.55;sessions=asia|london|preny|ny|lclose/M10|M15:min_quality=0.60/M30|H1:min_quality=0.57,
CF_m5_q0.57,346,-2,150.53,-5.59,1.927,71.7,27.7,-2.29,59.17,42.19,1.735,70.5,29.5,12,True,True,M5:max_cost_r=0.08;min_quality=0.55;sessions=asia|london|preny|ny|lclose/M10|M15:min_quality=0.60/M30|H1:min_quality=0.57,CF=M5:max_cost_r=0.08;min_quality=0.57;sessions=asia|london|preny|ny|lclose/M10:min_quality=0.6/M15:min_quality=0.6/M30:min_quality=0.57/H1:min_quality=0.57
