key,name,tag,filter,overrides,trades,win_%,profit_factor,avg_R,total_R,return_%,max_dd_%,max_dd_R,sharpe_daily,sl_%,partial_be_%,tp2_%,partial_hit_%,avg_hold_min,expectancy_$,end_balance,pending_placed,cancelled,daily_halts,halted,reentries_placed,reentry_trades,confluent_trades,IS_n,IS_R,IS_net_$,IS_win_%,IS_PF,IS_avg_R,IS_sl_%,OOS_n,OOS_R,OOS_net_$,OOS_win_%,OOS_PF,OOS_avg_R,OOS_sl_%,months_pos,months,worst_month_$,worst_day_%,worst_intraday_%,by_tf_n,by_tf_R,outcomes,monthly_$,extra_n,extra_R,extra_win_%,extra_OOS_R,max_consec_losses,secs,d_trades,d_ret,d_dd,d_pf,d_win,hold_loss,hold_oos,ret_dd
RE_b3_max2,RE_b3_max2,,M5:max_cost_r=0.08;min_quality=0.55;sessions=asia|london|preny|ny|lclose/M10|M15:min_quality=0.60/M30|H1:min_quality=0.57,"reentry_bars=3,reentry_max=2",561,66.7,1.461,0.1676,94.01,133.31,-10.56,-11.82,2.93,32.8,54.4,12.7,66.8,302.0,23.76,23330.75,3684,3123,2,False,275,218,0,268,53.4,6078.21,66.8,1.588,0.1992,32.1,293,40.61,7252.54,66.6,1.39,0.1386,33.4,11,13,-1289.26,-5.69,-4.89,"{'H1': 27, 'M10': 129, 'M15': 75, 'M30': 55, 'M5': 275}","{'H1': 2.26, 'M10': 40.24, 'M15': 22.26, 'M30': 1.17, 'M5': 28.09}","{'partial_be': 305, 'sl': 184, 'tp2': 71, 'daily_halt': 1}","{'2025-09': -206.98, '2025-10': 985.29, '2025-11': 1155.19, '2025-12': 1256.28, '2026-01': 2338.87, '2026-02': 549.56, '2026-03': 1036.35, '2026-04': 663.78, '2026-05': 2443.19, '2026-06': 353.62, '2026-07': -1289.26, '2026-08': 3894.74, '2026-09': 150.12}",218,-5.59,59.2,-1.26,6,14.1,213,-14.6,-5.34,-0.448,-4.9,False,False,12.62
RE_b12,RE_b12,,M5:max_cost_r=0.08;min_quality=0.55;sessions=asia|london|preny|ny|lclose/M10|M15:min_quality=0.60/M30|H1:min_quality=0.57,reentry_bars=12,525,66.5,1.495,0.1758,92.31,130.87,-8.84,-10.17,3.06,33.1,53.7,13.1,66.7,313.0,24.93,23086.73,3663,3138,0,False,200,178,0,246,51.25,5690.88,67.1,1.603,0.2083,32.1,279,41.06,7395.85,65.9,1.435,0.1472,34.1,12,13,-230.48,-4.78,-4.68,"{'H1': 22, 'M10': 126, 'M15': 68, 'M30': 50, 'M5': 259}","{'H1': 2.13, 'M10': 33.87, 'M15': 24.69, 'M30': 3.61, 'M5': 28.01}","{'partial_be': 282, 'sl': 174, 'tp2': 69}","{'2025-09': -230.48, '2025-10': 912.97, '2025-11': 1344.69, '2025-12': 1053.75, '2026-01': 2546.78, '2026-02': 63.17, '2026-03': 226.61, '2026-04': 683.71, '2026-05': 2008.24, '2026-06': 472.68, '2026-07': 66.13, '2026-08': 3663.72, '2026-09': 274.76}",178,-8.71,56.7,-2.73,6,13.9,177,-17.1,-3.62,-0.414,-5.1,False,False,14.8
RE_b6,RE_b6,,M5:max_cost_r=0.08;min_quality=0.55;sessions=asia|london|preny|ny|lclose/M10|M15:min_quality=0.60/M30|H1:min_quality=0.57,reentry_bars=6,514,67.3,1.536,0.1913,98.31,139.96,-7.15,-7.95,3.25,32.3,54.3,13.4,67.5,313.0,27.23,23995.75,3637,3123,1,False,199,169,0,240,54.0,5963.16,67.9,1.652,0.225,31.2,274,44.31,8032.59,66.8,1.473,0.1617,33.2,12,13,-113.03,-4.41,-4.86,"{'H1': 22, 'M10': 123, 'M15': 68, 'M30': 50, 'M5': 251}","{'H1': 1.98, 'M10': 36.32, 'M15': 24.99, 'M30': 3.75, 'M5': 31.27}","{'partial_be': 279, 'sl': 166, 'tp2': 69}","{'2025-09': -113.03, '2025-10': 918.71, '2025-11': 1462.74, '2025-12': 1034.09, '2026-01': 2568.77, '2026-02': 91.88, '2026-03': 582.68, '2026-04': 793.34, '2026-05': 2012.86, '2026-06': 329.28, '2026-07': 64.84, '2026-08': 3884.47, '2026-09': 365.12}",169,-2.24,58.6,0.93,6,13.8,166,-8.0,-1.93,-0.373,-4.3,False,False,19.57
RE_b3,RE_b3,,M5:max_cost_r=0.08;min_quality=0.55;sessions=asia|london|preny|ny|lclose/M10|M15:min_quality=0.60/M30|H1:min_quality=0.57,reentry_bars=3,509,67.4,1.53,0.1916,97.53,140.44,-7.15,-8.66,3.22,32.2,54.6,13.2,67.6,305.0,27.59,24044.31,3663,3154,0,False,200,162,0,240,56.33,6397.18,68.3,1.701,0.2347,30.8,269,41.2,7647.13,66.5,1.441,0.1532,33.5,11,13,-513.83,-4.41,-4.09,"{'H1': 22, 'M10': 122, 'M15': 66, 'M30': 49, 'M5': 250}","{'H1': 1.97, 'M10': 36.44, 'M15': 23.92, 'M30': 4.22, 'M5': 30.98}","{'partial_be': 278, 'sl': 164, 'tp2': 67}","{'2025-09': -113.03, '2025-10': 918.71, '2025-11': 1601.69, '2025-12': 1163.2, '2026-01': 2616.09, '2026-02': 210.52, '2026-03': 865.07, '2026-04': 746.68, '2026-05': 2324.47, '2026-06': 382.6, '2026-07': -513.83, '2026-08': 3499.04, '2026-09': 343.1}",162,-3.75,58.6,-2.49,6,14.0,161,-7.5,-1.93,-0.379,-4.2,False,False,19.64
RE_b3_tpbe,RE_b3_tpbe,,M5:max_cost_r=0.08;min_quality=0.55;sessions=asia|london|preny|ny|lclose/M10|M15:min_quality=0.60/M30|H1:min_quality=0.57,"reentry_bars=3,reentry_outcomes=partial_be",509,67.4,1.53,0.1916,97.53,140.44,-7.15,-8.66,3.22,32.2,54.6,13.2,67.6,305.0,27.59,24044.31,3663,3154,0,False,200,162,0,240,56.33,6397.18,68.3,1.701,0.2347,30.8,269,41.2,7647.13,66.5,1.441,0.1532,33.5,11,13,-513.83,-4.41,-4.09,"{'H1': 22, 'M10': 122, 'M15': 66, 'M30': 49, 'M5': 250}","{'H1': 1.97, 'M10': 36.44, 'M15': 23.92, 'M30': 4.22, 'M5': 30.98}","{'partial_be': 278, 'sl': 164, 'tp2': 67}","{'2025-09': -113.03, '2025-10': 918.71, '2025-11': 1601.69, '2025-12': 1163.2, '2026-01': 2616.09, '2026-02': 210.52, '2026-03': 865.07, '2026-04': 746.68, '2026-05': 2324.47, '2026-06': 382.6, '2026-07': -513.83, '2026-08': 3499.04, '2026-09': 343.1}",162,-3.75,58.6,-2.49,6,13.9,161,-7.5,-1.93,-0.379,-4.2,False,False,19.64
RE_b2,RE_b2,,M5:max_cost_r=0.08;min_quality=0.55;sessions=asia|london|preny|ny|lclose/M10|M15:min_quality=0.60/M30|H1:min_quality=0.57,reentry_bars=2,492,67.7,1.54,0.1962,96.53,137.12,-6.33,-8.79,3.27,31.7,54.9,13.2,67.9,311.0,27.87,23712.3,3656,3164,1,False,200,146,0,230,54.07,6023.47,68.3,1.695,0.2351,30.4,262,42.47,7688.83,67.2,1.46,0.1621,32.8,11,13,-514.34,-4.32,-4.87,"{'H1': 22, 'M10': 117, 'M15': 64, 'M30': 48, 'M5': 241}","{'H1': 1.97, 'M10': 38.46, 'M15': 21.36, 'M30': 1.78, 'M5': 32.97}","{'partial_be': 270, 'sl': 156, 'tp2': 65, 'daily_halt': 1}","{'2025-09': -3.21, '2025-10': 1018.46, '2025-11': 1593.38, '2025-12': 1194.0, '2026-01': 2022.32, '2026-02': 198.52, '2026-03': 1256.66, '2026-04': 737.41, '2026-05': 2289.5, '2026-06': 554.1, '2026-07': -514.34, '2026-08': 3022.4, '2026-09': 343.1}",146,-4.4,58.2,-1.13,5,14.0,144,-10.8,-1.11,-0.369,-3.9,False,False,21.66
RE_b1,RE_b1,,M5:max_cost_r=0.08;min_quality=0.55;sessions=asia|london|preny|ny|lclose/M10|M15:min_quality=0.60/M30|H1:min_quality=0.57,reentry_bars=1,481,68.6,1.592,0.1993,95.86,141.14,-5.81,-7.79,3.48,31.0,55.9,13.1,68.8,318.0,29.34,24113.79,3667,3186,0,False,200,134,0,224,51.15,5687.58,69.6,1.704,0.2283,29.5,257,44.71,8426.21,67.7,1.535,0.174,32.3,12,13,-310.13,-3.7,-4.68,"{'H1': 22, 'M10': 114, 'M15': 61, 'M30': 48, 'M5': 236}","{'H1': 1.98, 'M10': 40.31, 'M15': 22.55, 'M30': 1.79, 'M5': 29.23}","{'partial_be': 269, 'sl': 149, 'tp2': 63}","{'2025-09': 92.07, '2025-10': 1097.7, '2025-11': 1143.77, '2025-12': 1110.61, '2026-01': 1761.41, '2026-02': 482.02, '2026-03': 1200.16, '2026-04': 795.66, '2026-05': 2289.39, '2026-06': 594.56, '2026-07': -310.13, '2026-08': 3513.47, '2026-09': 343.1}",134,-1.82,61.2,1.27,4,14.1,133,-6.8,-0.59,-0.317,-3.0,False,False,24.29
KR_b6,KR_b6,,M5:max_cost_r=0.08;min_quality=0.55;sessions=asia|london|preny|ny|lclose/M10|M15:min_quality=0.60/M30|H1:min_quality=0.57,keep_replaced_bars=6,457,70.2,1.602,0.2066,94.41,134.4,-8.35,-7.16,3.37,29.3,58.9,11.8,70.5,274.0,29.41,23439.69,2748,2291,0,False,0,0,0,213,54.99,6332.47,71.4,1.866,0.2582,27.7,244,39.43,7107.22,69.3,1.474,0.1616,30.7,12,13,-492.51,-3.42,-3.78,"{'H1': 15, 'M10': 104, 'M15': 57, 'M30': 43, 'M5': 238}","{'H1': 2.31, 'M10': 38.52, 'M15': 25.41, 'M30': 5.34, 'M5': 22.83}","{'partial_be': 269, 'sl': 134, 'tp2': 54}","{'2025-09': 425.63, '2025-10': 1049.74, '2025-11': 1073.05, '2025-12': 692.24, '2026-01': 2252.04, '2026-02': 839.77, '2026-03': 1915.43, '2026-04': -492.51, '2026-05': 2736.26, '2026-06': 169.25, '2026-07': 1203.15, '2026-08': 1059.89, '2026-09': 515.75}",0,0.0,,0.0,4,14.4,109,-13.5,-3.13,-0.307,-1.4,False,False,16.1
KR_b3,KR_b3,,M5:max_cost_r=0.08;min_quality=0.55;sessions=asia|london|preny|ny|lclose/M10|M15:min_quality=0.60/M30|H1:min_quality=0.57,keep_replaced_bars=3,447,70.0,1.587,0.2046,91.47,128.2,-8.94,-7.11,3.33,29.5,58.6,11.9,70.2,278.0,28.68,22820.11,2832,2385,0,False,0,0,0,211,55.64,6439.21,71.6,1.899,0.2637,27.5,236,35.82,6380.9,68.6,1.435,0.1518,31.4,12,13,-514.78,-3.48,-3.76,"{'H1': 15, 'M10': 104, 'M15': 53, 'M30': 42, 'M5': 233}","{'H1': 2.32, 'M10': 38.51, 'M15': 24.43, 'M30': 3.1, 'M5': 23.11}","{'partial_be': 262, 'sl': 132, 'tp2': 53}","{'2025-09': 425.63, '2025-10': 1049.74, '2025-11': 1073.05, '2025-12': 692.24, '2026-01': 2203.98, '2026-02': 994.57, '2026-03': 1638.32, '2026-04': -514.78, '2026-05': 2728.92, '2026-06': 403.57, '2026-07': 710.27, '2026-08': 989.88, '2026-09': 424.72}",0,0.0,,0.0,4,14.7,99,-19.7,-3.72,-0.322,-1.6,False,False,14.34
RE_htf_b6,RE_htf_b6,,M5:max_cost_r=0.08;min_quality=0.55;sessions=asia|london|preny|ny|lclose/M10|M15:min_quality=0.60/M30|H1:min_quality=0.57,"reentry_bars=6,reentry_tfs=M10|M15|M30|H1",439,69.0,1.723,0.2315,101.62,148.89,-6.75,-7.04,3.71,30.5,55.6,13.9,69.2,355.0,33.92,24889.2,3570,3131,0,False,103,92,0,209,49.48,5346.61,68.4,1.7,0.2367,30.6,230,52.14,9542.59,69.6,1.736,0.2267,30.4,11,13,-212.48,-4.43,-4.76,"{'H1': 22, 'M10': 123, 'M15': 68, 'M30': 50, 'M5': 176}","{'H1': 2.11, 'M10': 36.25, 'M15': 24.79, 'M30': 4.18, 'M5': 34.29}","{'partial_be': 244, 'sl': 134, 'tp2': 61}","{'2025-09': -154.51, '2025-10': 949.1, '2025-11': 1341.13, '2025-12': 1165.02, '2026-01': 1933.35, '2026-02': 112.52, '2026-03': 1016.86, '2026-04': 157.55, '2026-05': 2802.34, '2026-06': 560.49, '2026-07': -212.48, '2026-08': 4867.41, '2026-09': 350.42}",92,1.06,59.8,8.14,6,15.6,91,1.0,-1.53,-0.186,-2.6,False,False,22.06
RE_htf_b3,RE_htf_b3,,M5:max_cost_r=0.08;min_quality=0.55;sessions=asia|london|preny|ny|lclose/M10|M15:min_quality=0.60/M30|H1:min_quality=0.57,"reentry_bars=3,reentry_tfs=M10|M15|M30|H1",435,69.0,1.718,0.2296,99.87,146.35,-6.75,-7.04,3.71,30.6,55.6,13.8,69.2,347.0,33.64,24634.82,3570,3135,0,False,103,88,0,208,48.81,5246.82,68.3,1.688,0.2347,30.8,227,51.06,9388.0,69.6,1.736,0.2249,30.4,11,13,-154.51,-4.43,-4.79,"{'H1': 22, 'M10': 122, 'M15': 66, 'M30': 49, 'M5': 176}","{'H1': 2.11, 'M10': 35.77, 'M15': 23.36, 'M30': 4.27, 'M5': 34.37}","{'partial_be': 242, 'sl': 133, 'tp2': 60}","{'2025-09': -154.51, '2025-10': 949.1, '2025-11': 1341.13, '2025-12': 1051.43, '2026-01': 1941.96, '2026-02': 117.71, '2026-03': 1170.16, '2026-04': 157.38, '2026-05': 2802.17, '2026-06': 560.49, '2026-07': -126.8, '2026-08': 4488.85, '2026-09': 335.75}",88,-0.78,59.1,7.1,6,14.7,87,-1.6,-1.53,-0.191,-2.6,False,False,21.68
KR_b2,KR_b2,,M5:max_cost_r=0.08;min_quality=0.55;sessions=asia|london|preny|ny|lclose/M10|M15:min_quality=0.60/M30|H1:min_quality=0.57,keep_replaced_bars=2,431,70.3,1.63,0.212,91.37,127.46,-8.89,-7.11,3.42,29.2,58.9,11.8,70.5,284.0,29.57,22746.23,2913,2482,0,False,0,0,0,205,51.21,5677.15,71.2,1.836,0.2498,27.8,226,40.16,7069.08,69.5,1.526,0.1777,30.5,12,13,-324.11,-3.49,-3.69,"{'H1': 15, 'M10': 99, 'M15': 51, 'M30': 41, 'M5': 225}","{'H1': 2.33, 'M10': 40.31, 'M15': 25.3, 'M30': 2.69, 'M5': 20.75}","{'partial_be': 254, 'sl': 126, 'tp2': 51}","{'2025-09': 180.05, '2025-10': 795.39, '2025-11': 1260.62, '2025-12': 654.83, '2026-01': 1786.08, '2026-02': 1000.18, '2026-03': 1732.67, '2026-04': -324.11, '2026-05': 2658.2, '2026-06': 425.64, '2026-07': 1141.62, '2026-08': 1010.34, '2026-09': 424.72}",0,0.0,,0.0,4,13.7,83,-20.5,-3.67,-0.279,-1.3,False,False,14.34
CF_htf_q0.5,CF_htf_q0.5,,M5:max_cost_r=0.08;min_quality=0.55;sessions=asia|london|preny|ny|lclose/M10|M15:min_quality=0.60/M30|H1:min_quality=0.57,CF=M5:max_cost_r=0.08;min_quality=0.55;sessions=asia|london|preny|ny|lclose/M10:min_quality=0.5/M15:min_quality=0.5/M30:min_quality=0.5/H1:min_quality=0.5,427,70.3,1.691,0.2456,104.89,151.89,-7.34,-6.64,3.68,29.3,57.1,13.6,70.0,285.0,35.57,25188.53,4718,4291,0,False,0,0,209,201,65.51,7392.89,71.6,2.108,0.3259,27.4,226,39.38,7795.64,69.0,1.51,0.1742,31.0,11,13,-157.97,-3.17,-3.69,"{'H1': 24, 'M10': 104, 'M15': 79, 'M30': 44, 'M5': 176}","{'H1': -4.13, 'M10': 48.24, 'M15': 25.8, 'M30': 1.87, 'M5': 33.11}","{'partial_be': 244, 'sl': 125, 'tp2': 58}","{'2025-09': 73.15, '2025-10': 1203.84, '2025-11': 1166.18, '2025-12': 1044.8, '2026-01': 2435.02, '2026-02': 1469.9, '2026-03': 1739.11, '2026-04': -157.97, '2026-05': 3412.64, '2026-06': 504.34, '2026-07': 271.05, '2026-08': 2136.94, '2026-09': -110.47}",209,71.96,73.2,23.38,4,13.7,79,4.0,-2.12,-0.218,-1.3,False,False,20.69
CF_htf_off,CF_htf_off,,M5:max_cost_r=0.08;min_quality=0.55;sessions=asia|london|preny|ny|lclose/M10|M15:min_quality=0.60/M30|H1:min_quality=0.57,CF=M5:max_cost_r=0.08;min_quality=0.55;sessions=asia|london|preny|ny|lclose,427,70.3,1.691,0.2456,104.89,151.89,-7.34,-6.64,3.68,29.3,57.1,13.6,70.0,285.0,35.57,25188.53,4718,4291,0,False,0,0,209,201,65.51,7392.89,71.6,2.108,0.3259,27.4,226,39.38,7795.64,69.0,1.51,0.1742,31.0,11,13,-157.97,-3.17,-3.69,"{'H1': 24, 'M10': 104, 'M15': 79, 'M30': 44, 'M5': 176}","{'H1': -4.13, 'M10': 48.24, 'M15': 25.8, 'M30': 1.87, 'M5': 33.11}","{'partial_be': 244, 'sl': 125, 'tp2': 58}","{'2025-09': 73.15, '2025-10': 1203.84, '2025-11': 1166.18, '2025-12': 1044.8, '2026-01': 2435.02, '2026-02': 1469.9, '2026-03': 1739.11, '2026-04': -157.97, '2026-05': 3412.64, '2026-06': 504.34, '2026-07': 271.05, '2026-08': 2136.94, '2026-09': -110.47}",209,71.96,73.2,23.38,4,13.9,79,4.0,-2.12,-0.218,-1.3,False,False,20.69
RE_htf_b2,RE_htf_b2,,M5:max_cost_r=0.08;min_quality=0.55;sessions=asia|london|preny|ny|lclose/M10|M15:min_quality=0.60/M30|H1:min_quality=0.57,"reentry_bars=2,reentry_tfs=M10|M15|M30|H1",427,69.3,1.71,0.2275,97.16,140.5,-5.75,-6.01,3.72,30.2,56.2,13.6,69.6,351.0,32.9,24049.77,3570,3143,0,False,103,80,0,204,46.89,5018.3,68.6,1.685,0.2299,30.4,223,50.26,9031.47,70.0,1.724,0.2254,30.0,11,13,-127.14,-4.07,-4.75,"{'H1': 22, 'M10': 117, 'M15': 64, 'M30': 48, 'M5': 176}","{'H1': 1.98, 'M10': 37.9, 'M15': 21.67, 'M30': 1.84, 'M5': 33.77}","{'partial_be': 240, 'sl': 129, 'tp2': 58}","{'2025-09': -49.99, '2025-10': 896.19, '2025-11': 1341.13, '2025-12': 1002.2, '2026-01': 1534.46, '2026-02': 294.31, '2026-03': 1449.63, '2026-04': 157.38, '2026-05': 2835.0, '2026-06': 532.46, '2026-07': -127.14, '2026-08': 3841.04, '2026-09': 343.1}",80,-2.58,60.0,6.4,5,14.4,79,-7.4,-0.53,-0.199,-2.3,False,False,24.43
RE_m10m15_b2_max2,RE_m10m15_b2_max2,,M5:max_cost_r=0.08;min_quality=0.55;sessions=asia|london|preny|ny|lclose/M10|M15:min_quality=0.60/M30|H1:min_quality=0.57,"reentry_bars=2,reentry_max=2,reentry_tfs=M10|M15",422,69.9,1.77,0.2432,102.63,154.32,-6.31,-6.5,3.93,29.6,56.4,14.0,70.1,322.0,36.57,25432.37,3570,3148,0,False,103,74,0,203,49.59,5434.95,69.0,1.75,0.2443,30.0,219,53.03,9997.42,70.8,1.782,0.2422,29.2,11,13,-621.79,-4.07,-4.73,"{'H1': 14, 'M10': 123, 'M15': 76, 'M30': 33, 'M5': 176}","{'H1': 2.23, 'M10': 40.05, 'M15': 22.4, 'M30': 3.11, 'M5': 34.84}","{'partial_be': 238, 'sl': 125, 'tp2': 59}","{'2025-09': -49.99, '2025-10': 979.52, '2025-11': 1126.53, '2025-12': 1104.66, '2026-01': 1993.88, '2026-02': 280.35, '2026-03': 1759.02, '2026-04': 562.16, '2026-05': 3126.61, '2026-06': 947.09, '2026-07': -621.79, '2026-08': 4062.99, '2026-09': 161.34}",74,2.14,62.2,8.95,5,15.2,74,6.4,-1.09,-0.139,-1.7,False,False,24.46
RE_htf_b1,RE_htf_b1,,M5:max_cost_r=0.08;min_quality=0.55;sessions=asia|london|preny|ny|lclose/M10|M15:min_quality=0.60/M30|H1:min_quality=0.57,"reentry_bars=1,reentry_tfs=M10|M15|M30|H1",421,70.1,1.763,0.2425,102.1,152.04,-5.75,-5.94,3.82,29.5,56.8,13.8,70.3,355.0,36.12,25204.46,3570,3149,0,False,103,74,0,200,51.33,5627.07,70.0,1.803,0.2567,29.0,221,50.77,9577.39,70.1,1.741,0.2297,29.9,12,13,-169.03,-4.03,-4.68,"{'H1': 22, 'M10': 114, 'M15': 61, 'M30': 48, 'M5': 176}","{'H1': 2.07, 'M10': 41.23, 'M15': 22.82, 'M30': 1.55, 'M5': 34.42}","{'partial_be': 239, 'sl': 124, 'tp2': 58}","{'2025-09': 55.91, '2025-10': 982.56, '2025-11': 1340.78, '2025-12': 1125.26, '2026-01': 1672.0, '2026-02': 450.56, '2026-03': 1589.64, '2026-04': 248.19, '2026-05': 3043.72, '2026-06': 549.21, '2026-07': -169.03, '2026-08': 4098.73, '2026-09': 216.93}",74,2.42,63.5,7.55,4,13.7,73,4.1,-0.53,-0.146,-1.5,False,False,26.44
RE_m10m15_b6,RE_m10m15_b6,,M5:max_cost_r=0.08;min_quality=0.55;sessions=asia|london|preny|ny|lclose/M10|M15:min_quality=0.60/M30|H1:min_quality=0.57,"reentry_bars=6,reentry_tfs=M10|M15",416,69.2,1.767,0.2403,99.98,149.1,-6.75,-6.95,3.8,30.3,55.5,14.2,69.5,326.0,35.84,24909.95,3543,3127,0,False,76,68,0,201,49.81,5449.13,68.7,1.748,0.2478,30.3,215,50.17,9460.82,69.8,1.779,0.2334,30.2,11,13,-154.51,-4.43,-4.73,"{'H1': 14, 'M10': 123, 'M15': 70, 'M30': 33, 'M5': 176}","{'H1': 2.25, 'M10': 36.58, 'M15': 24.65, 'M30': 2.94, 'M5': 33.56}","{'partial_be': 231, 'sl': 126, 'tp2': 59}","{'2025-09': -154.51, '2025-10': 962.82, '2025-11': 1224.69, '2025-12': 1277.21, '2026-01': 2027.58, '2026-02': 111.34, '2026-03': 881.9, '2026-04': 279.36, '2026-05': 2852.31, '2026-06': 812.36, '2026-07': -115.28, '2026-08': 4478.03, '2026-09': 272.14}",68,0.41,57.4,7.05,6,14.6,68,1.2,-1.53,-0.142,-2.4,False,False,22.09
RE_m10m15_b3,RE_m10m15_b3,,M5:max_cost_r=0.08;min_quality=0.55;sessions=asia|london|preny|ny|lclose/M10|M15:min_quality=0.60/M30|H1:min_quality=0.57,"reentry_bars=3,reentry_tfs=M10|M15",413,69.2,1.749,0.2366,97.73,143.82,-6.75,-6.95,3.71,30.3,55.7,14.0,69.5,319.0,34.82,24382.08,3543,3130,0,False,76,65,0,200,49.1,5350.95,68.5,1.736,0.2455,30.5,213,48.62,9031.13,70.0,1.756,0.2283,30.0,11,13,-154.51,-4.43,-4.76,"{'H1': 14, 'M10': 122, 'M15': 68, 'M30': 33, 'M5': 176}","{'H1': 2.19, 'M10': 35.95, 'M15': 23.18, 'M30': 2.94, 'M5': 33.47}","{'partial_be': 230, 'sl': 125, 'tp2': 58}","{'2025-09': -154.51, '2025-10': 962.82, '2025-11': 1224.69, '2025-12': 1163.62, '2026-01': 2041.81, '2026-02': 112.52, '2026-03': 1001.84, '2026-04': 279.36, '2026-05': 2851.97, '2026-06': 812.36, '2026-07': -115.28, '2026-08': 3921.39, '2026-09': 279.49}",65,-1.74,56.9,5.7,6,15.4,65,-4.1,-1.53,-0.16,-2.4,False,False,21.31
CF_all_q0.52_cost0.12,CF_all_q0.52_cost0.12,,M5:max_cost_r=0.08;min_quality=0.55;sessions=asia|london|preny|ny|lclose/M10|M15:min_quality=0.60/M30|H1:min_quality=0.57,CF=M5:max_cost_r=0.12;min_quality=0.52;sessions=asia|london|preny|ny|lclose/M10:min_quality=0.52/M15:min_quality=0.52/M30:min_quality=0.52/H1:min_quality=0.52,412,71.1,1.762,0.2569,105.82,162.78,-5.77,-5.76,3.83,28.4,58.0,13.6,71.4,291.0,39.51,26277.51,4385,3973,0,False,0,0,194,199,68.59,8536.8,72.9,2.281,0.3447,26.1,213,37.23,7740.71,69.5,1.526,0.1748,30.5,11,13,-302.11,-3.0,-3.83,"{'H1': 20, 'M10': 101, 'M15': 68, 'M30': 38, 'M5': 185}","{'H1': -1.35, 'M10': 44.59, 'M15': 25.36, 'M30': 1.68, 'M5': 35.54}","{'partial_be': 239, 'sl': 117, 'tp2': 56}","{'2025-09': 166.53, '2025-10': 1559.34, '2025-11': 1239.54, '2025-12': 1330.71, '2026-01': 2611.73, '2026-02': 1628.95, '2026-03': 1959.36, '2026-04': -302.11, '2026-05': 2973.51, '2026-06': 343.09, '2026-07': 301.12, '2026-08': 2591.27, '2026-09': -125.53}",194,75.22,75.3,21.67,4,14.5,64,14.8,-0.55,-0.147,-0.5,False,False,28.21
RE_m10m15_b2,RE_m10m15_b2,,M5:max_cost_r=0.08;min_quality=0.55;sessions=asia|london|preny|ny|lclose/M10|M15:min_quality=0.60/M30|H1:min_quality=0.57,"reentry_bars=2,reentry_tfs=M10|M15",406,69.7,1.77,0.2417,98.11,143.85,-5.75,-5.92,3.85,29.8,56.2,14.0,70.0,323.0,35.43,24385.06,3543,3137,0,False,76,58,0,196,47.91,5138.85,68.9,1.731,0.2444,30.1,210,50.2,9246.21,70.5,1.792,0.2391,29.5,11,13,-115.28,-4.04,-4.72,"{'H1': 14, 'M10': 117, 'M15': 66, 'M30': 33, 'M5': 176}","{'H1': 2.19, 'M10': 37.97, 'M15': 21.45, 'M30': 2.94, 'M5': 33.57}","{'partial_be': 228, 'sl': 121, 'tp2': 57}","{'2025-09': -49.99, '2025-10': 966.79, '2025-11': 1224.01, '2025-12': 1076.84, '2026-01': 1633.97, '2026-02': 287.23, '2026-03': 1273.36, '2026-04': 279.02, '2026-05': 2795.87, '2026-06': 812.36, '2026-07': -115.28, '2026-08': 3921.39, '2026-09': 279.49}",58,-0.91,58.6,7.62,5,14.2,58,-4.1,-0.53,-0.139,-1.9,False,False,25.02
CF_htf_q0.52,CF_htf_q0.52,,M5:max_cost_r=0.08;min_quality=0.55;sessions=asia|london|preny|ny|lclose/M10|M15:min_quality=0.60/M30|H1:min_quality=0.57,CF=M5:max_cost_r=0.08;min_quality=0.55;sessions=asia|london|preny|ny|lclose/M10:min_quality=0.52/M15:min_quality=0.52/M30:min_quality=0.52/H1:min_quality=0.52,403,71.0,1.746,0.2614,105.34,150.87,-5.63,-6.0,3.75,28.5,57.8,13.6,70.7,296.0,37.44,25087.18,4212,3809,0,False,0,0,182,192,68.26,7669.07,72.9,2.234,0.3555,26.0,211,37.08,7418.11,69.2,1.529,0.1757,30.8,11,13,-273.14,-2.92,-3.74,"{'H1': 20, 'M10': 101, 'M15': 68, 'M30': 38, 'M5': 176}","{'H1': -1.22, 'M10': 46.43, 'M15': 25.0, 'M30': 1.24, 'M5': 33.88}","{'partial_be': 233, 'sl': 115, 'tp2': 55}","{'2025-09': 166.53, '2025-10': 1302.18, '2025-11': 1146.34, '2025-12': 1101.45, '2026-01': 2491.26, '2026-02': 1461.31, '2026-03': 1890.38, '2026-04': -273.14, '2026-05': 2863.12, '2026-06': 370.29, '2026-07': 134.27, '2026-08': 2530.84, '2026-09': -97.65}",182,73.31,75.3,22.52,4,13.8,55,2.9,-0.41,-0.163,-0.6,False,False,26.8
CF_m10m15_q0.5,CF_m10m15_q0.5,,M5:max_cost_r=0.08;min_quality=0.55;sessions=asia|london|preny|ny|lclose/M10|M15:min_quality=0.60/M30|H1:min_quality=0.57,CF=M5:max_cost_r=0.08;min_quality=0.55;sessions=asia|london|preny|ny|lclose/M10:min_quality=0.5/M15:min_quality=0.5/M30:min_quality=0.57/H1:min_quality=0.57,403,71.2,1.832,0.2674,107.76,168.37,-5.53,-5.84,3.99,28.3,57.3,14.4,71.5,289.0,41.78,26837.39,4368,3965,0,False,0,0,175,196,65.39,7985.0,72.4,2.231,0.3336,26.5,207,42.37,8852.39,70.0,1.644,0.2047,30.0,12,13,-263.88,-3.17,-3.79,"{'H1': 14, 'M10': 103, 'M15': 77, 'M30': 33, 'M5': 176}","{'H1': 1.55, 'M10': 46.25, 'M15': 25.67, 'M30': 2.82, 'M5': 31.48}","{'partial_be': 231, 'sl': 114, 'tp2': 58}","{'2025-09': 73.15, '2025-10': 1334.72, '2025-11': 1153.15, '2025-12': 1226.42, '2026-01': 2604.0, '2026-02': 1593.56, '2026-03': 1800.05, '2026-04': -263.88, '2026-05': 3411.09, '2026-06': 807.01, '2026-07': 501.86, '2026-08': 2501.59, '2026-09': 94.67}",175,73.06,75.4,27.15,4,13.6,55,20.4,-0.31,-0.077,-0.4,False,False,30.45
KR_b1,KR_b1,,M5:max_cost_r=0.08;min_quality=0.55;sessions=asia|london|preny|ny|lclose/M10|M15:min_quality=0.60/M30|H1:min_quality=0.57,keep_replaced_bars=1,401,71.1,1.774,0.2424,97.2,141.4,-6.67,-6.21,3.78,28.4,58.9,12.7,71.3,300.0,35.26,24139.8,3053,2652,0,False,0,0,0,196,51.7,5756.86,71.4,1.904,0.2638,27.6,205,45.5,8382.94,70.7,1.705,0.2219,29.3,12,13,-179.67,-3.5,-3.67,"{'H1': 14, 'M10': 92, 'M15': 51, 'M30': 38, 'M5': 206}","{'H1': 3.34, 'M10': 42.11, 'M15': 25.46, 'M30': 2.74, 'M5': 23.54}","{'partial_be': 236, 'sl': 114, 'tp2': 51}","{'2025-09': 180.05, '2025-10': 783.52, '2025-11': 1255.01, '2025-12': 786.39, '2026-01': 1642.81, '2026-02': 1109.08, '2026-03': 1690.43, '2026-04': -179.67, '2026-05': 2748.08, '2026-06': 804.2, '2026-07': 1190.41, '2026-08': 1621.76, '2026-09': 507.73}",0,0.0,,0.0,4,13.5,53,-6.5,-1.45,-0.135,-0.5,False,False,21.2
RE_m10m15_b1,RE_m10m15_b1,,M5:max_cost_r=0.08;min_quality=0.55;sessions=asia|london|preny|ny|lclose/M10|M15:min_quality=0.60/M30|H1:min_quality=0.57,"reentry_bars=1,reentry_tfs=M10|M15",400,70.5,1.834,0.26,104.0,156.93,-5.5,-5.04,3.98,29.0,56.8,14.2,70.8,327.0,39.23,25693.43,3543,3143,0,False,76,52,0,192,52.4,5785.13,70.3,1.868,0.2729,28.6,208,51.6,9908.3,70.7,1.816,0.2481,29.3,13,13,7.67,-3.99,-4.64,"{'H1': 14, 'M10': 114, 'M15': 63, 'M30': 33, 'M5': 176}","{'H1': 2.24, 'M10': 40.95, 'M15': 23.63, 'M30': 2.8, 'M5': 34.37}","{'partial_be': 227, 'sl': 116, 'tp2': 57}","{'2025-09': 55.91, '2025-10': 1042.94, '2025-11': 1224.17, '2025-12': 1198.71, '2026-01': 1813.01, '2026-02': 450.39, '2026-03': 1427.14, '2026-04': 385.86, '2026-05': 3093.86, '2026-06': 790.16, '2026-07': 7.67, '2026-08': 4049.62, '2026-09': 153.99}",52,3.64,63.5,8.13,4,14.0,52,9.0,-0.28,-0.075,-1.1,False,True,28.53
KR_htf_b6,KR_htf_b6,,M5:max_cost_r=0.08;min_quality=0.55;sessions=asia|london|preny|ny|lclose/M10|M15:min_quality=0.60/M30|H1:min_quality=0.57,"keep_replaced_bars=6,keep_replaced_tfs=M10|M15|M30|H1",395,72.7,1.871,0.2673,105.6,161.58,-5.87,-6.05,4.05,26.8,60.0,13.2,72.9,307.0,40.91,26157.71,3114,2719,0,False,0,0,0,180,58.88,6916.24,73.9,2.244,0.3271,25.0,215,46.72,9241.47,71.6,1.712,0.2173,28.4,12,13,-237.91,-2.5,-3.5,"{'H1': 15, 'M10': 104, 'M15': 57, 'M30': 43, 'M5': 176}","{'H1': 1.71, 'M10': 39.66, 'M15': 25.44, 'M30': 5.04, 'M5': 33.75}","{'partial_be': 237, 'sl': 106, 'tp2': 52}","{'2025-09': 281.54, '2025-10': 1093.78, '2025-11': 1226.21, '2025-12': 1167.25, '2026-01': 2070.37, '2026-02': 1077.09, '2026-03': 2001.4, '2026-04': -237.91, '2026-05': 2701.88, '2026-06': 727.94, '2026-07': 1810.44, '2026-08': 1862.84, '2026-09': 374.88}",0,0.0,,0.0,4,13.6,47,13.7,-0.65,-0.038,1.1,False,False,27.53
CF_m10q0.5_m15q0.52,CF_m10q0.5_m15q0.52,,M5:max_cost_r=0.08;min_quality=0.55;sessions=asia|london|preny|ny|lclose/M10|M15:min_quality=0.60/M30|H1:min_quality=0.57,CF=M5:max_cost_r=0.08;min_quality=0.55;sessions=asia|london|preny|ny|lclose/M10:min_quality=0.5/M15:min_quality=0.52/M30:min_quality=0.57/H1:min_quality=0.57,394,71.8,1.872,0.2764,108.9,169.28,-5.63,-5.84,4.07,27.7,58.1,14.2,72.1,293.0,42.96,26927.64,4216,3822,0,False,0,0,166,193,67.23,8161.37,73.1,2.295,0.3484,25.9,201,41.66,8766.27,70.6,1.669,0.2073,29.4,12,13,-235.74,-3.04,-3.83,"{'H1': 14, 'M10': 102, 'M15': 69, 'M30': 33, 'M5': 176}","{'H1': 1.55, 'M10': 47.05, 'M15': 25.42, 'M30': 2.82, 'M5': 32.06}","{'partial_be': 229, 'sl': 109, 'tp2': 56}","{'2025-09': 166.53, '2025-10': 1302.18, '2025-11': 1146.34, '2025-12': 1226.25, '2026-01': 2732.3, '2026-02': 1587.77, '2026-03': 2012.35, '2026-04': -235.74, '2026-05': 2987.87, '2026-06': 564.63, '2026-07': 511.5, '2026-08': 2558.3, '2026-09': 367.36}",166,73.73,77.1,25.91,4,14.1,46,21.3,-0.41,-0.037,0.2,False,False,30.07
CF_m10m15_q0.52,CF_m10m15_q0.52,,M5:max_cost_r=0.08;min_quality=0.55;sessions=asia|london|preny|ny|lclose/M10|M15:min_quality=0.60/M30|H1:min_quality=0.57,CF=M5:max_cost_r=0.08;min_quality=0.55;sessions=asia|london|preny|ny|lclose/M10:min_quality=0.52/M15:min_quality=0.52/M30:min_quality=0.57/H1:min_quality=0.57,390,71.8,1.85,0.2811,109.63,159.81,-5.63,-6.01,3.99,27.7,58.2,14.1,71.5,296.0,40.98,25981.25,4030,3640,0,False,0,0,162,190,69.09,7721.91,73.2,2.257,0.3636,25.8,200,40.53,8259.34,70.5,1.653,0.2027,29.5,12,13,-273.14,-2.92,-3.71,"{'H1': 14, 'M10': 99, 'M15': 68, 'M30': 33, 'M5': 176}","{'H1': 1.58, 'M10': 47.26, 'M15': 24.98, 'M30': 2.49, 'M5': 33.31}","{'partial_be': 227, 'sl': 108, 'tp2': 55}","{'2025-09': 166.53, '2025-10': 1302.18, '2025-11': 1146.34, '2025-12': 1226.25, '2026-01': 2477.42, '2026-02': 1403.19, '2026-03': 1881.07, '2026-04': -273.14, '2026-05': 2851.33, '2026-06': 548.39, '2026-07': 300.33, '2026-08': 2569.13, '2026-09': 382.23}",162,74.94,77.2,25.3,4,13.4,42,11.9,-0.41,-0.059,0.2,False,False,28.39
KR_htf_b3,KR_htf_b3,,M5:max_cost_r=0.08;min_quality=0.55;sessions=asia|london|preny|ny|lclose/M10|M15:min_quality=0.60/M30|H1:min_quality=0.57,"keep_replaced_bars=3,keep_replaced_tfs=M10|M15|M30|H1",390,72.6,1.847,0.2632,102.64,154.66,-5.87,-6.05,4.03,26.9,60.0,13.1,72.8,309.0,39.66,25466.12,3152,2762,0,False,0,0,0,179,60.03,7103.55,74.3,2.316,0.3354,24.6,211,42.61,8362.57,71.1,1.65,0.2019,28.9,12,13,-237.91,-2.56,-3.51,"{'H1': 15, 'M10': 104, 'M15': 53, 'M30': 42, 'M5': 176}","{'H1': 1.74, 'M10': 39.56, 'M15': 24.62, 'M30': 2.37, 'M5': 34.35}","{'partial_be': 234, 'sl': 105, 'tp2': 51}","{'2025-09': 281.54, '2025-10': 1093.78, '2025-11': 1226.21, '2025-12': 1167.25, '2026-01': 2070.37, '2026-02': 1264.4, '2026-03': 1794.85, '2026-04': -237.91, '2026-05': 2702.05, '2026-06': 727.94, '2026-07': 1173.66, '2026-08': 1819.75, '2026-09': 382.23}",0,0.0,,0.0,4,13.9,42,6.7,-0.65,-0.062,1.0,False,False,26.35
KR_m10m15m30_b3,KR_m10m15m30_b3,,M5:max_cost_r=0.08;min_quality=0.55;sessions=asia|london|preny|ny|lclose/M10|M15:min_quality=0.60/M30|H1:min_quality=0.57,"keep_replaced_bars=3,keep_replaced_tfs=M10|M15|M30",389,72.5,1.855,0.2633,102.42,155.13,-5.87,-6.05,4.09,27.0,59.9,13.1,72.8,309.0,39.88,25513.49,3173,2784,0,False,0,0,0,179,60.03,7103.55,74.3,2.316,0.3354,24.6,210,42.39,8409.94,71.0,1.66,0.2019,29.0,12,13,-263.57,-2.58,-3.53,"{'H1': 14, 'M10': 104, 'M15': 53, 'M30': 42, 'M5': 176}","{'H1': 1.59, 'M10': 39.53, 'M15': 24.59, 'M30': 2.37, 'M5': 34.34}","{'partial_be': 233, 'sl': 105, 'tp2': 51}","{'2025-09': 281.54, '2025-10': 1093.78, '2025-11': 1226.21, '2025-12': 1167.25, '2026-01': 2070.37, '2026-02': 1264.4, '2026-03': 1794.85, '2026-04': -263.57, '2026-05': 2710.76, '2026-06': 557.62, '2026-07': 1208.07, '2026-08': 2019.98, '2026-09': 382.23}",0,0.0,,0.0,4,14.1,41,7.2,-0.65,-0.054,0.9,False,False,26.43
KR_m10m15_b6,KR_m10m15_b6,,M5:max_cost_r=0.08;min_quality=0.55;sessions=asia|london|preny|ny|lclose/M10|M15:min_quality=0.60/M30|H1:min_quality=0.57,"keep_replaced_bars=6,keep_replaced_tfs=M10|M15",384,72.1,1.878,0.2683,103.02,157.44,-5.71,-6.05,4.1,27.3,59.4,13.3,72.4,309.0,41.0,25744.31,3230,2846,0,False,0,0,0,176,58.54,6919.71,73.3,2.255,0.3326,25.6,208,44.48,8824.6,71.2,1.71,0.2139,28.8,12,13,-319.87,-2.58,-3.55,"{'H1': 14, 'M10': 104, 'M15': 57, 'M30': 33, 'M5': 176}","{'H1': 1.59, 'M10': 39.62, 'M15': 25.4, 'M30': 2.15, 'M5': 34.26}","{'partial_be': 228, 'sl': 105, 'tp2': 51}","{'2025-09': 269.8, '2025-10': 1113.77, '2025-11': 1241.08, '2025-12': 1148.05, '2026-01': 2052.42, '2026-02': 1094.59, '2026-03': 1966.83, '2026-04': -319.87, '2026-05': 2677.12, '2026-06': 560.39, '2026-07': 1194.0, '2026-08': 2363.9, '2026-09': 382.23}",0,0.0,,0.0,4,13.6,36,9.5,-0.49,-0.031,0.5,True,True,27.57
F_m5_cost0.12,F_m5_cost0.12,,M5:max_cost_r=0.12;min_quality=0.55;sessions=asia|london|preny|ny|lclose/M10:min_quality=0.6/M15:min_quality=0.6/M30:min_quality=0.57/H1:min_quality=0.57,,383,71.0,1.766,0.2477,94.85,138.15,-5.93,-6.0,3.67,28.5,58.2,13.3,71.3,289.0,36.07,23815.07,3841,3458,0,False,0,0,0,184,52.51,5991.98,71.7,1.984,0.2854,27.2,199,42.34,7823.09,70.4,1.655,0.2128,29.6,13,13,76.06,-2.97,-3.74,"{'H1': 14, 'M10': 80, 'M15': 45, 'M30': 33, 'M5': 211}","{'H1': 1.07, 'M10': 38.45, 'M15': 21.29, 'M30': 2.23, 'M5': 31.81}","{'partial_be': 223, 'sl': 109, 'tp2': 51}","{'2025-09': 291.3, '2025-10': 1140.03, '2025-11': 1112.37, '2025-12': 891.99, '2026-01': 1784.0, '2026-02': 772.29, '2026-03': 1653.16, '2026-04': 76.06, '2026-05': 3214.61, '2026-06': 718.17, '2026-07': 100.95, '2026-08': 1545.06, '2026-09': 515.08}",0,0.0,,0.0,4,13.3,35,-9.8,-0.71,-0.143,-0.6,False,False,23.3
KR_htf_b2,KR_htf_b2,,M5:max_cost_r=0.08;min_quality=0.55;sessions=asia|london|preny|ny|lclose/M10|M15:min_quality=0.60/M30|H1:min_quality=0.57,"keep_replaced_bars=2,keep_replaced_tfs=M10|M15|M30|H1",382,72.8,1.894,0.2738,104.58,157.94,-5.83,-6.21,4.09,26.7,59.9,13.4,73.0,313.0,41.35,25794.39,3190,2808,0,False,0,0,0,177,60.13,7015.79,74.0,2.314,0.3397,24.9,205,44.45,8778.6,71.7,1.712,0.2168,28.3,12,13,-301.86,-2.68,-3.44,"{'H1': 15, 'M10': 99, 'M15': 51, 'M30': 41, 'M5': 176}","{'H1': 1.74, 'M10': 42.08, 'M15': 25.23, 'M30': 2.19, 'M5': 33.34}","{'partial_be': 229, 'sl': 102, 'tp2': 51}","{'2025-09': 281.54, '2025-10': 903.43, '2025-11': 1313.37, '2025-12': 1167.42, '2026-01': 2085.29, '2026-02': 1264.74, '2026-03': 1877.64, '2026-04': -301.86, '2026-05': 2889.07, '2026-06': 801.79, '2026-07': 1387.97, '2026-08': 1741.76, '2026-09': 382.23}",0,0.0,,0.0,4,14.5,34,10.0,-0.61,-0.015,1.2,False,False,27.09
KR_m10m15_b3,KR_m10m15_b3,,M5:max_cost_r=0.08;min_quality=0.55;sessions=asia|london|preny|ny|lclose/M10|M15:min_quality=0.60/M30|H1:min_quality=0.57,"keep_replaced_bars=3,keep_replaced_tfs=M10|M15",380,72.1,1.874,0.2681,101.9,155.19,-5.71,-6.05,4.12,27.4,59.2,13.4,72.4,311.0,40.84,25519.16,3257,2877,0,False,0,0,0,175,59.7,7089.52,73.7,2.321,0.3411,25.1,205,42.2,8429.64,70.7,1.681,0.2059,29.3,12,13,-310.95,-2.6,-3.48,"{'H1': 14, 'M10': 104, 'M15': 53, 'M30': 33, 'M5': 176}","{'H1': 1.59, 'M10': 39.42, 'M15': 24.62, 'M30': 2.15, 'M5': 34.12}","{'partial_be': 225, 'sl': 104, 'tp2': 51}","{'2025-09': 269.8, '2025-10': 1113.77, '2025-11': 1241.08, '2025-12': 1148.05, '2026-01': 2052.42, '2026-02': 1264.4, '2026-03': 1722.8, '2026-04': -310.95, '2026-05': 2685.94, '2026-06': 495.66, '2026-07': 1213.08, '2026-08': 2240.88, '2026-09': 382.23}",0,0.0,,0.0,4,13.6,32,7.3,-0.49,-0.035,0.5,True,False,27.18
CF_m15_q0.5,CF_m15_q0.5,,M5:max_cost_r=0.08;min_quality=0.55;sessions=asia|london|preny|ny|lclose/M10|M15:min_quality=0.60/M30|H1:min_quality=0.57,CF=M5:max_cost_r=0.08;min_quality=0.55;sessions=asia|london|preny|ny|lclose/M10:min_quality=0.6/M15:min_quality=0.5/M30:min_quality=0.57/H1:min_quality=0.57,379,70.4,1.84,0.2754,104.39,155.56,-5.5,-6.01,3.86,29.0,56.5,14.5,70.4,301.0,41.05,25556.07,3853,3474,0,False,0,0,148,181,60.05,6814.2,71.3,2.136,0.3318,27.6,198,44.34,8741.87,69.7,1.699,0.224,30.3,12,13,-161.91,-3.17,-3.68,"{'H1': 14, 'M10': 80, 'M15': 76, 'M30': 33, 'M5': 176}","{'H1': 1.59, 'M10': 40.02, 'M15': 27.29, 'M30': 2.35, 'M5': 33.14}","{'partial_be': 214, 'sl': 110, 'tp2': 55}","{'2025-09': 73.15, '2025-10': 1247.12, '2025-11': 1089.76, '2025-12': 1153.72, '2026-01': 2391.18, '2026-02': 859.27, '2026-03': 1653.45, '2026-04': -161.91, '2026-05': 3068.88, '2026-06': 876.29, '2026-07': 401.99, '2026-08': 2520.94, '2026-09': 382.23}",148,59.62,73.6,28.05,4,13.4,31,7.6,-0.28,-0.069,-1.2,False,True,28.28
F_m10_q0.57,F_m10_q0.57,,M5:max_cost_r=0.08;min_quality=0.55;sessions=asia|london|preny|ny|lclose/M10:min_quality=0.57/M15:min_quality=0.6/M30:min_quality=0.57/H1:min_quality=0.57,,378,70.9,1.807,0.2592,97.98,144.3,-6.34,-4.89,3.97,28.6,57.9,13.5,71.2,295.0,38.17,24430.0,3844,3466,0,False,0,0,0,180,53.96,6220.61,71.1,2.005,0.2998,27.8,198,44.02,8209.39,70.7,1.702,0.2223,29.3,13,13,2.12,-2.28,-3.78,"{'H1': 14, 'M10': 110, 'M15': 45, 'M30': 33, 'M5': 176}","{'H1': 2.53, 'M10': 36.47, 'M15': 21.69, 'M30': 2.23, 'M5': 35.05}","{'partial_be': 219, 'sl': 108, 'tp2': 51}","{'2025-09': 320.35, '2025-10': 1443.69, '2025-11': 1117.51, '2025-12': 711.2, '2026-01': 1752.63, '2026-02': 875.23, '2026-03': 1725.93, '2026-04': 2.12, '2026-05': 2848.25, '2026-06': 876.84, '2026-07': 766.41, '2026-08': 1725.32, '2026-09': 264.52}",0,0.0,,0.0,4,13.2,30,-3.6,-1.12,-0.102,-0.7,False,False,22.76
CF_m10q0.52_m15q0.55,CF_m10q0.52_m15q0.55,,M5:max_cost_r=0.08;min_quality=0.55;sessions=asia|london|preny|ny|lclose/M10|M15:min_quality=0.60/M30|H1:min_quality=0.57,CF=M5:max_cost_r=0.08;min_quality=0.55;sessions=asia|london|preny|ny|lclose/M10:min_quality=0.52/M15:min_quality=0.55/M30:min_quality=0.57/H1:min_quality=0.57,378,72.2,1.892,0.2874,108.64,168.06,-5.51,-6.02,3.99,27.2,58.5,14.3,72.5,300.0,44.46,26805.92,3888,3510,0,False,0,0,145,182,68.9,8445.92,73.6,2.402,0.3786,25.3,196,39.75,8360.0,70.9,1.653,0.2028,29.1,12,13,-296.58,-3.02,-3.79,"{'H1': 14, 'M10': 99, 'M15': 56, 'M30': 33, 'M5': 176}","{'H1': 1.44, 'M10': 45.54, 'M15': 26.22, 'M30': 2.94, 'M5': 32.5}","{'partial_be': 221, 'sl': 103, 'tp2': 54}","{'2025-09': 269.8, '2025-10': 1465.38, '2025-11': 1416.01, '2025-12': 1223.51, '2026-01': 2485.98, '2026-02': 1585.24, '2026-03': 1959.36, '2026-04': -296.58, '2026-05': 3201.06, '2026-06': 447.87, '2026-07': 731.62, '2026-08': 1941.96, '2026-09': 374.71}",145,67.12,77.9,18.8,5,13.7,30,20.1,-0.29,-0.017,0.6,False,False,30.5
F_m5_cost0.10,F_m5_cost0.10,,M5:max_cost_r=0.1;min_quality=0.55;sessions=asia|london|preny|ny|lclose/M10:min_quality=0.6/M15:min_quality=0.6/M30:min_quality=0.57/H1:min_quality=0.57,,374,70.6,1.764,0.2557,95.62,135.88,-5.96,-6.0,3.59,28.9,57.5,13.6,70.9,293.0,36.33,23587.79,3673,3299,0,False,0,0,0,177,53.85,5987.23,71.2,2.021,0.3043,27.7,197,41.77,7600.56,70.1,1.638,0.212,29.9,12,13,-101.31,-3.0,-3.75,"{'H1': 14, 'M10': 80, 'M15': 45, 'M30': 33, 'M5': 202}","{'H1': 2.16, 'M10': 39.27, 'M15': 23.07, 'M30': 2.23, 'M5': 28.89}","{'partial_be': 215, 'sl': 108, 'tp2': 51}","{'2025-09': 164.47, '2025-10': 972.6, '2025-11': 1225.0, '2025-12': 887.41, '2026-01': 1965.46, '2026-02': 772.29, '2026-03': 1653.16, '2026-04': 76.06, '2026-05': 3022.45, '2026-06': 857.67, '2026-07': -101.31, '2026-08': 1576.78, '2026-09': 515.75}",0,0.0,,0.0,4,13.4,26,-12.1,-0.74,-0.145,-1.0,False,False,22.8
CF_htf_q0.55,CF_htf_q0.55,,M5:max_cost_r=0.08;min_quality=0.55;sessions=asia|london|preny|ny|lclose/M10|M15:min_quality=0.60/M30|H1:min_quality=0.57,CF=M5:max_cost_r=0.08;min_quality=0.55;sessions=asia|london|preny|ny|lclose/M10:min_quality=0.55/M15:min_quality=0.55/M30:min_quality=0.55/H1:min_quality=0.55,373,71.6,1.851,0.2769,103.27,156.5,-5.86,-5.89,3.88,27.9,57.9,14.2,71.8,303.0,41.96,25650.07,3768,3395,0,False,0,0,137,179,65.41,7916.26,73.2,2.34,0.3654,25.7,194,37.86,7733.81,70.1,1.62,0.1952,29.9,12,13,-335.03,-2.92,-3.69,"{'H1': 16, 'M10': 91, 'M15': 56, 'M30': 34, 'M5': 176}","{'H1': 0.62, 'M10': 42.1, 'M15': 26.59, 'M30': 1.73, 'M5': 32.23}","{'partial_be': 216, 'sl': 104, 'tp2': 53}","{'2025-09': 269.8, '2025-10': 1465.38, '2025-11': 1416.01, '2025-12': 1083.67, '2026-01': 2624.97, '2026-02': 1056.43, '2026-03': 1708.44, '2026-04': -335.03, '2026-05': 3066.04, '2026-06': 479.86, '2026-07': 410.05, '2026-08': 2022.22, '2026-09': 382.23}",137,53.73,75.9,16.95,5,13.4,25,8.6,-0.64,-0.058,0.0,False,False,26.71
KR_m10m15_b2,KR_m10m15_b2,,M5:max_cost_r=0.08;min_quality=0.55;sessions=asia|london|preny|ny|lclose/M10|M15:min_quality=0.60/M30|H1:min_quality=0.57,"keep_replaced_bars=2,keep_replaced_tfs=M10|M15",373,72.4,1.919,0.2786,103.94,156.82,-5.85,-6.21,4.17,27.1,59.2,13.7,72.7,315.0,42.04,25682.15,3285,2912,0,False,0,0,0,173,58.95,6806.08,73.4,2.287,0.3407,25.4,200,44.99,8876.07,71.5,1.753,0.2249,28.5,12,13,-400.14,-2.59,-3.55,"{'H1': 14, 'M10': 99, 'M15': 51, 'M30': 33, 'M5': 176}","{'H1': 1.59, 'M10': 41.87, 'M15': 25.26, 'M30': 2.18, 'M5': 33.03}","{'partial_be': 221, 'sl': 101, 'tp2': 51}","{'2025-09': 269.8, '2025-10': 864.72, '2025-11': 1322.06, '2025-12': 1091.4, '2026-01': 2018.13, '2026-02': 1239.97, '2026-03': 1877.98, '2026-04': -400.14, '2026-05': 2843.05, '2026-06': 495.66, '2026-07': 1395.61, '2026-08': 2281.68, '2026-09': 382.23}",0,0.0,,0.0,4,13.3,25,8.9,-0.63,0.01,0.8,False,False,26.81
CF_m15_q0.52,CF_m15_q0.52,,M5:max_cost_r=0.08;min_quality=0.55;sessions=asia|london|preny|ny|lclose/M10|M15:min_quality=0.60/M30|H1:min_quality=0.57,CF=M5:max_cost_r=0.08;min_quality=0.55;sessions=asia|london|preny|ny|lclose/M10:min_quality=0.6/M15:min_quality=0.52/M30:min_quality=0.57/H1:min_quality=0.57,371,71.2,1.872,0.2856,105.95,157.28,-5.51,-6.0,3.96,28.3,57.4,14.3,71.2,305.0,42.39,25728.36,3721,3350,0,False,0,0,140,178,64.07,7309.69,72.5,2.269,0.36,26.4,193,41.87,8418.67,69.9,1.686,0.217,30.1,12,13,-116.7,-2.93,-3.66,"{'H1': 14, 'M10': 80, 'M15': 68, 'M30': 33, 'M5': 176}","{'H1': 1.59, 'M10': 40.31, 'M15': 27.17, 'M30': 2.49, 'M5': 34.39}","{'partial_be': 213, 'sl': 105, 'tp2': 53}","{'2025-09': 166.53, '2025-10': 1266.83, '2025-11': 1090.69, '2025-12': 1210.54, '2026-01': 2553.94, '2026-02': 1021.16, '2026-03': 1758.84, '2026-04': -116.7, '2026-05': 2845.75, '2026-06': 599.42, '2026-07': 396.45, '2026-08': 2552.68, '2026-09': 382.23}",140,59.96,75.7,25.2,4,13.3,23,9.3,-0.29,-0.037,-0.4,False,True,28.54
KR_htf_b1,KR_htf_b1,,M5:max_cost_r=0.08;min_quality=0.55;sessions=asia|london|preny|ny|lclose/M10|M15:min_quality=0.60/M30|H1:min_quality=0.57,"keep_replaced_bars=1,keep_replaced_tfs=M10|M15|M30|H1",371,73.0,1.987,0.2899,107.57,166.38,-5.83,-6.21,4.3,26.4,59.8,13.7,73.3,319.0,44.85,26637.81,3259,2888,0,False,0,0,0,175,59.91,6999.41,73.7,2.315,0.3424,25.1,196,47.65,9638.4,72.4,1.836,0.2431,27.6,12,13,-166.1,-2.5,-3.61,"{'H1': 14, 'M10': 92, 'M15': 51, 'M30': 38, 'M5': 176}","{'H1': 2.71, 'M10': 43.55, 'M15': 25.16, 'M30': 2.96, 'M5': 33.18}","{'partial_be': 222, 'sl': 98, 'tp2': 51}","{'2025-09': 281.54, '2025-10': 903.43, '2025-11': 1313.37, '2025-12': 1167.42, '2026-01': 2070.75, '2026-02': 1262.9, '2026-03': 1862.04, '2026-04': -166.1, '2026-05': 2895.43, '2026-06': 985.51, '2026-07': 1434.19, '2026-08': 2252.62, '2026-09': 374.71}",0,0.0,,0.0,4,14.0,23,18.4,-0.61,0.078,1.4,False,False,28.54
CF_m10m15_q0.55,CF_m10m15_q0.55,,M5:max_cost_r=0.08;min_quality=0.55;sessions=asia|london|preny|ny|lclose/M10|M15:min_quality=0.60/M30|H1:min_quality=0.57,CF=M5:max_cost_r=0.08;min_quality=0.55;sessions=asia|london|preny|ny|lclose/M10:min_quality=0.55/M15:min_quality=0.55/M30:min_quality=0.57/H1:min_quality=0.57,370,71.9,1.87,0.2818,104.28,158.14,-5.99,-6.02,3.93,27.6,58.1,14.3,72.2,304.0,42.74,25813.63,3724,3354,0,False,0,0,134,178,66.05,7994.39,73.6,2.372,0.3711,25.3,192,38.23,7819.24,70.3,1.634,0.1991,29.7,12,13,-359.44,-2.91,-3.69,"{'H1': 14, 'M10': 91, 'M15': 56, 'M30': 33, 'M5': 176}","{'H1': 1.49, 'M10': 42.05, 'M15': 26.48, 'M30': 2.74, 'M5': 31.51}","{'partial_be': 215, 'sl': 102, 'tp2': 53}","{'2025-09': 269.8, '2025-10': 1465.38, '2025-11': 1416.01, '2025-12': 1207.8, '2026-01': 2579.48, '2026-02': 1055.92, '2026-03': 1742.23, '2026-04': -359.44, '2026-05': 3057.05, '2026-06': 444.39, '2026-07': 633.78, '2026-08': 1919.0, '2026-09': 382.23}",134,55.41,76.9,17.75,5,13.4,22,10.2,-0.77,-0.039,0.3,False,False,26.4
CF_m10_q0.5,CF_m10_q0.5,,M5:max_cost_r=0.08;min_quality=0.55;sessions=asia|london|preny|ny|lclose/M10|M15:min_quality=0.60/M30|H1:min_quality=0.57,CF=M5:max_cost_r=0.08;min_quality=0.55;sessions=asia|london|preny|ny|lclose/M10:min_quality=0.5/M15:min_quality=0.6/M30:min_quality=0.57/H1:min_quality=0.57,369,72.1,1.904,0.2853,105.29,157.71,-6.0,-5.13,4.13,27.4,58.5,14.1,72.1,301.0,42.74,25770.81,3924,3555,0,False,0,0,133,177,63.62,7289.45,72.9,2.28,0.3595,26.0,192,41.67,8481.36,71.4,1.722,0.217,28.6,12,13,-155.82,-2.29,-3.7,"{'H1': 14, 'M10': 101, 'M15': 45, 'M30': 33, 'M5': 176}","{'H1': 1.58, 'M10': 47.04, 'M15': 20.4, 'M30': 2.69, 'M5': 33.58}","{'partial_be': 216, 'sl': 101, 'tp2': 52}","{'2025-09': 269.8, '2025-10': 1132.07, '2025-11': 1321.25, '2025-12': 1163.59, '2026-01': 1801.12, '2026-02': 1601.62, '2026-03': 1822.07, '2026-04': -155.82, '2026-05': 3131.29, '2026-06': 718.89, '2026-07': 649.37, '2026-08': 1933.33, '2026-09': 382.23}",133,60.22,77.4,20.22,4,13.2,21,9.8,-0.78,-0.005,0.5,False,False,26.28
F_m15_q0.57,F_m15_q0.57,,M5:max_cost_r=0.08;min_quality=0.55;sessions=asia|london|preny|ny|lclose/M10:min_quality=0.6/M15:min_quality=0.57/M30:min_quality=0.57/H1:min_quality=0.57,,369,70.5,1.775,0.2642,97.48,141.35,-5.59,-5.17,3.77,29.0,56.9,14.1,70.7,299.0,38.31,24134.87,3695,3326,0,False,0,0,0,176,60.29,7036.12,71.6,2.147,0.3426,27.3,193,37.19,7098.75,69.4,1.587,0.1927,30.6,12,13,-142.43,-2.97,-3.79,"{'H1': 14, 'M10': 80, 'M15': 66, 'M30': 33, 'M5': 176}","{'H1': 0.98, 'M10': 39.08, 'M15': 20.67, 'M30': 2.23, 'M5': 34.52}","{'partial_be': 210, 'sl': 107, 'tp2': 52}","{'2025-09': 525.72, '2025-10': 1441.96, '2025-11': 1288.33, '2025-12': 956.54, '2026-01': 1836.25, '2026-02': 987.32, '2026-03': 1819.6, '2026-04': -142.43, '2026-05': 2458.47, '2026-06': 653.37, '2026-07': 117.95, '2026-08': 1676.71, '2026-09': 515.08}",0,0.0,,0.0,4,13.2,21,-6.6,-0.37,-0.134,-1.1,False,False,25.29
CF_m10_q0.52,CF_m10_q0.52,,M5:max_cost_r=0.08;min_quality=0.55;sessions=asia|london|preny|ny|lclose/M10|M15:min_quality=0.60/M30|H1:min_quality=0.57,CF=M5:max_cost_r=0.08;min_quality=0.55;sessions=asia|london|preny|ny|lclose/M10:min_quality=0.52/M15:min_quality=0.6/M30:min_quality=0.57/H1:min_quality=0.57,367,72.2,1.908,0.2882,105.77,158.13,-5.99,-5.13,4.14,27.2,58.6,14.2,72.2,302.0,43.09,25813.25,3758,3391,0,False,0,0,131,176,64.6,7455.84,73.3,2.336,0.3671,25.6,191,41.17,8357.41,71.2,1.706,0.2155,28.8,12,13,-142.4,-2.29,-3.69,"{'H1': 14, 'M10': 99, 'M15': 45, 'M30': 33, 'M5': 176}","{'H1': 1.58, 'M10': 47.7, 'M15': 20.32, 'M30': 2.69, 'M5': 33.48}","{'partial_be': 215, 'sl': 100, 'tp2': 52}","{'2025-09': 269.8, '2025-10': 1132.07, '2025-11': 1321.25, '2025-12': 1163.59, '2026-01': 1982.41, '2026-02': 1586.72, '2026-03': 1821.9, '2026-04': -142.4, '2026-05': 3066.38, '2026-06': 683.2, '2026-07': 633.61, '2026-08': 1912.49, '2026-09': 382.23}",131,60.72,77.9,19.77,4,13.3,19,10.2,-0.77,-0.001,0.6,False,False,26.4
KR_m10m15_b1,KR_m10m15_b1,,M5:max_cost_r=0.08;min_quality=0.55;sessions=asia|london|preny|ny|lclose/M10|M15:min_quality=0.60/M30|H1:min_quality=0.57,"keep_replaced_bars=1,keep_replaced_tfs=M10|M15",366,72.4,1.949,0.2875,105.23,159.55,-5.85,-6.21,4.25,27.0,59.0,13.9,72.7,320.0,43.59,25955.36,3333,2967,0,False,0,0,0,171,58.63,6754.95,73.1,2.278,0.3429,25.7,195,46.6,9200.41,71.8,1.798,0.239,28.2,12,13,-202.79,-2.55,-3.6,"{'H1': 14, 'M10': 92, 'M15': 51, 'M30': 33, 'M5': 176}","{'H1': 1.59, 'M10': 43.33, 'M15': 25.29, 'M30': 2.18, 'M5': 32.84}","{'partial_be': 216, 'sl': 99, 'tp2': 51}","{'2025-09': 269.8, '2025-10': 864.72, '2025-11': 1322.06, '2025-12': 1091.4, '2026-01': 2003.42, '2026-02': 1203.55, '2026-03': 1877.98, '2026-04': -202.79, '2026-05': 2825.36, '2026-06': 756.86, '2026-07': 1374.47, '2026-08': 2186.3, '2026-09': 382.23}",0,0.0,,0.0,4,14.7,18,11.6,-0.63,0.04,0.8,False,False,27.27
F_m30h1_q0.55,F_m30h1_q0.55,,M5:max_cost_r=0.08;min_quality=0.55;sessions=asia|london|preny|ny|lclose/M10:min_quality=0.6/M15:min_quality=0.6/M30:min_quality=0.55/H1:min_quality=0.55,,363,70.5,1.792,0.2593,94.12,134.51,-5.67,-5.31,3.77,28.9,57.3,13.8,70.8,306.0,37.06,23451.18,3658,3295,0,False,0,0,0,170,52.76,5892.5,70.6,2.041,0.3104,28.2,193,41.36,7558.68,70.5,1.667,0.2143,29.5,13,13,71.71,-2.33,-3.7,"{'H1': 18, 'M10': 80, 'M15': 45, 'M30': 44, 'M5': 176}","{'H1': 0.43, 'M10': 38.89, 'M15': 22.85, 'M30': -2.19, 'M5': 34.13}","{'partial_be': 208, 'sl': 105, 'tp2': 50}","{'2025-09': 168.87, '2025-10': 926.84, '2025-11': 1327.43, '2025-12': 618.9, '2026-01': 1918.92, '2026-02': 931.54, '2026-03': 1726.27, '2026-04': 71.71, '2026-05': 2655.22, '2026-06': 872.4, '2026-07': 273.47, '2026-08': 1674.62, '2026-09': 284.99}",0,0.0,,0.0,4,13.3,15,-13.4,-0.45,-0.117,-1.1,False,False,23.72
CF_htf_q0.57,CF_htf_q0.57,,M5:max_cost_r=0.08;min_quality=0.55;sessions=asia|london|preny|ny|lclose/M10|M15:min_quality=0.60/M30|H1:min_quality=0.57,CF=M5:max_cost_r=0.08;min_quality=0.55;sessions=asia|london|preny|ny|lclose/M10:min_quality=0.57/M15:min_quality=0.57/M30:min_quality=0.57/H1:min_quality=0.57,359,71.9,1.892,0.2818,101.15,151.5,-6.04,-5.23,4.01,27.6,58.2,14.2,72.1,307.0,42.2,25149.63,3599,3240,0,False,0,0,120,170,60.77,7154.56,73.5,2.352,0.3575,25.3,189,40.38,7995.07,70.4,1.684,0.2137,29.6,12,13,-359.56,-2.99,-3.69,"{'H1': 14, 'M10': 86, 'M15': 50, 'M30': 33, 'M5': 176}","{'H1': 1.5, 'M10': 39.08, 'M15': 24.28, 'M30': 2.32, 'M5': 33.96}","{'partial_be': 209, 'sl': 99, 'tp2': 51}","{'2025-09': 269.8, '2025-10': 1252.21, '2025-11': 1159.66, '2025-12': 1223.08, '2026-01': 2024.6, '2026-02': 1225.21, '2026-03': 1789.88, '2026-04': -359.56, '2026-05': 2846.9, '2026-06': 763.52, '2026-07': 629.91, '2026-08': 1934.84, '2026-09': 389.58}",120,45.8,76.7,18.27,4,13.3,11,3.6,-0.82,-0.017,0.3,False,False,25.08
CF_m10m15_q0.57,CF_m10m15_q0.57,,M5:max_cost_r=0.08;min_quality=0.55;sessions=asia|london|preny|ny|lclose/M10|M15:min_quality=0.60/M30|H1:min_quality=0.57,CF=M5:max_cost_r=0.08;min_quality=0.55;sessions=asia|london|preny|ny|lclose/M10:min_quality=0.57/M15:min_quality=0.57/M30:min_quality=0.57/H1:min_quality=0.57,359,71.9,1.892,0.2818,101.15,151.5,-6.04,-5.23,4.01,27.6,58.2,14.2,72.1,307.0,42.2,25149.63,3599,3240,0,False,0,0,120,170,60.77,7154.56,73.5,2.352,0.3575,25.3,189,40.38,7995.07,70.4,1.684,0.2137,29.6,12,13,-359.56,-2.99,-3.69,"{'H1': 14, 'M10': 86, 'M15': 50, 'M30': 33, 'M5': 176}","{'H1': 1.5, 'M10': 39.08, 'M15': 24.28, 'M30': 2.32, 'M5': 33.96}","{'partial_be': 209, 'sl': 99, 'tp2': 51}","{'2025-09': 269.8, '2025-10': 1252.21, '2025-11': 1159.66, '2025-12': 1223.08, '2026-01': 2024.6, '2026-02': 1225.21, '2026-03': 1789.88, '2026-04': -359.56, '2026-05': 2846.9, '2026-06': 763.52, '2026-07': 629.91, '2026-08': 1934.84, '2026-09': 389.58}",120,45.8,76.7,18.27,4,13.6,11,3.6,-0.82,-0.017,0.3,False,False,25.08
CF_m10_q0.55,CF_m10_q0.55,,M5:max_cost_r=0.08;min_quality=0.55;sessions=asia|london|preny|ny|lclose/M10|M15:min_quality=0.60/M30|H1:min_quality=0.57,CF=M5:max_cost_r=0.08;min_quality=0.55;sessions=asia|london|preny|ny|lclose/M10:min_quality=0.55/M15:min_quality=0.6/M30:min_quality=0.57/H1:min_quality=0.57,359,71.9,1.903,0.2825,101.43,152.57,-6.01,-5.13,4.1,27.6,58.2,14.2,72.1,306.0,42.5,25256.85,3597,3238,0,False,0,0,120,172,60.32,7120.98,73.3,2.32,0.3507,25.6,187,41.11,8135.87,70.6,1.707,0.2198,29.4,12,13,-214.52,-2.29,-3.68,"{'H1': 14, 'M10': 91, 'M15': 45, 'M30': 33, 'M5': 176}","{'H1': 1.59, 'M10': 41.74, 'M15': 21.65, 'M30': 2.32, 'M5': 34.13}","{'partial_be': 209, 'sl': 99, 'tp2': 51}","{'2025-09': 269.8, '2025-10': 1132.07, '2025-11': 1321.25, '2025-12': 1147.88, '2026-01': 2024.77, '2026-02': 1225.21, '2026-03': 1732.69, '2026-04': -214.52, '2026-05': 2869.77, '2026-06': 751.51, '2026-07': 621.72, '2026-08': 1985.12, '2026-09': 389.58}",120,45.9,76.7,19.04,4,13.5,11,4.6,-0.79,-0.006,0.3,False,False,25.39
CF_m15_q0.55,CF_m15_q0.55,,M5:max_cost_r=0.08;min_quality=0.55;sessions=asia|london|preny|ny|lclose/M10|M15:min_quality=0.60/M30|H1:min_quality=0.57,CF=M5:max_cost_r=0.08;min_quality=0.55;sessions=asia|london|preny|ny|lclose/M10:min_quality=0.6/M15:min_quality=0.55/M30:min_quality=0.57/H1:min_quality=0.57,359,71.6,1.885,0.284,101.96,154.49,-5.55,-5.99,3.93,27.9,57.7,14.5,71.9,310.0,43.03,25449.43,3592,3233,0,False,0,0,123,170,62.29,7494.77,72.9,2.363,0.3664,25.9,189,39.67,7954.66,70.4,1.666,0.2099,29.6,12,13,-124.87,-2.96,-3.73,"{'H1': 14, 'M10': 80, 'M15': 56, 'M30': 33, 'M5': 176}","{'H1': 1.49, 'M10': 39.26, 'M15': 26.28, 'M30': 2.49, 'M5': 32.44}","{'partial_be': 207, 'sl': 100, 'tp2': 52}","{'2025-09': 269.8, '2025-10': 1252.21, '2025-11': 1159.66, '2025-12': 1223.08, '2026-01': 2544.31, '2026-02': 1045.71, '2026-03': 1638.91, '2026-04': -124.87, '2026-05': 3049.97, '2026-06': 500.71, '2026-07': 574.49, '2026-08': 1925.87, '2026-09': 389.58}",123,53.19,76.4,18.91,5,13.5,11,6.6,-0.33,-0.024,0.0,False,False,27.84
CF_m10_q0.57,CF_m10_q0.57,,M5:max_cost_r=0.08;min_quality=0.55;sessions=asia|london|preny|ny|lclose/M10|M15:min_quality=0.60/M30|H1:min_quality=0.57,CF=M5:max_cost_r=0.08;min_quality=0.55;sessions=asia|london|preny|ny|lclose/M10:min_quality=0.57/M15:min_quality=0.6/M30:min_quality=0.57/H1:min_quality=0.57,354,71.8,1.884,0.2802,99.19,145.19,-5.65,-5.33,4.0,27.7,58.2,14.1,72.0,310.0,41.01,24518.64,3533,3179,0,False,0,0,115,167,58.6,6757.31,73.1,2.307,0.3509,25.7,187,40.59,7761.33,70.6,1.69,0.2171,29.4,12,13,-244.92,-2.29,-3.77,"{'H1': 14, 'M10': 86, 'M15': 45, 'M30': 33, 'M5': 176}","{'H1': 1.07, 'M10': 39.59, 'M15': 23.24, 'M30': 2.2, 'M5': 33.08}","{'partial_be': 206, 'sl': 98, 'tp2': 50}","{'2025-09': 269.8, '2025-10': 966.36, '2025-11': 1229.03, '2025-12': 1091.4, '2026-01': 1999.77, '2026-02': 1200.95, '2026-03': 1792.71, '2026-04': -244.92, '2026-05': 2800.04, '2026-06': 616.0, '2026-07': 461.97, '2026-08': 1827.8, '2026-09': 507.73}",115,44.93,76.5,18.8,4,13.3,6,-2.7,-0.43,-0.025,0.2,True,True,25.7
CF_m5_q0.52_cost0.12,CF_m5_q0.52_cost0.12,,M5:max_cost_r=0.08;min_quality=0.55;sessions=asia|london|preny|ny|lclose/M10|M15:min_quality=0.60/M30|H1:min_quality=0.57,CF=M5:max_cost_r=0.12;min_quality=0.52;sessions=asia|london|preny|ny|lclose/M10:min_quality=0.6/M15:min_quality=0.6/M30:min_quality=0.57/H1:min_quality=0.57,354,71.5,1.897,0.2822,99.91,147.99,-5.13,-5.33,4.06,28.0,57.9,14.1,71.8,308.0,41.81,24799.47,3613,3259,0,False,0,0,118,168,56.97,6541.99,72.0,2.211,0.3391,26.8,186,42.94,8257.48,71.0,1.744,0.2309,29.0,12,13,-49.95,-2.29,-3.76,"{'H1': 14, 'M10': 80, 'M15': 45, 'M30': 33, 'M5': 182}","{'H1': 1.59, 'M10': 40.12, 'M15': 23.32, 'M30': 2.23, 'M5': 32.64}","{'partial_be': 205, 'sl': 99, 'tp2': 50}","{'2025-09': 269.8, '2025-10': 968.31, '2025-11': 1229.03, '2025-12': 951.72, '2026-01': 1986.6, '2026-02': 1136.53, '2026-03': 1747.66, '2026-04': -49.95, '2026-05': 2881.17, '2026-06': 653.37, '2026-07': 629.13, '2026-08': 1888.37, '2026-09': 507.73}",118,46.85,75.4,19.56,4,14.1,6,0.1,0.09,-0.012,-0.1,True,True,28.85
CF_m15_q0.57,CF_m15_q0.57,,M5:max_cost_r=0.08;min_quality=0.55;sessions=asia|london|preny|ny|lclose/M10|M15:min_quality=0.60/M30|H1:min_quality=0.57,CF=M5:max_cost_r=0.08;min_quality=0.55;sessions=asia|london|preny|ny|lclose/M10:min_quality=0.6/M15:min_quality=0.57/M30:min_quality=0.57/H1:min_quality=0.57,353,71.7,1.902,0.2877,101.54,151.82,-5.51,-5.23,4.03,27.8,57.8,14.4,72.0,310.0,43.01,25182.08,3532,3179,0,False,0,0,114,167,60.2,7067.88,73.1,2.336,0.3605,25.7,186,41.34,8114.2,70.4,1.703,0.2223,29.6,12,13,-167.86,-2.98,-3.68,"{'H1': 14, 'M10': 80, 'M15': 50, 'M30': 33, 'M5': 176}","{'H1': 1.5, 'M10': 39.25, 'M15': 24.28, 'M30': 2.32, 'M5': 34.19}","{'partial_be': 204, 'sl': 98, 'tp2': 51}","{'2025-09': 269.8, '2025-10': 1252.21, '2025-11': 1159.66, '2025-12': 1223.08, '2026-01': 2007.79, '2026-02': 1155.34, '2026-03': 1748.85, '2026-04': -167.86, '2026-05': 2869.77, '2026-06': 751.51, '2026-07': 613.37, '2026-08': 1908.98, '2026-09': 389.58}",114,46.0,76.3,19.04,4,13.2,5,3.9,-0.29,-0.007,0.1,False,True,27.55
CF_m5_q0.5,CF_m5_q0.5,,M5:max_cost_r=0.08;min_quality=0.55;sessions=asia|london|preny|ny|lclose/M10|M15:min_quality=0.60/M30|H1:min_quality=0.57,CF=M5:max_cost_r=0.08;min_quality=0.5;sessions=asia|london|preny|ny|lclose/M10:min_quality=0.6/M15:min_quality=0.6/M30:min_quality=0.57/H1:min_quality=0.57,351,71.5,1.921,0.2924,102.63,153.56,-5.46,-5.31,4.11,27.9,57.5,14.5,71.8,311.0,43.75,25356.27,3601,3250,0,False,0,0,113,167,60.48,7038.94,72.5,2.323,0.3622,26.3,184,42.15,8317.33,70.7,1.733,0.2291,29.3,12,13,-54.89,-2.29,-3.66,"{'H1': 14, 'M10': 80, 'M15': 45, 'M30': 33, 'M5': 179}","{'H1': 1.59, 'M10': 40.14, 'M15': 22.59, 'M30': 2.32, 'M5': 35.99}","{'partial_be': 202, 'sl': 98, 'tp2': 51}","{'2025-09': 269.8, '2025-10': 959.23, '2025-11': 1229.03, '2025-12': 1091.4, '2026-01': 2334.14, '2026-02': 1155.34, '2026-03': 1748.85, '2026-04': -54.89, '2026-05': 2901.15, '2026-06': 751.34, '2026-07': 616.18, '2026-08': 1965.12, '2026-09': 389.58}",113,48.09,76.1,20.1,4,13.4,3,5.6,-0.24,0.012,-0.1,True,True,28.12
CF_m5_q0.52,CF_m5_q0.52,,M5:max_cost_r=0.08;min_quality=0.55;sessions=asia|london|preny|ny|lclose/M10|M15:min_quality=0.60/M30|H1:min_quality=0.57,CF=M5:max_cost_r=0.08;min_quality=0.52;sessions=asia|london|preny|ny|lclose/M10:min_quality=0.6/M15:min_quality=0.6/M30:min_quality=0.57/H1:min_quality=0.57,350,71.4,1.903,0.2864,100.23,148.01,-5.13,-5.31,4.05,28.0,57.7,14.3,71.7,312.0,42.29,24801.45,3527,3177,0,False,0,0,112,166,57.97,6663.5,72.3,2.263,0.3492,26.5,184,42.26,8137.95,70.7,1.733,0.2297,29.3,12,13,-71.13,-2.29,-3.76,"{'H1': 14, 'M10': 80, 'M15': 45, 'M30': 33, 'M5': 178}","{'H1': 1.59, 'M10': 40.14, 'M15': 23.32, 'M30': 2.2, 'M5': 32.97}","{'partial_be': 202, 'sl': 98, 'tp2': 50}","{'2025-09': 269.8, '2025-10': 959.23, '2025-11': 1229.03, '2025-12': 1091.4, '2026-01': 1982.96, '2026-02': 1131.08, '2026-03': 1747.32, '2026-04': -71.13, '2026-05': 2799.87, '2026-06': 653.37, '2026-07': 605.62, '2026-08': 1895.17, '2026-09': 507.73}",112,45.85,75.9,20.34,4,13.3,2,0.1,0.09,-0.006,-0.2,True,True,28.85
CF_m5_cost0.12,CF_m5_cost0.12,,M5:max_cost_r=0.08;min_quality=0.55;sessions=asia|london|preny|ny|lclose/M10|M15:min_quality=0.60/M30|H1:min_quality=0.57,CF=M5:max_cost_r=0.12;min_quality=0.55;sessions=asia|london|preny|ny|lclose/M10:min_quality=0.6/M15:min_quality=0.6/M30:min_quality=0.57/H1:min_quality=0.57,350,71.7,1.909,0.2866,100.31,148.1,-5.3,-5.33,4.07,27.7,58.0,14.3,72.0,311.0,42.31,24809.85,3526,3176,0,False,0,0,112,165,58.12,6673.62,72.7,2.289,0.3522,26.1,185,42.19,8136.23,70.8,1.732,0.2281,29.2,12,13,-71.13,-2.29,-3.75,"{'H1': 14, 'M10': 80, 'M15': 45, 'M30': 33, 'M5': 178}","{'H1': 1.59, 'M10': 39.84, 'M15': 23.32, 'M30': 2.2, 'M5': 33.35}","{'partial_be': 203, 'sl': 97, 'tp2': 50}","{'2025-09': 269.8, '2025-10': 975.61, '2025-11': 1229.03, '2025-12': 1085.14, '2026-01': 1982.96, '2026-02': 1131.08, '2026-03': 1770.72, '2026-04': -71.13, '2026-05': 2824.27, '2026-06': 658.56, '2026-07': 610.94, '2026-08': 1835.14, '2026-09': 507.73}",112,48.46,76.8,20.06,4,13.5,2,0.2,-0.08,0.0,0.1,True,True,27.94
ref,ref,,M5:max_cost_r=0.08;min_quality=0.55;sessions=asia|london|preny|ny|lclose/M10|M15:min_quality=0.60/M30|H1:min_quality=0.57,,348,71.6,1.909,0.2876,100.07,147.93,-5.22,-5.33,4.06,27.9,57.8,14.4,71.8,313.0,42.51,24792.73,3468,3120,0,False,0,0,0,164,58.03,6670.63,72.6,2.29,0.3538,26.2,184,42.05,8122.1,70.7,1.732,0.2285,29.3,12,13,-71.13,-2.29,-3.76,"{'H1': 14, 'M10': 80, 'M15': 45, 'M30': 33, 'M5': 176}","{'H1': 1.59, 'M10': 39.84, 'M15': 23.32, 'M30': 2.2, 'M5': 33.12}","{'partial_be': 201, 'sl': 97, 'tp2': 50}","{'2025-09': 269.8, '2025-10': 966.36, '2025-11': 1229.03, '2025-12': 1091.4, '2026-01': 1982.96, '2026-02': 1131.08, '2026-03': 1770.72, '2026-04': -71.13, '2026-05': 2799.7, '2026-06': 653.37, '2026-07': 605.45, '2026-08': 1856.26, '2026-09': 507.73}",0,0.0,,0.0,4,13.2,0,0.0,0.0,0.0,0.0,True,True,28.34
CF_m5_q0.55,CF_m5_q0.55,,M5:max_cost_r=0.08;min_quality=0.55;sessions=asia|london|preny|ny|lclose/M10|M15:min_quality=0.60/M30|H1:min_quality=0.57,CF=M5:max_cost_r=0.08;min_quality=0.55;sessions=asia|london|preny|ny|lclose/M10:min_quality=0.6/M15:min_quality=0.6/M30:min_quality=0.57/H1:min_quality=0.57,348,71.6,1.909,0.2876,100.07,147.93,-5.22,-5.33,4.06,27.9,57.8,14.4,71.8,313.0,42.51,24792.73,3468,3120,0,False,0,0,109,164,58.03,6670.63,72.6,2.29,0.3538,26.2,184,42.05,8122.1,70.7,1.732,0.2285,29.3,12,13,-71.13,-2.29,-3.76,"{'H1': 14, 'M10': 80, 'M15': 45, 'M30': 33, 'M5': 176}","{'H1': 1.59, 'M10': 39.84, 'M15': 23.32, 'M30': 2.2, 'M5': 33.12}","{'partial_be': 201, 'sl': 97, 'tp2': 50}","{'2025-09': 269.8, '2025-10': 966.36, '2025-11': 1229.03, '2025-12': 1091.4, '2026-01': 1982.96, '2026-02': 1131.08, '2026-03': 1770.72, '2026-04': -71.13, '2026-05': 2799.7, '2026-06': 653.37, '2026-07': 605.45, '2026-08': 1856.26, '2026-09': 507.73}",109,45.49,76.1,19.92,4,13.3,0,0.0,0.0,0.0,0.0,True,True,28.34
CF_m5_q0.57,CF_m5_q0.57,,M5:max_cost_r=0.08;min_quality=0.55;sessions=asia|london|preny|ny|lclose/M10|M15:min_quality=0.60/M30|H1:min_quality=0.57,CF=M5:max_cost_r=0.08;min_quality=0.57;sessions=asia|london|preny|ny|lclose/M10:min_quality=0.6/M15:min_quality=0.6/M30:min_quality=0.57/H1:min_quality=0.57,346,71.7,1.927,0.2929,101.36,150.53,-5.59,-5.33,4.1,27.7,57.8,14.5,72.0,314.0,43.51,25052.82,3438,3092,0,False,0,0,107,163,59.17,6822.99,73.0,2.354,0.363,25.8,183,42.19,8229.83,70.5,1.735,0.2306,29.5,12,13,-52.25,-2.29,-3.72,"{'H1': 14, 'M10': 80, 'M15': 45, 'M30': 33, 'M5': 174}","{'H1': 1.59, 'M10': 39.91, 'M15': 23.41, 'M30': 2.18, 'M5': 34.28}","{'partial_be': 200, 'sl': 96, 'tp2': 50}","{'2025-09': 269.8, '2025-10': 966.36, '2025-11': 1229.03, '2025-12': 1091.4, '2026-01': 2135.32, '2026-02': 1131.08, '2026-03': 1770.38, '2026-04': -52.25, '2026-05': 2843.15, '2026-06': 677.66, '2026-07': 604.54, '2026-08': 1885.97, '2026-09': 500.38}",107,46.76,76.6,20.05,4,13.3,-2,2.6,-0.37,0.018,0.1,True,True,26.93
