key,name,tag,overrides,trades,return_%,max_dd_%,max_dd_$,profit_factor,win_%,sl_%,total_R,avg_R,sharpe_daily,end_balance,daily_halts,halted,stopped_out,gross_loss_$,gross_win_$,avg_loss_$,avg_loss_R,worst_trade_$,worst_trade_%eq,worst_day_$,worst_day_%,neg_days,neg_days_%,max_dd_R,ulcer,max_risk_$,max_risk_%start,avg_risk_$,months_pos,months,worst_month_$,worst_month_R,apr26_R,sep25_R,IS_R,IS_PF,OOS_R,OOS_PF,OOS_net_$,max_consec_losses,mart_trades,mart_down_trades,grid_leg_trades,return_over_dd,loss_per_return,worst_day_%eq,max_risk_%eq,net_$,OOS_trades,OOS_win_%,OOS_sl_%,OOS_max_dd_%,more_trades,more_profit,hold_loss,hold_oos,score,rank2_trades,m20_trades,confluent_trades,tier_trades,rank2_placed,pending_placed,cancelled,monthly_$,by_tf_net,by_tf_n,outcomes,r2_n,r2_net,r2_win_%,r2_R,m20_n,m20_net,m20_win_%,secs
M20SC_0.55_x0.4__spread_x2,M20SC_0.55_x0.4,spread_x2,"trade_filter=M5:max_cost_r=0.08;min_quality=0.55;sessions=asia|london|preny|ny|lclose/M10:min_quality=0.57/M15:min_quality=0.60/M30|H1:min_quality=0.57/M20:min_quality=0.99,confluence_filter=M5:max_cost_r=0.08;min_quality=0.55;sessions=asia|london|preny|ny|lclose/M10:min_quality=0.50/M15:min_quality=0.60/M30|H1:min_quality=0.57/M20:min_quality=0.55,keep_replaced_tfs=M10|M15|M20|M30|H1,mart_tfs=M10|M15|M20|M30|H1,timeframes=M5|M10|M15|M20|M30|H1,tf_risk_scale=M20:0.4,spread_multiplier=2.0",371,178.16,-5.54,-1408.88,2.196,72.5,26.7,95.1,0.2563,4.7,27816.49,0,False,False,-14892.85,32709.34,-146.01,-0.987,-359.38,-1.35,-566.89,-5.67,55,31.6,-5.78,2.27,759.3,7.59,176.14,13,13,71.17,1.76,2.99,2.44,53.8,2.698,41.3,1.945,9379.94,5,46,54,0,32.16,0.836,-2.69,2.81,17816.49,197,74.6,25.4,-5.25,False,False,False,False,0,0,47,202,0,0,3560,3189,"{'2025-09': 687.75, '2025-10': 1115.49, '2025-11': 1309.86, '2025-12': 518.22, '2026-01': 1974.32, '2026-02': 2830.91, '2026-03': 1545.38, '2026-04': 71.17, '2026-05': 2706.9, '2026-06': 1418.54, '2026-07': 1036.5, '2026-08': 2063.37, '2026-09': 538.08}","{'H1': 884.54, 'M10': 7629.84, 'M15': 4269.51, 'M20': 1711.65, 'M30': 2091.97, 'M5': 1228.98}","{'H1': 14, 'M10': 142, 'M15': 48, 'M20': 47, 'M30': 38, 'M5': 82}","{'partial_be': 167, 'sl': 99, 'tp2': 56, 'trail': 49}",0,0.0,,0.0,47,1711.65,72.3,15.8
M20SC_0.55_x0.4__commission_x2,M20SC_0.55_x0.4,commission_x2,"trade_filter=M5:max_cost_r=0.08;min_quality=0.55;sessions=asia|london|preny|ny|lclose/M10:min_quality=0.57/M15:min_quality=0.60/M30|H1:min_quality=0.57/M20:min_quality=0.99,confluence_filter=M5:max_cost_r=0.08;min_quality=0.55;sessions=asia|london|preny|ny|lclose/M10:min_quality=0.50/M15:min_quality=0.60/M30|H1:min_quality=0.57/M20:min_quality=0.55,keep_replaced_tfs=M10|M15|M20|M30|H1,mart_tfs=M10|M15|M20|M30|H1,timeframes=M5|M10|M15|M20|M30|H1,tf_risk_scale=M20:0.4",479,268.19,-6.53,-1991.6,2.273,74.7,24.6,127.25,0.2657,5.16,36819.46,0,False,False,-21066.03,47885.49,-174.1,-1.0,-468.72,-1.35,-751.6,-7.52,63,31.8,-5.79,2.056,961.78,9.62,199.89,13,13,356.54,0.87,6.81,2.83,68.03,2.55,59.22,2.157,17154.93,4,47,71,0,41.07,0.785,-2.64,2.78,26819.46,248,76.2,23.8,-5.64,True,False,False,False,1,0,52,256,0,0,4351,3872,"{'2025-09': 420.2, '2025-10': 587.33, '2025-11': 2324.75, '2025-12': 356.54, '2026-01': 2508.7, '2026-02': 3467.01, '2026-03': 2821.18, '2026-04': 1548.73, '2026-05': 4067.17, '2026-06': 2528.92, '2026-07': 1234.28, '2026-08': 4467.41, '2026-09': 487.24}","{'H1': 1343.6, 'M10': 11064.75, 'M15': 5163.18, 'M20': 1739.9, 'M30': 2465.29, 'M5': 5042.74}","{'H1': 14, 'M10': 165, 'M15': 51, 'M20': 52, 'M30': 39, 'M5': 158}","{'partial_be': 221, 'sl': 118, 'tp2': 77, 'trail': 63}",0,0.0,,0.0,52,1739.9,76.9,16.1
M20SC_0.55_x0.4__slip_x3,M20SC_0.55_x0.4,slip_x3,"trade_filter=M5:max_cost_r=0.08;min_quality=0.55;sessions=asia|london|preny|ny|lclose/M10:min_quality=0.57/M15:min_quality=0.60/M30|H1:min_quality=0.57/M20:min_quality=0.99,confluence_filter=M5:max_cost_r=0.08;min_quality=0.55;sessions=asia|london|preny|ny|lclose/M10:min_quality=0.50/M15:min_quality=0.60/M30|H1:min_quality=0.57/M20:min_quality=0.55,keep_replaced_tfs=M10|M15|M20|M30|H1,mart_tfs=M10|M15|M20|M30|H1,timeframes=M5|M10|M15|M20|M30|H1,tf_risk_scale=M20:0.4,sl_slippage=0.30,market_slippage=0.15",498,290.09,-6.62,-2159.76,2.267,74.9,24.5,133.16,0.2674,5.19,39009.09,0,False,False,-22899.33,51908.42,-183.19,-1.015,-507.19,-1.4,-814.35,-8.14,64,31.8,-5.89,2.132,1012.4,10.12,207.38,13,13,484.04,1.04,5.46,3.55,69.37,2.459,63.79,2.185,19059.46,4,47,75,0,43.82,0.789,-2.89,2.8,29009.09,257,76.7,23.3,-5.82,True,False,False,False,1,0,52,260,0,0,4609,4111,"{'2025-09': 484.04, '2025-10': 869.51, '2025-11': 2153.0, '2025-12': 664.67, '2026-01': 2598.5, '2026-02': 3179.91, '2026-03': 3109.15, '2026-04': 1228.27, '2026-05': 5041.83, '2026-06': 2832.34, '2026-07': 1255.97, '2026-08': 5004.46, '2026-09': 587.44}","{'H1': 1519.33, 'M10': 11323.3, 'M15': 5578.54, 'M20': 1724.43, 'M30': 2582.27, 'M5': 6281.22}","{'H1': 14, 'M10': 166, 'M15': 51, 'M20': 52, 'M30': 39, 'M5': 176}","{'partial_be': 230, 'sl': 122, 'tp2': 81, 'trail': 65}",0,0.0,,0.0,52,1724.43,76.9,16.2
M20SC_0.55_x0.4__worst_intrabar,M20SC_0.55_x0.4,worst_intrabar,"trade_filter=M5:max_cost_r=0.08;min_quality=0.55;sessions=asia|london|preny|ny|lclose/M10:min_quality=0.57/M15:min_quality=0.60/M30|H1:min_quality=0.57/M20:min_quality=0.99,confluence_filter=M5:max_cost_r=0.08;min_quality=0.55;sessions=asia|london|preny|ny|lclose/M10:min_quality=0.50/M15:min_quality=0.60/M30|H1:min_quality=0.57/M20:min_quality=0.55,keep_replaced_tfs=M10|M15|M20|M30|H1,mart_tfs=M10|M15|M20|M30|H1,timeframes=M5|M10|M15|M20|M30|H1,tf_risk_scale=M20:0.4,intrabar=worst",498,313.92,-6.32,-2332.45,2.365,74.9,24.5,139.32,0.2798,5.59,41392.17,0,False,False,-23002.19,54394.36,-184.02,-0.994,-523.27,-1.34,-668.43,-6.68,64,31.8,-5.75,1.995,1113.64,11.14,213.48,13,13,450.04,0.74,6.41,4.14,71.32,2.511,68.0,2.304,21223.48,4,47,75,0,49.67,0.733,-2.77,2.81,31392.17,257,76.7,23.3,-6.0,True,True,True,True,4,0,52,260,0,0,4609,4111,"{'2025-09': 544.06, '2025-10': 862.92, '2025-11': 2197.07, '2025-12': 740.14, '2026-01': 2725.75, '2026-02': 3098.75, '2026-03': 3333.0, '2026-04': 1598.89, '2026-05': 5367.45, '2026-06': 2984.72, '2026-07': 1566.18, '2026-08': 5923.2, '2026-09': 450.04}","{'H1': 1580.0, 'M10': 12635.43, 'M15': 5653.11, 'M20': 1824.03, 'M30': 2653.77, 'M5': 7045.83}","{'H1': 14, 'M10': 166, 'M15': 51, 'M20': 52, 'M30': 39, 'M5': 176}","{'partial_be': 229, 'sl': 122, 'tp2': 82, 'trail': 65}",0,0.0,,0.0,52,1824.03,76.9,15.9
M20SC_0.55_x0.4__risk0.5,M20SC_0.55_x0.4,risk0.5,"trade_filter=M5:max_cost_r=0.08;min_quality=0.55;sessions=asia|london|preny|ny|lclose/M10:min_quality=0.57/M15:min_quality=0.60/M30|H1:min_quality=0.57/M20:min_quality=0.99,confluence_filter=M5:max_cost_r=0.08;min_quality=0.55;sessions=asia|london|preny|ny|lclose/M10:min_quality=0.50/M15:min_quality=0.60/M30|H1:min_quality=0.57/M20:min_quality=0.55,keep_replaced_tfs=M10|M15|M20|M30|H1,mart_tfs=M10|M15|M20|M30|H1,timeframes=M5|M10|M15|M20|M30|H1,tf_risk_scale=M20:0.4,risk_pct=0.5",485,96.81,-3.93,-603.06,2.158,70.5,28.9,138.2,0.285,5.08,19680.9,0,False,False,-8361.75,18042.65,-58.47,-0.997,-191.59,-1.28,-308.91,-3.09,70,35.7,-5.77,1.195,304.72,3.05,68.27,13,13,120.65,1.47,4.37,4.59,73.99,2.337,64.21,2.046,5381.99,5,65,75,0,24.63,0.864,-2.14,2.03,9680.9,255,71.8,28.2,-3.93,True,False,False,False,1,0,46,253,0,0,4534,4049,"{'2025-09': 288.14, '2025-10': 1035.79, '2025-11': 1014.67, '2025-12': 431.33, '2026-01': 795.33, '2026-02': 733.65, '2026-03': 587.99, '2026-04': 426.08, '2026-05': 1518.31, '2026-06': 744.81, '2026-07': 334.0, '2026-08': 1650.15, '2026-09': 120.65}","{'H1': 425.22, 'M10': 3901.85, 'M15': 2051.91, 'M20': 457.35, 'M30': 910.69, 'M5': 1933.88}","{'H1': 14, 'M10': 165, 'M15': 51, 'M20': 46, 'M30': 36, 'M5': 173}","{'partial_be': 197, 'sl': 140, 'tp2': 85, 'trail': 62, 'forced': 1}",0,0.0,,0.0,46,457.35,63.0,16.0
M20SC_0.55_x0.4__risk2,M20SC_0.55_x0.4,risk2,"trade_filter=M5:max_cost_r=0.08;min_quality=0.55;sessions=asia|london|preny|ny|lclose/M10:min_quality=0.57/M15:min_quality=0.60/M30|H1:min_quality=0.57/M20:min_quality=0.99,confluence_filter=M5:max_cost_r=0.08;min_quality=0.55;sessions=asia|london|preny|ny|lclose/M10:min_quality=0.50/M15:min_quality=0.60/M30|H1:min_quality=0.57/M20:min_quality=0.55,keep_replaced_tfs=M10|M15|M20|M30|H1,mart_tfs=M10|M15|M20|M30|H1,timeframes=M5|M10|M15|M20|M30|H1,tf_risk_scale=M20:0.4,risk_pct=2.0",492,975.22,-14.07,-15039.09,2.004,75.0,23.0,117.12,0.238,4.17,107521.89,5,False,False,-97090.67,194612.56,-789.36,-0.977,-2749.01,-2.79,-4774.74,-47.75,62,30.8,-6.43,4.269,2935.96,29.36,840.5,13,13,1018.41,0.84,2.36,4.45,59.91,2.41,57.21,1.92,73965.18,4,46,74,0,69.31,0.996,-6.41,3.04,97521.89,252,76.2,22.6,-14.07,True,True,False,False,2,0,51,255,0,0,4517,4025,"{'2025-09': 1018.41, '2025-10': 2595.49, '2025-11': 2255.93, '2025-12': 1210.59, '2026-01': 6195.28, '2026-02': 10281.01, '2026-03': 12492.14, '2026-04': 2606.47, '2026-05': 20565.63, '2026-06': 12352.58, '2026-07': 7329.11, '2026-08': 15982.94, '2026-09': 2636.31}","{'H1': 4844.4, 'M10': 33098.28, 'M15': 19339.73, 'M20': 7890.46, 'M30': 7929.78, 'M5': 24419.24}","{'H1': 14, 'M10': 165, 'M15': 49, 'M20': 51, 'M30': 39, 'M5': 174}","{'partial_be': 237, 'sl': 113, 'tp2': 74, 'trail': 61, 'daily_halt': 7}",0,0.0,,0.0,51,7890.46,78.4,15.5
M20SC_0.60_x0.4__spread_x2,M20SC_0.60_x0.4,spread_x2,"trade_filter=M5:max_cost_r=0.08;min_quality=0.55;sessions=asia|london|preny|ny|lclose/M10:min_quality=0.57/M15:min_quality=0.60/M30|H1:min_quality=0.57/M20:min_quality=0.99,confluence_filter=M5:max_cost_r=0.08;min_quality=0.55;sessions=asia|london|preny|ny|lclose/M10:min_quality=0.50/M15:min_quality=0.60/M30|H1:min_quality=0.57/M20:min_quality=0.60,keep_replaced_tfs=M10|M15|M20|M30|H1,mart_tfs=M10|M15|M20|M30|H1,timeframes=M5|M10|M15|M20|M30|H1,tf_risk_scale=M20:0.4,spread_multiplier=2.0",355,174.74,-6.02,-1326.08,2.217,72.7,26.8,91.81,0.2586,4.68,27473.95,0,False,False,-14362.43,31836.38,-148.07,-0.991,-348.81,-1.34,-573.31,-5.73,54,31.2,-5.82,2.278,708.68,7.09,177.76,12,13,-156.84,-0.79,-0.79,2.77,54.13,2.766,37.68,1.947,9123.92,4,44,52,0,29.03,0.822,-2.84,2.8,17473.95,188,73.9,26.1,-5.05,False,False,False,False,0,0,31,184,0,0,3403,3048,"{'2025-09': 683.2, '2025-10': 1241.51, '2025-11': 1118.89, '2025-12': 458.66, '2026-01': 1986.49, '2026-02': 2861.28, '2026-03': 1505.76, '2026-04': -156.84, '2026-05': 2685.76, '2026-06': 1542.43, '2026-07': 784.95, '2026-08': 2216.41, '2026-09': 545.45}","{'H1': 940.55, 'M10': 7682.55, 'M15': 4192.8, 'M20': 1290.97, 'M30': 2126.56, 'M5': 1240.52}","{'H1': 14, 'M10': 142, 'M15': 48, 'M20': 31, 'M30': 38, 'M5': 82}","{'partial_be': 161, 'sl': 95, 'tp2': 54, 'trail': 45}",0,0.0,,0.0,31,1290.97,74.2,15.2
M20SC_0.60_x0.4__commission_x2,M20SC_0.60_x0.4,commission_x2,"trade_filter=M5:max_cost_r=0.08;min_quality=0.55;sessions=asia|london|preny|ny|lclose/M10:min_quality=0.57/M15:min_quality=0.60/M30|H1:min_quality=0.57/M20:min_quality=0.99,confluence_filter=M5:max_cost_r=0.08;min_quality=0.55;sessions=asia|london|preny|ny|lclose/M10:min_quality=0.50/M15:min_quality=0.60/M30|H1:min_quality=0.57/M20:min_quality=0.60,keep_replaced_tfs=M10|M15|M20|M30|H1,mart_tfs=M10|M15|M20|M30|H1,timeframes=M5|M10|M15|M20|M30|H1,tf_risk_scale=M20:0.4",459,267.85,-5.95,-1991.6,2.296,74.5,25.1,122.69,0.2673,5.15,36784.88,0,False,False,-20663.39,47448.27,-176.61,-1.002,-468.72,-1.35,-743.09,-7.43,62,31.5,-5.79,2.061,961.78,9.62,204.64,13,13,350.66,0.87,6.53,2.84,65.62,2.632,57.07,2.161,17070.09,3,45,70,0,45.02,0.771,-2.63,2.78,26784.88,239,75.7,24.3,-5.67,True,False,True,True,3,0,33,235,0,0,4191,3732,"{'2025-09': 360.45, '2025-10': 628.55, '2025-11': 2192.4, '2025-12': 350.66, '2026-01': 2599.23, '2026-02': 3583.5, '2026-03': 2784.23, '2026-04': 1594.18, '2026-05': 4067.17, '2026-06': 2617.79, '2026-07': 934.19, '2026-08': 4585.29, '2026-09': 487.24}","{'H1': 1358.14, 'M10': 11151.36, 'M15': 5166.53, 'M20': 1577.92, 'M30': 2474.14, 'M5': 5056.79}","{'H1': 14, 'M10': 164, 'M15': 51, 'M20': 33, 'M30': 39, 'M5': 158}","{'partial_be': 209, 'sl': 115, 'tp2': 76, 'trail': 59}",0,0.0,,0.0,33,1577.92,75.8,15.7
M20SC_0.60_x0.4__slip_x3,M20SC_0.60_x0.4,slip_x3,"trade_filter=M5:max_cost_r=0.08;min_quality=0.55;sessions=asia|london|preny|ny|lclose/M10:min_quality=0.57/M15:min_quality=0.60/M30|H1:min_quality=0.57/M20:min_quality=0.99,confluence_filter=M5:max_cost_r=0.08;min_quality=0.55;sessions=asia|london|preny|ny|lclose/M10:min_quality=0.50/M15:min_quality=0.60/M30|H1:min_quality=0.57/M20:min_quality=0.60,keep_replaced_tfs=M10|M15|M20|M30|H1,mart_tfs=M10|M15|M20|M30|H1,timeframes=M5|M10|M15|M20|M30|H1,tf_risk_scale=M20:0.4,sl_slippage=0.30,market_slippage=0.15",478,288.03,-5.78,-2129.92,2.285,74.7,24.9,128.46,0.2687,5.17,38802.94,0,False,False,-22419.59,51222.53,-185.29,-1.017,-507.19,-1.41,-814.35,-8.14,63,31.5,-6.11,2.154,1012.4,10.12,211.74,13,13,442.0,1.04,5.17,3.69,66.86,2.509,61.6,2.192,18916.82,3,45,74,0,49.83,0.778,-2.91,2.81,28802.94,248,76.2,23.8,-5.78,True,False,True,True,3,0,33,239,0,0,4448,3970,"{'2025-09': 442.0, '2025-10': 982.85, '2025-11': 2064.02, '2025-12': 635.52, '2026-01': 2603.83, '2026-02': 3157.9, '2026-03': 3084.71, '2026-04': 1284.77, '2026-05': 5031.3, '2026-06': 2916.81, '2026-07': 958.03, '2026-08': 5053.76, '2026-09': 587.44}","{'H1': 1519.33, 'M10': 11396.86, 'M15': 5491.06, 'M20': 1594.55, 'M30': 2553.54, 'M5': 6247.6}","{'H1': 14, 'M10': 165, 'M15': 51, 'M20': 33, 'M30': 39, 'M5': 176}","{'partial_be': 218, 'sl': 119, 'tp2': 80, 'trail': 61}",0,0.0,,0.0,33,1594.55,75.8,16.4
M20SC_0.60_x0.4__worst_intrabar,M20SC_0.60_x0.4,worst_intrabar,"trade_filter=M5:max_cost_r=0.08;min_quality=0.55;sessions=asia|london|preny|ny|lclose/M10:min_quality=0.57/M15:min_quality=0.60/M30|H1:min_quality=0.57/M20:min_quality=0.99,confluence_filter=M5:max_cost_r=0.08;min_quality=0.55;sessions=asia|london|preny|ny|lclose/M10:min_quality=0.50/M15:min_quality=0.60/M30|H1:min_quality=0.57/M20:min_quality=0.60,keep_replaced_tfs=M10|M15|M20|M30|H1,mart_tfs=M10|M15|M20|M30|H1,timeframes=M5|M10|M15|M20|M30|H1,tf_risk_scale=M20:0.4,intrabar=worst",478,310.9,-6.01,-2314.88,2.379,74.7,24.9,133.64,0.2796,5.55,41089.96,0,False,False,-22537.99,53627.95,-186.26,-0.997,-523.27,-1.34,-668.43,-6.68,63,31.5,-5.75,1.999,1063.02,10.63,217.89,13,13,450.71,0.77,6.11,4.15,67.94,2.575,65.7,2.301,20930.05,3,45,74,0,51.73,0.725,-2.78,2.8,31089.96,248,76.2,23.8,-6.01,True,True,True,True,4,0,33,239,0,0,4448,3970,"{'2025-09': 488.36, '2025-10': 953.31, '2025-11': 2115.99, '2025-12': 717.11, '2026-01': 2701.67, '2026-02': 3183.47, '2026-03': 3295.63, '2026-04': 1630.78, '2026-05': 5360.65, '2026-06': 3072.86, '2026-07': 1241.56, '2026-08': 5877.86, '2026-09': 450.71}","{'H1': 1603.01, 'M10': 12619.73, 'M15': 5589.47, 'M20': 1642.76, 'M30': 2653.94, 'M5': 6981.05}","{'H1': 14, 'M10': 165, 'M15': 51, 'M20': 33, 'M30': 39, 'M5': 176}","{'partial_be': 217, 'sl': 119, 'tp2': 81, 'trail': 61}",0,0.0,,0.0,33,1642.76,75.8,15.7
M20SC_0.60_x0.4__risk0.5,M20SC_0.60_x0.4,risk0.5,"trade_filter=M5:max_cost_r=0.08;min_quality=0.55;sessions=asia|london|preny|ny|lclose/M10:min_quality=0.57/M15:min_quality=0.60/M30|H1:min_quality=0.57/M20:min_quality=0.99,confluence_filter=M5:max_cost_r=0.08;min_quality=0.55;sessions=asia|london|preny|ny|lclose/M10:min_quality=0.50/M15:min_quality=0.60/M30|H1:min_quality=0.57/M20:min_quality=0.60,keep_replaced_tfs=M10|M15|M20|M30|H1,mart_tfs=M10|M15|M20|M30|H1,timeframes=M5|M10|M15|M20|M30|H1,tf_risk_scale=M20:0.4,risk_pct=0.5",468,101.81,-4.38,-680.83,2.223,70.9,28.6,141.49,0.3023,5.06,20180.72,0,False,False,-8327.17,18507.89,-61.23,-1.0,-191.59,-1.27,-343.75,-3.44,69,35.4,-5.77,1.258,304.72,3.05,70.41,13,13,211.66,1.81,7.61,4.38,71.87,2.416,69.62,2.108,5785.24,5,61,73,0,23.24,0.818,-2.36,2.01,10180.72,248,72.2,27.8,-4.38,True,False,False,False,1,0,30,235,0,0,4377,3909,"{'2025-09': 307.89, '2025-10': 1035.79, '2025-11': 1016.13, '2025-12': 433.42, '2026-01': 796.67, '2026-02': 805.58, '2026-03': 585.54, '2026-04': 533.73, '2026-05': 1541.17, '2026-06': 897.17, '2026-07': 273.93, '2026-08': 1742.04, '2026-09': 211.66}","{'H1': 425.22, 'M10': 3957.46, 'M15': 2133.11, 'M20': 573.43, 'M30': 1062.17, 'M5': 2029.33}","{'H1': 14, 'M10': 164, 'M15': 51, 'M20': 30, 'M30': 36, 'M5': 173}","{'partial_be': 189, 'sl': 134, 'tp2': 85, 'trail': 59, 'forced': 1}",0,0.0,,0.0,30,573.43,66.7,16.1
M20SC_0.60_x0.4__risk2,M20SC_0.60_x0.4,risk2,"trade_filter=M5:max_cost_r=0.08;min_quality=0.55;sessions=asia|london|preny|ny|lclose/M10:min_quality=0.57/M15:min_quality=0.60/M30|H1:min_quality=0.57/M20:min_quality=0.99,confluence_filter=M5:max_cost_r=0.08;min_quality=0.55;sessions=asia|london|preny|ny|lclose/M10:min_quality=0.50/M15:min_quality=0.60/M30|H1:min_quality=0.57/M20:min_quality=0.60,keep_replaced_tfs=M10|M15|M20|M30|H1,mart_tfs=M10|M15|M20|M30|H1,timeframes=M5|M10|M15|M20|M30|H1,tf_risk_scale=M20:0.4,risk_pct=2.0",473,878.0,-14.02,-13583.45,1.987,74.2,22.8,110.43,0.2335,4.09,97800.46,5,False,False,-88933.4,176733.86,-728.96,-0.964,-2498.43,-2.82,-4340.34,-43.4,64,32.0,-7.79,4.673,2682.86,26.83,793.64,13,13,936.39,0.76,1.96,4.54,55.43,2.284,55.01,1.922,67114.98,7,46,72,0,62.62,1.013,-6.43,3.04,87800.46,244,75.4,23.0,-14.02,True,True,False,False,2,0,32,235,0,0,4353,3880,"{'2025-09': 936.39, '2025-10': 2676.96, '2025-11': 1941.51, '2025-12': 1223.18, '2026-01': 4753.54, '2026-02': 9153.9, '2026-03': 11397.81, '2026-04': 2544.12, '2026-05': 18921.5, '2026-06': 12026.05, '2026-07': 4982.25, '2026-08': 14999.94, '2026-09': 2243.31}","{'H1': 4416.66, 'M10': 30665.25, 'M15': 16835.03, 'M20': 6348.56, 'M30': 7008.48, 'M5': 22526.48}","{'H1': 14, 'M10': 164, 'M15': 50, 'M20': 32, 'M30': 39, 'M5': 174}","{'partial_be': 222, 'sl': 108, 'tp2': 73, 'trail': 58, 'daily_halt': 12}",0,0.0,,0.0,32,6348.56,81.2,15.8
M20SC_0.63_x0.4__spread_x2,M20SC_0.63_x0.4,spread_x2,"trade_filter=M5:max_cost_r=0.08;min_quality=0.55;sessions=asia|london|preny|ny|lclose/M10:min_quality=0.57/M15:min_quality=0.60/M30|H1:min_quality=0.57/M20:min_quality=0.99,confluence_filter=M5:max_cost_r=0.08;min_quality=0.55;sessions=asia|london|preny|ny|lclose/M10:min_quality=0.50/M15:min_quality=0.60/M30|H1:min_quality=0.57/M20:min_quality=0.63,keep_replaced_tfs=M10|M15|M20|M30|H1,mart_tfs=M10|M15|M20|M30|H1,timeframes=M5|M10|M15|M20|M30|H1,tf_risk_scale=M20:0.4,spread_multiplier=2.0",345,168.99,-5.61,-1309.74,2.192,73.0,26.4,91.2,0.2643,4.55,26898.53,0,False,False,-14177.58,31076.11,-152.45,-0.99,-348.81,-1.35,-549.51,-5.5,52,30.1,-6.28,2.214,708.68,7.09,180.19,12,13,-201.66,-1.95,-1.95,2.09,58.07,2.855,33.13,1.876,8404.09,4,39,52,0,30.12,0.839,-2.71,2.8,16898.53,183,73.2,26.8,-5.04,False,False,False,False,0,0,20,174,0,0,3301,2956,"{'2025-09': 651.75, '2025-10': 1268.51, '2025-11': 1079.09, '2025-12': 589.14, '2026-01': 1989.95, '2026-02': 2916.0, '2026-03': 1460.6, '2026-04': -201.66, '2026-05': 2682.21, '2026-06': 1545.36, '2026-07': 451.96, '2026-08': 1912.8, '2026-09': 552.82}","{'H1': 922.62, 'M10': 7725.12, 'M15': 4194.44, 'M20': 912.14, 'M30': 2097.86, 'M5': 1046.35}","{'H1': 14, 'M10': 142, 'M15': 48, 'M20': 20, 'M30': 38, 'M5': 83}","{'partial_be': 158, 'sl': 91, 'tp2': 52, 'trail': 44}",0,0.0,,0.0,20,912.14,85.0,15.8
M20SC_0.63_x0.4__commission_x2,M20SC_0.63_x0.4,commission_x2,"trade_filter=M5:max_cost_r=0.08;min_quality=0.55;sessions=asia|london|preny|ny|lclose/M10:min_quality=0.57/M15:min_quality=0.60/M30|H1:min_quality=0.57/M20:min_quality=0.99,confluence_filter=M5:max_cost_r=0.08;min_quality=0.55;sessions=asia|london|preny|ny|lclose/M10:min_quality=0.50/M15:min_quality=0.60/M30|H1:min_quality=0.57/M20:min_quality=0.63,keep_replaced_tfs=M10|M15|M20|M30|H1,mart_tfs=M10|M15|M20|M30|H1,timeframes=M5|M10|M15|M20|M30|H1,tf_risk_scale=M20:0.4",448,258.8,-6.06,-2105.01,2.287,75.0,24.6,122.58,0.2736,5.09,35880.0,0,False,False,-20116.42,45996.42,-179.61,-1.002,-461.28,-1.36,-734.82,-7.35,61,31.0,-4.74,2.012,961.78,9.62,206.07,13,13,329.42,0.76,5.59,2.17,69.12,2.678,53.46,2.128,16139.87,3,40,69,0,42.71,0.777,-2.35,2.8,25880.0,234,75.6,24.4,-6.06,False,False,True,False,1,0,21,224,0,0,4087,3639,"{'2025-09': 329.42, '2025-10': 656.59, '2025-11': 2152.98, '2025-12': 437.05, '2026-01': 2611.38, '2026-02': 3552.71, '2026-03': 2687.35, '2026-04': 1620.4, '2026-05': 4067.17, '2026-06': 2475.54, '2026-07': 762.68, '2026-08': 4122.94, '2026-09': 403.79}","{'H1': 1358.14, 'M10': 11037.4, 'M15': 4966.76, 'M20': 950.11, 'M30': 2465.53, 'M5': 5102.06}","{'H1': 14, 'M10': 164, 'M15': 51, 'M20': 21, 'M30': 39, 'M5': 159}","{'partial_be': 206, 'sl': 110, 'tp2': 74, 'trail': 58}",0,0.0,,0.0,21,950.11,85.7,15.6
M20SC_0.63_x0.4__slip_x3,M20SC_0.63_x0.4,slip_x3,"trade_filter=M5:max_cost_r=0.08;min_quality=0.55;sessions=asia|london|preny|ny|lclose/M10:min_quality=0.57/M15:min_quality=0.60/M30|H1:min_quality=0.57/M20:min_quality=0.99,confluence_filter=M5:max_cost_r=0.08;min_quality=0.55;sessions=asia|london|preny|ny|lclose/M10:min_quality=0.50/M15:min_quality=0.60/M30|H1:min_quality=0.57/M20:min_quality=0.63,keep_replaced_tfs=M10|M15|M20|M30|H1,mart_tfs=M10|M15|M20|M30|H1,timeframes=M5|M10|M15|M20|M30|H1,tf_risk_scale=M20:0.4,sl_slippage=0.30,market_slippage=0.15",467,288.23,-5.82,-2159.76,2.302,75.2,24.4,130.59,0.2796,5.17,38823.26,0,False,False,-22142.8,50966.06,-190.89,-1.017,-507.19,-1.4,-814.35,-8.14,62,31.0,-5.06,2.08,1012.4,10.12,216.31,13,13,411.15,1.04,4.22,3.02,71.37,2.585,59.22,2.187,18672.59,3,40,73,0,49.52,0.768,-2.67,2.8,28823.26,243,76.1,23.9,-5.82,True,False,True,True,3,0,21,228,0,0,4344,3877,"{'2025-09': 411.15, '2025-10': 1016.25, '2025-11': 2020.98, '2025-12': 797.56, '2026-01': 2611.38, '2026-02': 3293.35, '2026-03': 3149.16, '2026-04': 1290.37, '2026-05': 5175.14, '2026-06': 2939.43, '2026-07': 747.23, '2026-08': 4783.82, '2026-09': 587.44}","{'H1': 1518.96, 'M10': 11563.54, 'M15': 5612.79, 'M20': 1076.26, 'M30': 2582.27, 'M5': 6469.44}","{'H1': 14, 'M10': 165, 'M15': 51, 'M20': 21, 'M30': 39, 'M5': 177}","{'partial_be': 215, 'sl': 114, 'tp2': 78, 'trail': 60}",0,0.0,,0.0,21,1076.26,85.7,16.3
M20SC_0.63_x0.4__worst_intrabar,M20SC_0.63_x0.4,worst_intrabar,"trade_filter=M5:max_cost_r=0.08;min_quality=0.55;sessions=asia|london|preny|ny|lclose/M10:min_quality=0.57/M15:min_quality=0.60/M30|H1:min_quality=0.57/M20:min_quality=0.99,confluence_filter=M5:max_cost_r=0.08;min_quality=0.55;sessions=asia|london|preny|ny|lclose/M10:min_quality=0.50/M15:min_quality=0.60/M30|H1:min_quality=0.57/M20:min_quality=0.63,keep_replaced_tfs=M10|M15|M20|M30|H1,mart_tfs=M10|M15|M20|M30|H1,timeframes=M5|M10|M15|M20|M30|H1,tf_risk_scale=M20:0.4,intrabar=worst",467,305.67,-5.82,-2226.63,2.387,75.2,24.4,134.89,0.2888,5.53,40567.18,0,False,False,-22039.36,52606.54,-189.99,-0.996,-515.9,-1.35,-619.67,-6.2,62,31.0,-4.71,1.938,1063.02,10.63,220.32,13,13,456.91,0.77,5.2,3.47,72.06,2.634,62.83,2.288,20296.88,3,40,73,0,52.52,0.721,-2.58,2.79,30567.18,243,76.1,23.9,-5.82,True,True,True,True,4,0,21,228,0,0,4344,3877,"{'2025-09': 456.91, '2025-10': 980.48, '2025-11': 2078.42, '2025-12': 835.03, '2026-01': 2735.53, '2026-02': 3183.93, '2026-03': 3234.51, '2026-04': 1640.39, '2026-05': 5359.76, '2026-06': 3052.35, '2026-07': 1027.12, '2026-08': 5517.32, '2026-09': 465.43}","{'H1': 1602.34, 'M10': 12602.69, 'M15': 5581.47, 'M20': 1051.81, 'M30': 2654.11, 'M5': 7074.76}","{'H1': 14, 'M10': 165, 'M15': 51, 'M20': 21, 'M30': 39, 'M5': 177}","{'partial_be': 214, 'sl': 114, 'tp2': 79, 'trail': 60}",0,0.0,,0.0,21,1051.81,85.7,15.7
M20SC_0.63_x0.4__risk0.5,M20SC_0.63_x0.4,risk0.5,"trade_filter=M5:max_cost_r=0.08;min_quality=0.55;sessions=asia|london|preny|ny|lclose/M10:min_quality=0.57/M15:min_quality=0.60/M30|H1:min_quality=0.57/M20:min_quality=0.99,confluence_filter=M5:max_cost_r=0.08;min_quality=0.55;sessions=asia|london|preny|ny|lclose/M10:min_quality=0.50/M15:min_quality=0.60/M30|H1:min_quality=0.57/M20:min_quality=0.63,keep_replaced_tfs=M10|M15|M20|M30|H1,mart_tfs=M10|M15|M20|M30|H1,timeframes=M5|M10|M15|M20|M30|H1,tf_risk_scale=M20:0.4,risk_pct=0.5",459,96.48,-3.94,-608.75,2.197,71.0,28.5,134.65,0.2934,5.02,19648.48,0,False,False,-8057.47,17705.95,-60.58,-1.0,-191.59,-1.27,-274.07,-2.74,69,35.4,-4.73,1.206,304.72,3.05,70.26,13,13,120.65,1.47,4.71,4.0,71.75,2.419,62.9,2.061,5291.84,4,59,73,0,24.49,0.835,-1.9,2.01,9648.48,243,72.4,27.6,-3.94,True,False,False,False,1,0,20,226,0,0,4289,3830,"{'2025-09': 299.11, '2025-10': 1066.41, '2025-11': 966.15, '2025-12': 429.38, '2026-01': 793.66, '2026-02': 801.93, '2026-03': 626.53, '2026-04': 447.77, '2026-05': 1527.34, '2026-06': 743.61, '2026-07': 221.71, '2026-08': 1604.23, '2026-09': 120.65}","{'H1': 425.22, 'M10': 3965.14, 'M15': 2051.91, 'M20': 335.65, 'M30': 910.69, 'M5': 1959.87}","{'H1': 14, 'M10': 164, 'M15': 51, 'M20': 20, 'M30': 36, 'M5': 174}","{'partial_be': 188, 'sl': 131, 'tp2': 82, 'trail': 57, 'forced': 1}",0,0.0,,0.0,20,335.65,65.0,15.8
M20SC_0.63_x0.4__risk2,M20SC_0.63_x0.4,risk2,"trade_filter=M5:max_cost_r=0.08;min_quality=0.55;sessions=asia|london|preny|ny|lclose/M10:min_quality=0.57/M15:min_quality=0.60/M30|H1:min_quality=0.57/M20:min_quality=0.99,confluence_filter=M5:max_cost_r=0.08;min_quality=0.55;sessions=asia|london|preny|ny|lclose/M10:min_quality=0.50/M15:min_quality=0.60/M30|H1:min_quality=0.57/M20:min_quality=0.63,keep_replaced_tfs=M10|M15|M20|M30|H1,mart_tfs=M10|M15|M20|M30|H1,timeframes=M5|M10|M15|M20|M30|H1,tf_risk_scale=M20:0.4,risk_pct=2.0",460,859.04,-14.02,-13503.54,1.986,75.0,22.4,109.57,0.2382,3.95,95903.82,5,False,False,-87108.11,173011.93,-757.46,-0.976,-2454.21,-2.78,-4310.6,-43.11,62,31.0,-8.17,4.815,2632.24,26.32,812.02,13,13,830.87,0.79,1.53,3.64,58.1,2.44,51.47,1.89,63920.81,4,41,72,0,61.27,1.014,-6.3,3.04,85903.82,236,75.4,22.0,-14.02,True,True,False,False,2,0,21,224,0,0,4224,3764,"{'2025-09': 830.87, '2025-10': 2527.38, '2025-11': 1798.3, '2025-12': 1411.87, '2026-01': 6036.87, '2026-02': 9377.72, '2026-03': 11828.59, '2026-04': 2494.86, '2026-05': 19514.29, '2026-06': 12254.16, '2026-07': 2048.17, '2026-08': 13548.93, '2026-09': 2231.81}","{'H1': 4523.48, 'M10': 31447.39, 'M15': 17549.17, 'M20': 3732.56, 'M30': 5178.87, 'M5': 23472.35}","{'H1': 14, 'M10': 164, 'M15': 49, 'M20': 21, 'M30': 38, 'M5': 174}","{'partial_be': 220, 'sl': 103, 'tp2': 70, 'trail': 57, 'daily_halt': 10}",0,0.0,,0.0,21,3732.56,85.7,15.5
M20SC_0.60_x0.6_KD__spread_x2,M20SC_0.60_x0.6_KD,spread_x2,"trade_filter=M5:max_cost_r=0.08;min_quality=0.55;sessions=asia|london|preny|ny|lclose/M10:min_quality=0.57/M15:min_quality=0.60/M30|H1:min_quality=0.57/M20:min_quality=0.99,confluence_filter=M5:max_cost_r=0.08;min_quality=0.55;sessions=asia|london|preny|ny|lclose/M10:min_quality=0.50/M15:min_quality=0.60/M30|H1:min_quality=0.57/M20:min_quality=0.60,keep_replaced_tfs=M10|M15|M20|M30|H1,mart_tfs=M10|M15|M20|M30|H1,timeframes=M5|M10|M15|M20|M30|H1,tf_risk_scale=M20:0.6,max_rank=2,rank2_filter=M5|M10|M15|M20|M30|H1:min_quality=0.99,spread_multiplier=2.0",374,198.94,-5.63,-1632.06,2.174,73.3,26.2,99.06,0.2649,4.56,29893.61,0,False,False,-16943.48,36837.09,-169.43,-0.992,-391.09,-1.36,-864.95,-8.65,57,32.2,-5.78,2.277,860.54,8.61,194.7,13,13,344.62,1.85,2.3,3.0,59.84,2.724,39.22,1.926,10822.0,4,42,54,0,35.34,0.852,-2.9,2.95,19893.61,197,73.6,26.4,-5.63,False,False,False,False,0,0,31,192,0,0,3101,2727,"{'2025-09': 714.99, '2025-10': 1552.89, '2025-11': 1141.68, '2025-12': 636.25, '2026-01': 2038.39, '2026-02': 2987.41, '2026-03': 1989.72, '2026-04': 543.55, '2026-05': 3650.07, '2026-06': 1522.87, '2026-07': 344.62, '2026-08': 2157.66, '2026-09': 613.51}","{'H1': 1060.33, 'M10': 7986.09, 'M15': 4672.64, 'M20': 2010.65, 'M30': 2302.55, 'M5': 1861.35}","{'H1': 14, 'M10': 149, 'M15': 49, 'M20': 31, 'M30': 40, 'M5': 91}","{'partial_be': 171, 'sl': 98, 'tp2': 58, 'trail': 47}",0,0.0,,0.0,31,2010.65,83.9,43.6
M20SC_0.60_x0.6_KD__commission_x2,M20SC_0.60_x0.6_KD,commission_x2,"trade_filter=M5:max_cost_r=0.08;min_quality=0.55;sessions=asia|london|preny|ny|lclose/M10:min_quality=0.57/M15:min_quality=0.60/M30|H1:min_quality=0.57/M20:min_quality=0.99,confluence_filter=M5:max_cost_r=0.08;min_quality=0.55;sessions=asia|london|preny|ny|lclose/M10:min_quality=0.50/M15:min_quality=0.60/M30|H1:min_quality=0.57/M20:min_quality=0.60,keep_replaced_tfs=M10|M15|M20|M30|H1,mart_tfs=M10|M15|M20|M30|H1,timeframes=M5|M10|M15|M20|M30|H1,tf_risk_scale=M20:0.6,max_rank=2,rank2_filter=M5|M10|M15|M20|M30|H1:min_quality=0.99",487,299.85,-6.04,-2332.73,2.229,74.1,25.5,123.58,0.2538,5.15,39984.88,0,False,False,-24389.87,54374.75,-193.57,-1.004,-513.36,-1.34,-1174.37,-11.74,61,30.7,-5.8,2.013,1113.64,11.14,220.12,13,13,391.72,1.08,9.36,2.95,62.89,2.479,60.7,2.132,19841.38,4,43,78,0,49.64,0.813,-3.06,2.92,29984.88,251,75.3,24.7,-6.04,True,True,False,False,2,0,34,245,0,0,3795,3308,"{'2025-09': 391.72, '2025-10': 967.84, '2025-11': 2280.65, '2025-12': 642.85, '2026-01': 2666.43, '2026-02': 3194.01, '2026-03': 3655.33, '2026-04': 2355.94, '2026-05': 5387.75, '2026-06': 2629.52, '2026-07': 646.2, '2026-08': 4587.03, '2026-09': 579.61}","{'H1': 1543.57, 'M10': 11893.11, 'M15': 6034.23, 'M20': 2415.75, 'M30': 2482.07, 'M5': 5616.15}","{'H1': 14, 'M10': 171, 'M15': 52, 'M20': 34, 'M30': 41, 'M5': 175}","{'partial_be': 219, 'sl': 124, 'tp2': 80, 'trail': 64}",0,0.0,,0.0,34,2415.75,85.3,43.6
M20SC_0.60_x0.6_KD__slip_x3,M20SC_0.60_x0.6_KD,slip_x3,"trade_filter=M5:max_cost_r=0.08;min_quality=0.55;sessions=asia|london|preny|ny|lclose/M10:min_quality=0.57/M15:min_quality=0.60/M30|H1:min_quality=0.57/M20:min_quality=0.99,confluence_filter=M5:max_cost_r=0.08;min_quality=0.55;sessions=asia|london|preny|ny|lclose/M10:min_quality=0.50/M15:min_quality=0.60/M30|H1:min_quality=0.57/M20:min_quality=0.60,keep_replaced_tfs=M10|M15|M20|M30|H1,mart_tfs=M10|M15|M20|M30|H1,timeframes=M5|M10|M15|M20|M30|H1,tf_risk_scale=M20:0.6,max_rank=2,rank2_filter=M5|M10|M15|M20|M30|H1:min_quality=0.99,sl_slippage=0.30,market_slippage=0.15",509,342.52,-5.89,-2507.11,2.227,75.0,24.6,136.96,0.2691,5.2,44251.8,0,False,False,-27925.22,62177.02,-219.88,-1.019,-575.32,-1.41,-1335.06,-13.35,63,31.0,-5.89,2.058,1265.5,12.65,241.43,13,13,241.64,0.86,7.63,6.23,75.69,2.548,61.28,2.104,22328.65,4,43,79,0,58.15,0.815,-3.05,2.99,34251.8,261,75.9,24.1,-5.89,True,True,False,False,2,0,34,251,0,0,4005,3496,"{'2025-09': 727.51, '2025-10': 1448.07, '2025-11': 2181.84, '2025-12': 907.52, '2026-01': 2934.55, '2026-02': 3723.66, '2026-03': 4252.48, '2026-04': 2064.25, '2026-05': 7198.6, '2026-06': 2637.85, '2026-07': 241.64, '2026-08': 5382.65, '2026-09': 551.18}","{'H1': 1299.17, 'M10': 13490.45, 'M15': 6305.66, 'M20': 2655.55, 'M30': 2512.07, 'M5': 7988.9}","{'H1': 14, 'M10': 172, 'M15': 52, 'M20': 34, 'M30': 41, 'M5': 196}","{'partial_be': 232, 'sl': 125, 'tp2': 86, 'trail': 66}",0,0.0,,0.0,34,2655.55,85.3,44.4
M20SC_0.60_x0.6_KD__worst_intrabar,M20SC_0.60_x0.6_KD,worst_intrabar,"trade_filter=M5:max_cost_r=0.08;min_quality=0.55;sessions=asia|london|preny|ny|lclose/M10:min_quality=0.57/M15:min_quality=0.60/M30|H1:min_quality=0.57/M20:min_quality=0.99,confluence_filter=M5:max_cost_r=0.08;min_quality=0.55;sessions=asia|london|preny|ny|lclose/M10:min_quality=0.50/M15:min_quality=0.60/M30|H1:min_quality=0.57/M20:min_quality=0.60,keep_replaced_tfs=M10|M15|M20|M30|H1,mart_tfs=M10|M15|M20|M30|H1,timeframes=M5|M10|M15|M20|M30|H1,tf_risk_scale=M20:0.6,max_rank=2,rank2_filter=M5|M10|M15|M20|M30|H1:min_quality=0.99,intrabar=worst",509,368.66,-5.62,-2481.62,2.317,75.0,24.6,140.01,0.2751,5.55,46866.16,0,False,False,-27995.1,64861.26,-220.43,-0.998,-596.97,-1.36,-853.92,-8.54,62,30.5,-5.75,1.976,1316.12,13.16,247.26,13,13,508.22,0.68,8.63,6.7,74.28,2.588,65.72,2.217,24855.07,4,43,79,0,65.6,0.759,-2.9,2.93,36866.16,261,75.9,24.1,-5.62,True,True,True,True,4,0,34,251,0,0,4005,3496,"{'2025-09': 778.51, '2025-10': 1471.96, '2025-11': 2239.66, '2025-12': 801.67, '2026-01': 3051.78, '2026-02': 3667.51, '2026-03': 4340.78, '2026-04': 2458.48, '2026-05': 7591.85, '2026-06': 2881.22, '2026-07': 625.37, '2026-08': 6449.15, '2026-09': 508.22}","{'H1': 1315.23, 'M10': 15010.23, 'M15': 6589.68, 'M20': 2769.03, 'M30': 2578.02, 'M5': 8603.97}","{'H1': 14, 'M10': 172, 'M15': 52, 'M20': 34, 'M30': 41, 'M5': 196}","{'partial_be': 232, 'sl': 125, 'tp2': 86, 'trail': 66}",0,0.0,,0.0,34,2769.03,85.3,43.8
M20SC_0.60_x0.6_KD__risk0.5,M20SC_0.60_x0.6_KD,risk0.5,"trade_filter=M5:max_cost_r=0.08;min_quality=0.55;sessions=asia|london|preny|ny|lclose/M10:min_quality=0.57/M15:min_quality=0.60/M30|H1:min_quality=0.57/M20:min_quality=0.99,confluence_filter=M5:max_cost_r=0.08;min_quality=0.55;sessions=asia|london|preny|ny|lclose/M10:min_quality=0.50/M15:min_quality=0.60/M30|H1:min_quality=0.57/M20:min_quality=0.60,keep_replaced_tfs=M10|M15|M20|M30|H1,mart_tfs=M10|M15|M20|M30|H1,timeframes=M5|M10|M15|M20|M30|H1,tf_risk_scale=M20:0.6,max_rank=2,rank2_filter=M5|M10|M15|M20|M30|H1:min_quality=0.99,risk_pct=0.5",498,115.42,-4.0,-643.69,2.29,70.9,28.7,141.07,0.2833,5.51,21541.62,0,False,False,-8948.66,20490.28,-61.71,-1.0,-136.85,-0.88,-298.2,-2.98,71,35.9,-5.77,1.109,404.96,4.05,72.7,13,13,196.94,1.81,9.95,7.1,71.01,2.388,70.06,2.229,6786.73,5,59,81,0,28.86,0.775,-1.43,1.93,11541.62,260,72.3,27.7,-4.0,True,False,False,False,1,0,33,247,0,0,3974,3476,"{'2025-09': 375.78, '2025-10': 1062.82, '2025-11': 1079.83, '2025-12': 505.98, '2026-01': 808.45, '2026-02': 922.03, '2026-03': 811.83, '2026-04': 760.11, '2026-05': 1968.42, '2026-06': 817.74, '2026-07': 299.83, '2026-08': 1931.86, '2026-09': 196.94}","{'H1': 639.38, 'M10': 4240.32, 'M15': 2202.92, 'M20': 924.08, 'M30': 1108.75, 'M5': 2426.17}","{'H1': 14, 'M10': 170, 'M15': 52, 'M20': 33, 'M30': 38, 'M5': 191}","{'partial_be': 199, 'sl': 143, 'tp2': 88, 'trail': 67, 'forced': 1}",0,0.0,,0.0,33,924.08,66.7,44.1
M20SC_0.60_x0.6_KD__risk2,M20SC_0.60_x0.6_KD,risk2,"trade_filter=M5:max_cost_r=0.08;min_quality=0.55;sessions=asia|london|preny|ny|lclose/M10:min_quality=0.57/M15:min_quality=0.60/M30|H1:min_quality=0.57/M20:min_quality=0.99,confluence_filter=M5:max_cost_r=0.08;min_quality=0.55;sessions=asia|london|preny|ny|lclose/M10:min_quality=0.50/M15:min_quality=0.60/M30|H1:min_quality=0.57/M20:min_quality=0.60,keep_replaced_tfs=M10|M15|M20|M30|H1,mart_tfs=M10|M15|M20|M30|H1,timeframes=M5|M10|M15|M20|M30|H1,tf_risk_scale=M20:0.6,max_rank=2,rank2_filter=M5|M10|M15|M20|M30|H1:min_quality=0.99,risk_pct=2.0",500,1172.23,-14.04,-17855.88,1.939,74.2,22.6,118.3,0.2366,4.1,127222.84,6,False,False,-124895.35,242118.19,-968.18,-0.973,-3250.17,-2.8,-5684.98,-56.85,62,30.5,-9.08,4.63,3492.78,34.93,1021.77,13,13,1504.5,0.82,5.03,6.89,61.9,2.355,56.4,1.861,90637.42,5,47,79,0,83.49,1.065,-6.9,3.05,117222.84,256,75.0,22.7,-14.04,True,True,False,False,2,0,32,242,0,0,3899,3399,"{'2025-09': 1504.5, '2025-10': 4036.81, '2025-11': 1925.23, '2025-12': 1781.19, '2026-01': 5412.67, '2026-02': 11925.02, '2026-03': 16315.13, '2026-04': 6395.47, '2026-05': 29656.32, '2026-06': 13854.06, '2026-07': 2837.97, '2026-08': 18531.05, '2026-09': 3047.42}","{'H1': 5825.9, 'M10': 38483.04, 'M15': 22804.66, 'M20': 11915.22, 'M30': 9185.61, 'M5': 29008.41}","{'H1': 14, 'M10': 171, 'M15': 50, 'M20': 32, 'M30': 39, 'M5': 194}","{'partial_be': 232, 'sl': 113, 'tp2': 79, 'trail': 62, 'daily_halt': 14}",0,0.0,,0.0,32,11915.22,81.2,43.2
M20SC_0.60_x0.6__spread_x2,M20SC_0.60_x0.6,spread_x2,"trade_filter=M5:max_cost_r=0.08;min_quality=0.55;sessions=asia|london|preny|ny|lclose/M10:min_quality=0.57/M15:min_quality=0.60/M30|H1:min_quality=0.57/M20:min_quality=0.99,confluence_filter=M5:max_cost_r=0.08;min_quality=0.55;sessions=asia|london|preny|ny|lclose/M10:min_quality=0.50/M15:min_quality=0.60/M30|H1:min_quality=0.57/M20:min_quality=0.60,keep_replaced_tfs=M10|M15|M20|M30|H1,mart_tfs=M10|M15|M20|M30|H1,timeframes=M5|M10|M15|M20|M30|H1,tf_risk_scale=M20:0.6,spread_multiplier=2.0",355,185.14,-5.74,-1408.88,2.237,73.0,26.5,92.79,0.2614,4.73,28513.7,0,False,False,-14966.73,33480.43,-155.9,-0.991,-361.13,-1.4,-603.24,-6.03,55,31.8,-5.78,2.256,759.3,7.59,186.59,12,13,-174.59,-1.22,-1.22,3.0,55.38,2.801,37.41,1.967,9794.51,4,42,52,0,32.25,0.808,-2.93,2.8,18513.7,188,74.5,25.5,-5.19,False,False,False,False,0,0,31,184,0,0,3403,3048,"{'2025-09': 714.99, '2025-10': 1355.52, '2025-11': 1243.73, '2025-12': 495.7, '2026-01': 1976.22, '2026-02': 2933.03, '2026-03': 1547.67, '2026-04': -174.59, '2026-05': 2712.28, '2026-06': 1858.46, '2026-07': 823.17, '2026-08': 2399.1, '2026-09': 628.42}","{'H1': 884.54, 'M10': 7806.12, 'M15': 4425.75, 'M20': 2027.79, 'M30': 2052.33, 'M5': 1317.17}","{'H1': 14, 'M10': 142, 'M15': 48, 'M20': 31, 'M30': 38, 'M5': 82}","{'partial_be': 163, 'sl': 94, 'tp2': 54, 'trail': 44}",0,0.0,,0.0,31,2027.79,77.4,15.5
M20SC_0.60_x0.6__commission_x2,M20SC_0.60_x0.6,commission_x2,"trade_filter=M5:max_cost_r=0.08;min_quality=0.55;sessions=asia|london|preny|ny|lclose/M10:min_quality=0.57/M15:min_quality=0.60/M30|H1:min_quality=0.57/M20:min_quality=0.99,confluence_filter=M5:max_cost_r=0.08;min_quality=0.55;sessions=asia|london|preny|ny|lclose/M10:min_quality=0.50/M15:min_quality=0.60/M30|H1:min_quality=0.57/M20:min_quality=0.60,keep_replaced_tfs=M10|M15|M20|M30|H1,mart_tfs=M10|M15|M20|M30|H1,timeframes=M5|M10|M15|M20|M30|H1,tf_risk_scale=M20:0.6",459,278.43,-5.95,-2019.08,2.305,74.7,24.8,124.05,0.2703,5.19,37842.99,0,False,False,-21333.28,49176.27,-183.91,-1.002,-483.6,-1.31,-773.97,-7.74,62,31.5,-5.79,2.107,1012.4,10.12,212.08,13,13,323.7,0.85,6.15,2.95,65.43,2.624,58.62,2.178,17985.6,3,43,70,0,46.79,0.766,-3.14,2.8,27842.99,239,76.2,23.8,-5.6,True,False,False,True,2,0,33,235,0,0,4191,3732,"{'2025-09': 391.72, '2025-10': 633.63, '2025-11': 2389.68, '2025-12': 323.7, '2026-01': 2558.14, '2026-02': 3560.52, '2026-03': 2809.72, '2026-04': 1562.28, '2026-05': 4109.87, '2026-06': 3076.71, '2026-07': 1150.52, '2026-08': 4819.22, '2026-09': 457.28}","{'H1': 1393.45, 'M10': 11258.02, 'M15': 5196.89, 'M20': 2611.71, 'M30': 2429.4, 'M5': 4953.52}","{'H1': 14, 'M10': 164, 'M15': 51, 'M20': 33, 'M30': 39, 'M5': 158}","{'partial_be': 211, 'sl': 114, 'tp2': 76, 'trail': 58}",0,0.0,,0.0,33,2611.71,78.8,15.9
M20SC_0.60_x0.6__slip_x3,M20SC_0.60_x0.6,slip_x3,"trade_filter=M5:max_cost_r=0.08;min_quality=0.55;sessions=asia|london|preny|ny|lclose/M10:min_quality=0.57/M15:min_quality=0.60/M30|H1:min_quality=0.57/M20:min_quality=0.99,confluence_filter=M5:max_cost_r=0.08;min_quality=0.55;sessions=asia|london|preny|ny|lclose/M10:min_quality=0.50/M15:min_quality=0.60/M30|H1:min_quality=0.57/M20:min_quality=0.60,keep_replaced_tfs=M10|M15|M20|M30|H1,mart_tfs=M10|M15|M20|M30|H1,timeframes=M5|M10|M15|M20|M30|H1,tf_risk_scale=M20:0.6,sl_slippage=0.30,market_slippage=0.15",478,302.96,-6.17,-2243.7,2.312,75.3,24.3,131.45,0.275,5.26,40295.78,0,False,False,-23093.05,53388.83,-195.7,-1.017,-522.33,-1.35,-845.51,-8.46,62,31.0,-6.11,2.164,1063.02,10.63,220.65,13,13,446.4,0.71,4.78,3.84,69.91,2.559,61.54,2.213,20003.78,3,42,73,0,49.1,0.762,-3.01,2.79,30295.78,248,76.6,23.4,-5.86,True,True,False,True,3,0,33,239,0,0,4448,3970,"{'2025-09': 473.59, '2025-10': 918.15, '2025-11': 2219.35, '2025-12': 700.41, '2026-01': 2678.89, '2026-02': 3301.61, '2026-03': 3352.25, '2026-04': 1310.45, '2026-05': 5216.87, '2026-06': 3214.51, '2026-07': 1194.98, '2026-08': 5268.32, '2026-09': 446.4}","{'H1': 1588.61, 'M10': 11588.72, 'M15': 5457.93, 'M20': 2479.14, 'M30': 2604.71, 'M5': 6576.67}","{'H1': 14, 'M10': 165, 'M15': 51, 'M20': 33, 'M30': 39, 'M5': 176}","{'partial_be': 221, 'sl': 116, 'tp2': 80, 'trail': 61}",0,0.0,,0.0,33,2479.14,84.8,16.0
M20SC_0.60_x0.6__worst_intrabar,M20SC_0.60_x0.6,worst_intrabar,"trade_filter=M5:max_cost_r=0.08;min_quality=0.55;sessions=asia|london|preny|ny|lclose/M10:min_quality=0.57/M15:min_quality=0.60/M30|H1:min_quality=0.57/M20:min_quality=0.99,confluence_filter=M5:max_cost_r=0.08;min_quality=0.55;sessions=asia|london|preny|ny|lclose/M10:min_quality=0.50/M15:min_quality=0.60/M30|H1:min_quality=0.57/M20:min_quality=0.60,keep_replaced_tfs=M10|M15|M20|M30|H1,mart_tfs=M10|M15|M20|M30|H1,timeframes=M5|M10|M15|M20|M30|H1,tf_risk_scale=M20:0.6,intrabar=worst",478,327.32,-5.67,-2218.61,2.406,75.3,24.3,137.32,0.2873,5.58,42732.22,0,False,False,-23284.6,56016.82,-197.33,-0.996,-545.38,-1.31,-756.94,-7.57,62,31.0,-5.75,2.036,1113.64,11.14,226.75,13,13,511.44,0.83,5.84,4.34,71.29,2.626,66.03,2.32,22128.97,3,42,73,0,57.73,0.711,-3.09,2.78,32732.22,248,76.6,23.4,-5.59,True,True,False,True,3,0,33,239,0,0,4449,3971,"{'2025-09': 525.17, '2025-10': 926.48, '2025-11': 2304.99, '2025-12': 742.92, '2026-01': 2890.36, '2026-02': 3213.33, '2026-03': 3364.29, '2026-04': 1658.23, '2026-05': 5367.62, '2026-06': 3376.88, '2026-07': 1428.98, '2026-08': 6421.53, '2026-09': 511.44}","{'H1': 1592.24, 'M10': 12800.67, 'M15': 5749.89, 'M20': 2598.44, 'M30': 2827.62, 'M5': 7163.36}","{'H1': 14, 'M10': 165, 'M15': 51, 'M20': 33, 'M30': 39, 'M5': 176}","{'partial_be': 220, 'sl': 116, 'tp2': 81, 'trail': 61}",0,0.0,,0.0,33,2598.44,84.8,16.0
M20SC_0.60_x0.6__risk0.5,M20SC_0.60_x0.6,risk0.5,"trade_filter=M5:max_cost_r=0.08;min_quality=0.55;sessions=asia|london|preny|ny|lclose/M10:min_quality=0.57/M15:min_quality=0.60/M30|H1:min_quality=0.57/M20:min_quality=0.99,confluence_filter=M5:max_cost_r=0.08;min_quality=0.55;sessions=asia|london|preny|ny|lclose/M10:min_quality=0.50/M15:min_quality=0.60/M30|H1:min_quality=0.57/M20:min_quality=0.60,keep_replaced_tfs=M10|M15|M20|M30|H1,mart_tfs=M10|M15|M20|M30|H1,timeframes=M5|M10|M15|M20|M30|H1,tf_risk_scale=M20:0.6,risk_pct=0.5",468,104.18,-4.37,-680.83,2.238,71.2,28.4,136.28,0.2912,5.1,20417.81,0,False,False,-8411.68,18829.49,-62.31,-1.0,-191.59,-1.27,-343.75,-3.44,67,34.4,-5.77,1.284,304.72,3.05,71.65,13,13,211.66,1.81,6.53,4.82,71.14,2.427,65.14,2.128,5992.05,5,60,73,0,23.84,0.807,-2.36,2.01,10417.81,248,72.2,27.8,-4.37,True,False,False,False,1,0,31,235,0,0,4394,3926,"{'2025-09': 330.73, '2025-10': 1039.75, '2025-11': 989.23, '2025-12': 412.93, '2026-01': 847.54, '2026-02': 805.58, '2026-03': 585.54, '2026-04': 532.71, '2026-05': 1527.34, '2026-06': 950.4, '2026-07': 362.37, '2026-08': 1822.03, '2026-09': 211.66}","{'H1': 425.22, 'M10': 3948.84, 'M15': 2133.11, 'M20': 783.05, 'M30': 1091.73, 'M5': 2035.86}","{'H1': 14, 'M10': 163, 'M15': 51, 'M20': 31, 'M30': 36, 'M5': 173}","{'partial_be': 189, 'sl': 133, 'tp2': 83, 'trail': 62, 'forced': 1}",0,0.0,,0.0,31,783.05,71.0,16.1
M20SC_0.60_x0.6__risk2,M20SC_0.60_x0.6,risk2,"trade_filter=M5:max_cost_r=0.08;min_quality=0.55;sessions=asia|london|preny|ny|lclose/M10:min_quality=0.57/M15:min_quality=0.60/M30|H1:min_quality=0.57/M20:min_quality=0.99,confluence_filter=M5:max_cost_r=0.08;min_quality=0.55;sessions=asia|london|preny|ny|lclose/M10:min_quality=0.50/M15:min_quality=0.60/M30|H1:min_quality=0.57/M20:min_quality=0.60,keep_replaced_tfs=M10|M15|M20|M30|H1,mart_tfs=M10|M15|M20|M30|H1,timeframes=M5|M10|M15|M20|M30|H1,tf_risk_scale=M20:0.6,risk_pct=2.0",472,930.05,-14.01,-14244.66,1.996,74.4,22.2,110.59,0.2343,4.1,103005.28,5,False,False,-93359.61,186364.89,-771.57,-0.968,-2631.09,-2.82,-4557.54,-45.58,63,31.5,-7.79,4.736,2834.72,28.35,834.63,13,13,1000.01,0.82,2.22,4.67,55.63,2.299,54.96,1.932,71722.79,7,46,72,0,66.38,1.004,-6.92,3.05,93005.28,243,75.7,21.8,-14.01,True,True,False,False,2,0,32,234,0,0,4347,3875,"{'2025-09': 1000.01, '2025-10': 2681.02, '2025-11': 1998.63, '2025-12': 1126.07, '2026-01': 5133.66, '2026-02': 9343.1, '2026-03': 11523.73, '2026-04': 2838.89, '2026-05': 19441.45, '2026-06': 13574.31, '2026-07': 6016.08, '2026-08': 15842.98, '2026-09': 2485.35}","{'H1': 4737.52, 'M10': 31282.7, 'M15': 17922.86, 'M20': 9046.32, 'M30': 7333.64, 'M5': 22682.24}","{'H1': 14, 'M10': 164, 'M15': 49, 'M20': 32, 'M30': 39, 'M5': 174}","{'partial_be': 222, 'sl': 105, 'tp2': 73, 'trail': 58, 'daily_halt': 14}",0,0.0,,0.0,32,9046.32,81.2,16.0
KD__spread_x2,KD,spread_x2,"timeframes=M5|M10|M15|M30|H1,max_rank=2,rank2_filter=M5|M10|M15|M20|M30|H1:min_quality=0.99,spread_multiplier=2.0",346,175.13,-5.25,-1408.88,2.112,72.5,26.9,86.76,0.2507,4.28,27513.4,0,False,False,-15748.66,33262.06,-165.78,-0.991,-359.38,-1.35,-795.02,-7.95,56,32.0,-5.33,2.242,759.3,7.59,192.58,12,13,-60.68,-0.32,-0.32,2.09,56.81,2.789,29.95,1.797,8563.29,4,38,53,0,33.36,0.899,-2.89,2.83,17513.4,181,72.4,27.6,-5.25,False,False,False,False,0,0,0,163,0,0,2850,2504,"{'2025-09': 651.75, '2025-10': 1842.38, '2025-11': 970.27, '2025-12': 702.39, '2026-01': 1853.75, '2026-02': 2929.57, '2026-03': 1670.7, '2026-04': 59.84, '2026-05': 3576.37, '2026-06': 1024.56, '2026-07': -60.68, '2026-08': 1747.05, '2026-09': 545.45}","{'H1': 1088.53, 'M10': 8327.02, 'M15': 4542.01, 'M30': 2246.64, 'M5': 1309.2}","{'H1': 14, 'M10': 151, 'M15': 50, 'M30': 40, 'M5': 91}","{'partial_be': 159, 'sl': 93, 'tp2': 52, 'trail': 42}",0,0.0,,0.0,0,0.0,,40.7
KD__commission_x2,KD,commission_x2,"timeframes=M5|M10|M15|M30|H1,max_rank=2,rank2_filter=M5|M10|M15|M20|M30|H1:min_quality=0.99",454,254.6,-6.07,-2105.01,2.145,73.3,26.2,109.05,0.2402,4.84,35460.22,0,False,False,-22238.74,47698.96,-183.79,-1.004,-453.84,-1.36,-1032.52,-10.33,62,31.5,-5.94,2.008,1012.4,10.12,212.18,13,13,185.15,0.76,6.48,2.17,59.43,2.472,49.63,2.008,15816.82,5,41,77,0,41.94,0.873,-2.94,2.99,25460.22,234,74.4,25.6,-6.07,True,False,False,False,1,0,0,212,0,0,3546,3092,"{'2025-09': 329.42, '2025-10': 1086.25, '2025-11': 2044.02, '2025-12': 659.83, '2026-01': 2372.22, '2026-02': 3151.66, '2026-03': 3198.74, '2026-04': 1635.8, '2026-05': 5071.5, '2026-06': 1558.38, '2026-07': 185.15, '2026-08': 3756.02, '2026-09': 411.23}","{'H1': 1268.25, 'M10': 11680.99, 'M15': 5406.16, 'M30': 2339.34, 'M5': 4765.48}","{'H1': 14, 'M10': 172, 'M15': 53, 'M30': 41, 'M5': 174}","{'partial_be': 203, 'sl': 119, 'tp2': 74, 'trail': 58}",0,0.0,,0.0,0,0.0,,43.0
KD__slip_x3,KD,slip_x3,"timeframes=M5|M10|M15|M30|H1,max_rank=2,rank2_filter=M5|M10|M15|M20|M30|H1:min_quality=0.99,sl_slippage=0.30,market_slippage=0.15",475,292.65,-5.89,-2232.56,2.176,73.7,25.9,117.71,0.2478,4.95,39265.3,0,False,False,-24882.43,54147.73,-199.06,-1.019,-507.19,-1.36,-1168.2,-11.68,64,31.8,-6.06,2.025,1113.64,11.14,227.41,13,13,304.49,1.04,5.34,5.55,64.15,2.436,53.57,2.067,18694.12,5,41,81,0,49.69,0.85,-3.0,2.98,29265.3,244,75.0,25.0,-5.89,True,False,False,False,1,0,0,218,0,0,3758,3283,"{'2025-09': 677.02, '2025-10': 1512.35, '2025-11': 1894.74, '2025-12': 1025.85, '2026-01': 2524.9, '2026-02': 2936.32, '2026-03': 3647.0, '2026-04': 1393.8, '2026-05': 6663.09, '2026-06': 1655.41, '2026-07': 304.49, '2026-08': 4442.89, '2026-09': 587.44}","{'H1': 1443.49, 'M10': 12910.41, 'M15': 5882.0, 'M30': 2506.83, 'M5': 6522.57}","{'H1': 14, 'M10': 173, 'M15': 53, 'M30': 41, 'M5': 194}","{'partial_be': 213, 'sl': 123, 'tp2': 79, 'trail': 60}",0,0.0,,0.0,0,0.0,,41.0
KD__worst_intrabar,KD,worst_intrabar,"timeframes=M5|M10|M15|M30|H1,max_rank=2,rank2_filter=M5|M10|M15|M20|M30|H1:min_quality=0.99,intrabar=worst",476,332.25,-5.71,-2345.2,2.29,74.4,25.2,132.49,0.2783,5.34,43224.59,0,False,False,-25748.58,58973.17,-211.05,-0.998,-545.38,-1.36,-787.28,-7.87,64,31.8,-5.96,1.95,1214.88,12.15,241.91,13,13,425.02,0.83,6.25,5.88,74.85,2.628,57.65,2.161,21580.94,5,41,78,0,58.19,0.775,-2.38,2.94,33224.59,244,75.0,25.0,-5.71,True,True,True,True,4,0,0,218,0,0,3756,3280,"{'2025-09': 715.27, '2025-10': 1543.5, '2025-11': 1955.46, '2025-12': 1068.24, '2026-01': 2824.57, '2026-02': 3536.61, '2026-03': 4257.25, '2026-04': 1795.79, '2026-05': 7260.43, '2026-06': 1642.85, '2026-07': 425.02, '2026-08': 5688.16, '2026-09': 511.44}","{'H1': 1204.8, 'M10': 14848.15, 'M15': 6253.82, 'M30': 2547.18, 'M5': 8370.64}","{'H1': 14, 'M10': 173, 'M15': 53, 'M30': 41, 'M5': 195}","{'partial_be': 215, 'sl': 120, 'tp2': 81, 'trail': 60}",0,0.0,,0.0,0,0.0,,41.1
KD__risk0.5,KD,risk0.5,"timeframes=M5|M10|M15|M30|H1,max_rank=2,rank2_filter=M5|M10|M15|M20|M30|H1:min_quality=0.99,risk_pct=0.5",465,104.56,-3.33,-592.8,2.265,71.4,28.2,134.01,0.2882,5.29,20456.23,0,False,False,-8266.35,18722.58,-62.15,-1.0,-136.85,-0.88,-267.17,-2.67,68,34.7,-5.81,1.087,404.96,4.05,72.85,13,13,204.87,1.81,6.55,6.28,76.51,2.526,57.5,2.109,5740.83,5,51,78,0,31.4,0.791,-1.33,2.04,10456.23,242,71.9,28.1,-3.33,True,False,False,False,1,0,0,214,0,0,3723,3258,"{'2025-09': 344.16, '2025-10': 1200.85, '2025-11': 809.84, '2025-12': 565.72, '2026-01': 818.77, '2026-02': 976.06, '2026-03': 917.76, '2026-04': 524.96, '2026-05': 1959.41, '2026-06': 464.76, '2026-07': 204.87, '2026-08': 1457.41, '2026-09': 211.66}","{'H1': 438.98, 'M10': 4218.02, 'M15': 2315.67, 'M30': 1140.17, 'M5': 2343.39}","{'H1': 14, 'M10': 171, 'M15': 53, 'M30': 38, 'M5': 189}","{'partial_be': 191, 'sl': 131, 'tp2': 82, 'trail': 60, 'forced': 1}",0,0.0,,0.0,0,0.0,,40.8
KD__risk2,KD,risk2,"timeframes=M5|M10|M15|M30|H1,max_rank=2,rank2_filter=M5|M10|M15|M20|M30|H1:min_quality=0.99,risk_pct=2.0",470,1007.65,-14.07,-15803.6,1.906,74.3,23.8,111.01,0.2362,3.89,110764.62,5,False,False,-111244.71,212009.33,-919.38,-0.979,-2830.08,-2.81,-5021.68,-50.22,63,31.3,-8.31,4.535,3037.2,30.37,972.21,13,13,1374.08,0.83,1.97,6.01,64.53,2.501,46.48,1.788,73264.62,5,42,77,0,71.62,1.104,-5.89,3.04,100764.62,240,73.8,24.6,-14.07,True,True,False,False,2,0,0,212,0,0,3672,3202,"{'2025-09': 1374.08, '2025-10': 4117.87, '2025-11': 1694.98, '2025-12': 2006.39, '2026-01': 6073.04, '2026-02': 12233.64, '2026-03': 15677.84, '2026-04': 3075.23, '2026-05': 27858.86, '2026-06': 7363.77, '2026-07': 1903.4, '2026-08': 14684.28, '2026-09': 2701.24}","{'H1': 4682.78, 'M10': 38295.29, 'M15': 21000.46, 'M30': 8816.51, 'M5': 27969.58}","{'H1': 14, 'M10': 172, 'M15': 52, 'M30': 39, 'M5': 193}","{'partial_be': 220, 'sl': 112, 'tp2': 74, 'trail': 57, 'daily_halt': 7}",0,0.0,,0.0,0,0.0,,41.1
