month,n,R,net_$,win_%,sl_%,tp2_%,avg_R,PF,confluent_n,confluent_R,M5_n,M10_n,buy_R,sell_R,with_trend_R,counter_R,mom4h_with_R,mom4h_counter_R
2025-09,19,3.35,332.09,63.2,26.3,10.5,0.176,1.62,7,-0.63,3,11,2.29,1.06,2.71,0.64,1.0,2.35
2025-10,44,12.78,1410.41,63.6,36.4,20.5,0.291,1.84,15,7.32,23,13,16.4,-3.62,15.33,-2.55,8.2,4.58
2025-11,32,12.71,1467.66,84.4,15.6,12.5,0.397,3.43,13,8.59,15,10,12.34,0.37,7.48,5.23,12.43,0.28
2025-12,30,5.68,689.87,66.7,33.3,13.3,0.189,1.51,13,4.26,8,14,9.21,-3.53,9.21,-3.53,2.37,3.31
2026-01,45,15.38,1890.28,75.6,24.4,13.3,0.342,2.22,20,10.31,16,19,9.73,5.66,11.23,4.15,10.73,4.66
2026-02,33,14.17,1521.78,78.8,21.2,9.1,0.429,2.33,9,12.72,14,13,2.76,11.41,3.95,10.22,11.43,2.74
2026-03,40,14.33,2504.6,80.0,20.0,12.5,0.358,2.76,16,4.75,19,12,10.4,3.93,8.19,6.14,9.59,4.74
2026-04,38,-0.72,-131.99,65.8,34.2,5.3,-0.019,0.95,15,0.46,20,9,3.86,-4.59,2.84,-3.56,-0.82,0.1
2026-05,30,15.79,3259.34,86.7,13.3,16.7,0.526,4.77,7,3.3,17,9,11.05,4.74,4.84,10.95,9.97,5.82
2026-06,30,5.17,1107.83,66.7,33.3,13.3,0.172,1.49,10,8.81,8,8,0.84,4.33,4.33,0.84,1.32,3.85
2026-07,38,5.82,1323.43,65.8,34.2,13.2,0.153,1.43,11,0.69,16,13,3.08,2.74,2.3,3.52,-2.63,8.45
2026-08,43,9.55,2398.52,74.4,25.6,11.6,0.222,1.8,16,7.29,16,16,13.53,-3.98,13.53,-3.98,4.79,4.76
2026-09,5,0.72,177.66,60.0,40.0,20.0,0.145,1.32,2,2.69,1,1,-0.78,1.5,0.72,0.0,-1.02,1.75
