key,tf,month,side,quality,zone_usd,zone_atr,reason,filled,outcome,r_gross,mfe_r,through
M5#2524,M5,2025-09,buy,0.566,3.13,1.29,M5: cost_r,False,,,0.0,False
M15#911,M15,2025-09,buy,0.536,3.22,0.85,M15: quality,False,,,0.0,False
M5#2522,M5,2025-09,buy,0.602,2.52,1.25,M5: cost_r,False,,,0.0,False
M10#1346,M10,2025-09,buy,0.607,3.22,1.0,M10: quality,False,,,0.0,False
M30#500,M30,2025-09,buy,0.526,8.38,1.29,M30: quality,False,,,0.0,False
M5#2586,M5,2025-09,buy,0.595,4.14,0.79,M5: cost_r,False,,,0.0,False
M10#1343,M10,2025-09,buy,0.614,4.06,1.29,M10: quality,False,,,0.0,False
M15#928,M15,2025-09,buy,0.572,8.03,0.94,M15: quality,False,,,0.0,False
H1#238,H1,2025-09,buy,0.584,12.08,1.41,H1: quality,False,,,0.0,False
M5#2588,M5,2025-09,buy,0.62,3.43,0.97,M5: cost_r,False,,,0.0,False
M5#2592,M5,2025-09,buy,0.52,2.34,0.88,M5: cost_r,False,,,0.0,False
M15#927,M15,2025-09,buy,0.614,5.85,0.69,M15: quality,False,,,0.0,False
M5#2591,M5,2025-09,buy,0.509,2.58,0.75,M5: cost_r,False,,,0.0,False
M10#1373,M10,2025-09,buy,0.607,5.63,0.65,M10: quality,False,,,0.0,False
M5#2620,M5,2025-09,sell,0.506,3.29,1.0,M5: cost_r,True,tp2,1.951,2.5,False
M5#2630,M5,2025-09,buy,0.582,2.5,1.0,M5: cost_r,True,partial_be,0.12,1.54,False
M30#508,M30,2025-09,buy,0.541,6.17,0.96,M30: quality,False,,,0.0,False
M5#2635,M5,2025-09,buy,0.517,0.81,0.56,M5: cost_r,True,sl,-1.123,0.0,False
M5#2647,M5,2025-09,buy,0.509,0.5,0.52,M5: cost_r,True,tp2,1.95,6.58,False
M5#2648,M5,2025-09,buy,0.522,0.44,0.48,M5: cost_r,True,sl,-1.227,0.0,False
H1#243,H1,2025-09,buy,0.538,7.08,0.92,H1: quality,False,,,0.0,False
M15#940,M15,2025-09,buy,0.521,1.48,0.6,M15: quality,True,partial_be,0.1,1.01,False
M5#2665,M5,2025-09,buy,0.547,4.95,0.98,M5: quality,True,sl,-1.02,0.53,False
M10#1374,M10,2025-09,buy,0.602,4.86,0.94,M10: quality,False,,,0.0,False
M15#944,M15,2025-09,buy,0.53,6.98,1.08,M15: quality,True,sl,-1.014,0.38,False
M10#1398,M10,2025-09,buy,0.546,4.2,0.72,M10: quality,True,partial_be,0.132,0.63,False
M30#507,M30,2025-09,buy,0.619,9.57,1.08,M30: quality,False,,,0.0,False
M5#2695,M5,2025-09,sell,0.504,2.72,0.7,M5: cost_r,True,tp2,1.95,2.49,False
M10#1411,M10,2025-09,sell,0.559,4.25,0.83,M10: quality,True,sl,-1.024,0.49,False
M5#2731,M5,2025-09,buy,0.677,2.8,0.8,M5: cost_r,True,tp2,1.95,2.7,False
M5#2730,M5,2025-09,buy,0.54,1.32,0.39,M5: cost_r,False,,,0.0,False
M30#524,M30,2025-09,buy,0.51,7.69,0.73,M30: quality,False,,,0.0,False
M5#2752,M5,2025-09,buy,0.686,2.51,1.08,M5: cost_r,True,partial_be,0.121,0.75,False
M15#965,M15,2025-09,buy,0.502,2.69,0.7,M15: quality,True,sl,-1.037,0.51,False
M15#964,M15,2025-09,buy,0.628,6.96,1.02,M15: quality,False,,,0.0,False
M10#1436,M10,2025-09,buy,0.657,6.96,0.96,M10: quality,False,,,0.0,False
H1#255,H1,2025-09,buy,0.561,15.58,1.3,H1: quality,False,,,0.0,False
M5#2776,M5,2025-09,sell,0.511,1.94,0.91,M5: cost_r,True,tp2,1.951,2.43,False
M5#2800,M5,2025-09,sell,0.535,1.64,0.8,M5: cost_r,True,sl,-1.061,0.0,False
M5#2812,M5,2025-09,buy,0.502,2.35,0.48,M5: cost_r,True,sl,-1.043,0.0,False
M5#2816,M5,2025-09,buy,0.503,0.88,0.42,M5: cost_r,True,sl,-1.114,0.8,False
M5#2819,M5,2025-09,buy,0.504,0.74,0.4,M5: cost_r,True,tp2,1.953,3.32,False
M5#2824,M5,2025-09,sell,0.547,2.66,0.75,M5: cost_r,False,,,0.0,False
M10#1464,M10,2025-09,buy,0.51,1.97,0.5,M10: quality,True,sl,-1.051,0.0,False
M10#1484,M10,2025-09,sell,0.533,4.06,0.74,M10: quality,True,tp2,1.95,2.92,False
M5#2851,M5,2025-09,sell,0.554,4.37,0.91,M5: cost_r,True,partial_be,0.133,0.87,False
M10#1489,M10,2025-09,sell,0.506,6.79,0.95,M10: quality,True,partial_be,0.139,1.15,False
M15#1006,M15,2025-09,sell,0.505,3.79,0.45,M15: quality,True,tp2,1.951,3.2,False
M10#1497,M10,2025-09,buy,0.541,4.15,0.92,M10: quality,False,,,0.0,False
M5#2868,M5,2025-09,buy,0.527,2.46,0.8,M5: cost_r,True,tp2,1.949,2.97,False
M15#1016,M15,2025-09,buy,0.524,4.6,0.92,M15: quality,False,,,0.0,False
M5#2891,M5,2025-09,buy,0.504,2.12,0.75,M5: cost_r,True,sl,-1.047,0.4,False
M15#1031,M15,2025-09,sell,0.525,6.33,0.81,M15: quality,True,partial_be,0.138,0.6,False
M15#1029,M15,2025-09,sell,0.519,6.42,0.83,M15: quality,True,partial_be,0.138,1.87,False
M5#2912,M5,2025-09,buy,0.556,1.9,0.78,M5: cost_r,True,sl,-1.053,0.0,False
M5#2918,M5,2025-09,sell,0.504,1.02,0.61,M5: cost_r,True,partial_be,0.076,0.65,False
M10#1518,M10,2025-09,buy,0.555,3.5,1.58,M10: quality,False,,,0.0,False
M5#2928,M5,2025-09,sell,0.559,1.3,0.67,M5: cost_r,True,tp2,1.95,2.44,False
M5#2938,M5,2025-09,buy,0.551,2.55,0.95,M5: cost_r,True,tp2,1.95,3.06,False
M10#1528,M10,2025-09,buy,0.507,3.85,1.09,M10: quality,True,partial_be,0.131,0.62,False
M5#2966,M5,2025-09,buy,0.588,2.42,1.0,M5: cost_r,True,partial_be,0.119,1.12,False
M15#1051,M15,2025-09,buy,0.509,3.09,0.91,M15: quality,True,partial_be,0.125,1.02,False
M5#3006,M5,2025-09,buy,0.527,2.5,0.65,M5: cost_r,True,sl,-0.172,3.73,False
M5#3016,M5,2025-09,buy,0.614,1.61,0.66,M5: cost_r,True,sl,-1.062,0.0,False
M5#3018,M5,2025-09,sell,0.569,2.29,0.98,M5: cost_r,True,partial_be,0.117,0.62,False
M5#3023,M5,2025-09,buy,0.606,3.62,0.97,M5: cost_r,True,partial_be,0.129,0.66,False
M5#3051,M5,2025-09,buy,0.516,1.96,0.75,M5: cost_r,False,,,0.0,False
M5#3059,M5,2025-09,buy,0.695,3.9,1.18,M5: cost_r,False,,,0.0,False
M30#581,M30,2025-09,buy,0.568,7.59,1.18,M30: quality,False,,,0.0,False
M30#576,M30,2025-09,buy,0.582,8.91,1.34,M30: quality,False,,,0.0,False
M5#3081,M5,2025-09,sell,0.5,3.9,0.85,M5: cost_r,True,sl,-1.026,0.0,False
M5#3085,M5,2025-09,buy,0.585,2.37,0.61,M5: cost_r,True,partial_be,0.118,1.53,False
H1#285,H1,2025-09,buy,0.516,8.34,0.8,H1: quality,False,,,0.0,False
M10#1581,M10,2025-09,buy,0.521,1.66,0.5,M10: quality,False,,,0.0,False
M10#1584,M10,2025-09,buy,0.531,1.29,0.41,M10: quality,True,tp2,1.952,2.4,False
M15#1082,M15,2025-09,buy,0.519,1.19,0.32,M15: quality,True,sl,-1.084,0.0,False
M10#1601,M10,2025-09,buy,0.511,2.65,0.85,M10: quality,True,sl,-1.038,0.45,False
M10#1608,M10,2025-09,buy,0.513,2.56,0.62,M10: quality,True,partial_be,0.121,1.45,False
M5#3144,M5,2025-09,sell,0.523,4.03,0.95,M5: cost_r,True,partial_be,0.132,0.66,False
M10#1573,M10,2025-09,buy,0.62,5.16,1.2,M10: quality,False,,,0.0,False
M15#1076,M15,2025-09,buy,0.616,5.75,1.25,M15: quality,False,,,0.0,False
M5#3158,M5,2025-09,buy,0.503,1.96,0.64,M5: cost_r,True,partial_be,0.112,1.23,False
M10#1560,M10,2025-09,buy,0.724,17.18,2.11,M10: quality,False,,,0.0,False
M15#1057,M15,2025-09,buy,0.706,17.18,1.51,M15: quality,False,,,0.0,False
M5#3184,M5,2025-09,buy,0.501,1.9,0.53,M5: cost_r,True,partial_be,0.111,1.4,False
M15#1124,M15,2025-09,sell,0.507,3.77,0.68,M15: quality,True,tp2,1.95,2.47,False
M5#3190,M5,2025-09,sell,0.549,1.27,0.69,M5: cost_r,True,partial_be,0.091,1.54,False
M5#3202,M5,2025-09,buy,0.6,2.52,0.87,M5: cost_r,True,partial_be,0.12,1.15,False
M5#3218,M5,2025-09,buy,0.505,2.0,0.58,M5: cost_r,False,,,0.0,False
M10#1653,M10,2025-09,buy,0.564,4.87,1.04,M10: quality,True,partial_be,0.134,1.54,False
M5#3224,M5,2025-09,buy,0.534,2.0,1.3,M5: cost_r,True,tp2,1.95,2.68,False
M10#1655,M10,2025-09,buy,0.512,2.65,1.16,M10: quality,True,sl,-1.038,0.0,False
M5#3239,M5,2025-09,buy,0.609,2.7,0.91,M5: cost_r,True,partial_be,0.122,1.69,False
M5#3249,M5,2025-09,buy,0.55,1.61,0.75,M5: cost_r,True,tp2,1.949,2.49,False
M10#1663,M10,2025-09,buy,0.517,2.28,0.82,M10: quality,True,partial_be,0.117,1.2,False
M15#1147,M15,2025-09,buy,0.541,4.0,1.06,M15: quality,True,partial_be,0.131,1.33,False
M5#3248,M5,2025-09,buy,0.509,1.67,0.67,M5: cost_r,True,partial_be,0.105,1.64,False
M5#3267,M5,2025-09,sell,0.63,3.09,0.95,M5: cost_r,False,,,0.0,False
M5#3269,M5,2025-09,sell,0.639,4.61,1.38,M5: session,True,tp2,1.95,2.6,False
M5#3223,M5,2025-09,buy,0.531,0.83,0.54,M5: cost_r,True,tp2,1.949,3.07,False
M5#3287,M5,2025-09,buy,0.626,2.43,1.63,M5: cost_r,True,sl,-1.041,0.5,False
M5#3286,M5,2025-09,buy,0.642,1.57,1.11,M5: cost_r,True,sl,-1.064,0.0,False
M5#3291,M5,2025-09,sell,0.704,2.21,1.7,M5: cost_r,True,partial_be,0.117,1.13,False
M10#1677,M10,2025-09,sell,0.507,1.72,0.76,M10: quality,True,partial_be,0.106,1.24,False
M5#3301,M5,2025-09,buy,0.539,1.58,0.76,M5: cost_r,True,sl,-1.063,0.0,False
M10#1675,M10,2025-09,sell,0.525,1.48,0.58,M10: quality,True,partial_be,0.1,1.69,False
M10#1681,M10,2025-09,buy,0.508,1.55,0.64,M10: quality,True,partial_be,0.102,2.24,False
M5#3319,M5,2025-09,sell,0.603,2.87,1.19,M5: cost_r,True,partial_be,0.124,0.76,False
M15#1166,M15,2025-09,sell,0.509,4.49,1.14,M15: quality,True,tp2,1.95,2.49,False
M5#3332,M5,2025-09,buy,0.515,1.7,1.0,M5: cost_r,True,partial_be,0.106,0.86,False
M5#3342,M5,2025-09,buy,0.522,2.45,0.77,M5: cost_r,True,partial_be,0.119,2.16,False
M5#3345,M5,2025-09,sell,0.506,1.72,0.56,M5: cost_r,True,partial_be,0.106,1.18,False
M5#3349,M5,2025-09,buy,0.501,2.08,0.87,M5: cost_r,True,sl,-1.048,0.59,False
M5#3353,M5,2025-09,sell,0.507,2.39,0.84,M5: cost_r,True,sl,-1.042,0.0,False
M10#1705,M10,2025-09,sell,0.504,2.52,0.71,M10: quality,True,sl,-1.04,0.0,False
M15#1175,M15,2025-09,sell,0.512,3.7,0.96,M15: quality,True,sl,-1.027,0.0,False
M5#3380,M5,2025-09,buy,0.606,2.32,0.83,M5: cost_r,True,partial_be,0.117,1.16,False
M5#3386,M5,2025-09,sell,0.531,1.52,0.87,M5: cost_r,True,partial_be,0.1,0.64,False
M5#3395,M5,2025-09,sell,0.503,1.1,0.84,M5: cost_r,True,sl,-1.091,0.0,False
M5#3415,M5,2025-09,buy,0.508,1.56,0.49,M5: cost_r,True,sl,-1.064,0.0,False
M15#1196,M15,2025-09,buy,0.517,2.97,0.74,M15: quality,True,partial_be,0.125,2.05,False
M10#1731,M10,2025-09,buy,0.509,1.75,0.56,M10: quality,True,tp2,1.95,2.53,False
M30#646,M30,2025-09,buy,0.517,4.45,0.95,M30: quality,True,partial_be,0.13,0.76,False
M5#3448,M5,2025-09,buy,0.563,2.7,0.85,M5: cost_r,True,sl,-1.037,0.55,False
M15#1203,M15,2025-09,buy,0.564,5.53,1.29,M15: quality,True,sl,-1.018,0.38,False
M30#642,M30,2025-09,buy,0.506,4.12,0.82,M30: quality,True,partial_be,0.132,1.84,False
M5#3464,M5,2025-09,buy,0.525,2.07,0.62,M5: cost_r,True,sl,-1.048,0.43,False
M5#3412,M5,2025-09,buy,0.51,1.52,0.63,M5: cost_r,True,tp2,1.951,2.91,False
M5#3468,M5,2025-09,sell,0.621,2.65,1.17,M5: cost_r,True,sl,-1.038,0.0,False
M5#3472,M5,2025-09,buy,0.586,1.25,0.56,M5: cost_r,True,tp2,1.95,2.49,False
M5#3489,M5,2025-09,sell,0.539,1.21,0.84,M5: cost_r,True,partial_be,0.089,2.15,False
M5#3504,M5,2025-09,sell,0.5,2.24,0.77,M5: cost_r,True,sl,-1.045,0.0,False
M5#3509,M5,2025-09,buy,0.585,2.04,0.84,M5: cost_r,True,sl,-1.049,0.5,False
M5#3531,M5,2025-09,buy,0.569,3.02,1.28,M5: cost_r,True,sl,-1.033,0.23,False
M5#3529,M5,2025-09,buy,0.577,2.13,0.85,M5: cost_r,True,tp2,1.95,2.4,False
M15#1235,M15,2025-09,buy,0.502,3.08,0.88,M15: quality,True,sl,-1.032,0.14,False
M5#3543,M5,2025-09,buy,0.601,2.08,0.87,M5: cost_r,True,partial_be,0.114,0.62,False
M5#3542,M5,2025-09,buy,0.501,1.59,0.77,M5: cost_r,True,partial_be,0.102,1.75,False
M5#3553,M5,2025-09,buy,0.686,4.09,1.34,M5: cost_r,False,,,0.0,False
H1#309,H1,2025-09,buy,0.502,6.86,0.77,H1: quality,True,tp2,1.95,2.47,False
M5#3558,M5,2025-09,buy,0.57,1.95,0.75,M5: cost_r,False,,,0.0,False
M5#3569,M5,2025-09,buy,0.715,3.79,1.3,M5: cost_r,True,tp2,1.951,2.43,False
M30#673,M30,2025-09,buy,0.508,5.85,0.72,M30: quality,True,sl,-1.017,0.01,False
M10#1833,M10,2025-09,buy,0.553,2.89,1.24,M10: quality,True,partial_be,0.124,0.71,False
M5#3603,M5,2025-09,sell,0.631,2.7,0.9,M5: cost_r,True,partial_be,0.122,1.16,False
M15#1253,M15,2025-09,buy,0.667,7.93,1.43,M15: quality,True,partial_be,0.141,0.61,False
M5#3609,M5,2025-09,buy,0.516,1.26,0.93,M5: cost_r,True,tp2,1.948,3.25,False
M5#3628,M5,2025-09,buy,0.504,1.11,0.51,M5: cost_r,True,tp2,1.948,2.78,False
M5#3648,M5,2025-09,buy,0.604,2.59,0.72,M5: cost_r,True,tp2,1.951,2.66,False
M10#1864,M10,2025-09,buy,0.524,3.52,0.74,M10: quality,True,partial_be,0.129,1.2,False
M5#3650,M5,2025-09,buy,0.583,2.76,0.71,M5: cost_r,True,partial_be,0.123,1.82,False
M10#1813,M10,2025-09,buy,0.662,6.72,1.81,M10: quality,False,,,0.0,False
M5#3662,M5,2025-09,buy,0.507,1.77,0.6,M5: cost_r,True,sl,-1.056,0.37,False
M10#1869,M10,2025-09,buy,0.56,2.9,0.63,M10: quality,True,sl,-1.034,0.27,False
M5#3674,M5,2025-09,buy,0.631,1.21,1.04,M5: cost_r,True,sl,-1.083,0.0,False
M5#3693,M5,2025-09,sell,0.651,3.25,1.03,M5: cost_r,True,partial_be,0.127,0.79,False
M5#3692,M5,2025-09,sell,0.562,2.17,0.78,M5: cost_r,True,partial_be,0.115,1.66,False
M10#1884,M10,2025-09,sell,0.531,3.65,0.87,M10: quality,True,partial_be,0.129,0.99,False
M15#1305,M15,2025-09,sell,0.53,3.96,0.97,M15: quality,True,partial_be,0.131,0.91,False
M5#3698,M5,2025-09,buy,0.663,3.2,1.26,M5: cost_r,True,partial_be,0.127,0.87,False
M15#1309,M15,2025-09,buy,0.59,3.51,0.86,M15: quality,True,partial_be,0.129,0.69,False
M30#693,M30,2025-09,sell,0.531,4.95,1.1,M30: quality,True,partial_be,0.135,0.73,False
M10#1894,M10,2025-09,sell,0.551,4.37,1.71,M10: quality,True,partial_be,0.133,0.96,False
M5#3728,M5,2025-09,buy,0.561,3.25,1.41,M5: cost_r,True,sl,-1.031,0.06,False
M5#3737,M5,2025-09,buy,0.549,3.09,1.23,M5: cost_r,True,sl,-1.032,4.55,False
M5#3689,M5,2025-09,sell,0.507,0.96,0.68,M5: cost_r,True,sl,-1.104,13.58,False
M15#1302,M15,2025-09,sell,0.501,1.72,0.56,M15: quality,True,sl,-1.058,7.73,False
M5#3763,M5,2025-09,buy,0.586,2.41,1.31,M5: cost_r,True,tp2,1.949,6.27,False
M30#698,M30,2025-09,buy,0.577,7.2,1.16,M30: quality,True,sl,-1.014,1.94,False
M5#3774,M5,2025-09,sell,0.521,9.67,0.79,M5: quality,True,partial_be,0.142,0.81,False
M10#1922,M10,2025-09,sell,0.507,9.67,0.7,M10: quality,True,partial_be,0.142,0.81,False
M15#1326,M15,2025-09,sell,0.569,5.39,0.41,M15: quality,True,sl,-1.048,0.24,False
M5#3773,M5,2025-09,sell,0.51,2.19,0.88,M5: cost_r,False,,,0.0,False
M10#1920,M10,2025-09,sell,0.509,4.64,0.54,M10: quality,True,partial_be,0.134,1.83,False
M5#3789,M5,2025-09,sell,0.53,1.63,0.65,M5: cost_r,True,tp2,1.949,3.41,False
M10#1939,M10,2025-09,buy,0.523,4.25,0.86,M10: quality,True,sl,-1.024,0.42,False
M5#3820,M5,2025-09,buy,0.567,2.78,1.05,M5: cost_r,True,partial_be,0.123,1.55,False
M15#1341,M15,2025-09,buy,0.51,4.01,0.75,M15: quality,True,sl,-1.025,0.14,False
M10#1943,M10,2025-09,buy,0.505,2.77,0.81,M10: quality,True,partial_be,0.123,1.55,False
M15#1344,M15,2025-09,buy,0.501,4.38,0.97,M15: quality,True,partial_be,0.133,0.61,False
M5#3842,M5,2025-09,sell,0.522,3.41,0.51,M5: cost_r,True,tp2,1.949,2.45,False
M15#1347,M15,2025-09,sell,0.522,4.02,0.51,M15: quality,True,sl,-1.025,0.39,False
M10#1951,M10,2025-09,sell,0.572,4.91,0.68,M10: quality,True,sl,-1.02,0.13,False
M15#1349,M15,2025-09,sell,0.507,1.85,0.88,M15: quality,True,sl,-1.054,0.0,False
M5#3841,M5,2025-09,sell,0.524,2.27,1.14,M5: cost_r,True,partial_be,0.117,1.31,False
M30#722,M30,2025-09,sell,0.689,8.36,0.93,M30: quality,True,partial_be,0.141,1.35,False
M5#3881,M5,2025-09,buy,0.511,1.52,0.6,M5: cost_r,True,partial_be,0.1,0.78,False
M5#3880,M5,2025-09,buy,0.563,1.87,0.78,M5: cost_r,True,sl,-1.053,0.0,False
M5#3882,M5,2025-09,buy,0.565,1.92,0.77,M5: cost_r,True,sl,-1.052,0.12,False
M10#1953,M10,2025-09,sell,0.612,3.08,1.23,M10: quality,True,tp2,1.95,2.41,False
M5#3898,M5,2025-09,buy,0.501,1.4,0.76,M5: cost_r,True,sl,-1.071,0.44,False
M10#1997,M10,2025-09,buy,0.511,2.99,0.57,M10: quality,False,,,0.0,False
M10#1979,M10,2025-09,buy,0.501,1.1,0.2,M10: quality,False,,,0.0,False
M5#3940,M5,2025-09,buy,0.595,2.81,0.75,M5: cost_r,False,,,0.0,False
M5#3935,M5,2025-09,buy,0.622,4.47,1.26,M5: session,False,,,0.0,False
M10#1999,M10,2025-09,buy,0.515,2.83,0.67,M10: quality,False,,,0.0,False
M5#3948,M5,2025-09,sell,0.511,1.83,0.89,M5: cost_r,True,sl,-1.055,0.22,False
M5#3954,M5,2025-09,buy,0.716,3.0,1.68,M5: cost_r,False,,,0.0,False
H1#351,H1,2025-09,buy,0.515,6.97,0.84,H1: quality,False,,,0.0,False
M5#3994,M5,2025-09,buy,0.523,1.63,0.99,M5: cost_r,False,,,0.0,False
M15#1393,M15,2025-09,buy,0.729,4.7,1.74,M15: quality,False,,,0.0,False
M5#4003,M5,2025-09,buy,0.559,2.34,0.67,M5: cost_r,False,,,0.0,False
M30#748,M30,2025-09,buy,0.646,5.81,1.12,M30: quality,False,,,0.0,False
M15#1415,M15,2025-09,buy,0.553,4.02,0.88,M15: quality,False,,,0.0,False
M30#756,M30,2025-09,buy,0.501,4.7,0.72,M30: quality,False,,,0.0,False
M5#4004,M5,2025-09,buy,0.504,1.5,0.66,M5: cost_r,False,,,0.0,False
M5#4008,M5,2025-09,buy,0.504,1.7,0.82,M5: cost_r,False,,,0.0,False
H1#357,H1,2025-09,buy,0.507,8.46,0.86,H1: quality,False,,,0.0,False
M5#4035,M5,2025-09,buy,0.543,1.37,0.46,M5: cost_r,False,,,0.0,False
M5#4037,M5,2025-09,buy,0.51,0.83,0.34,M5: cost_r,False,,,0.0,False
M15#1427,M15,2025-09,buy,0.502,3.01,0.67,M15: quality,True,sl,-1.033,0.05,False
M15#1417,M15,2025-09,buy,0.539,2.7,0.61,M15: quality,False,,,0.0,False
M5#4044,M5,2025-09,buy,0.52,0.48,0.31,M5: cost_r,True,sl,-0.938,8.23,False
M5#4042,M5,2025-09,buy,0.51,0.53,0.38,M5: cost_r,True,sl,-1.189,3.28,False
M30#762,M30,2025-09,buy,0.567,4.32,0.75,M30: quality,True,sl,-1.023,0.12,False
M5#4056,M5,2025-09,buy,0.503,0.42,0.33,M5: cost_r,True,sl,-1.238,0.0,False
M10#2051,M10,2025-09,buy,0.643,3.55,0.9,M10: quality,True,sl,-1.028,0.05,False
M5#4064,M5,2025-09,buy,0.546,1.86,0.79,M5: cost_r,True,tp2,1.949,2.57,False
H1#360,H1,2025-09,buy,0.654,8.9,1.09,H1: quality,True,sl,-1.011,0.41,False
M15#1439,M15,2025-09,buy,0.542,4.7,1.32,M15: quality,True,sl,-1.021,0.19,False
M10#2035,M10,2025-09,buy,0.599,3.76,0.85,M10: quality,False,,,0.0,False
M15#1443,M15,2025-09,sell,0.511,7.83,1.22,M15: quality,True,sl,-1.013,0.26,False
M5#4079,M5,2025-09,sell,0.509,2.18,0.81,M5: cost_r,True,partial_be,0.116,1.5,False
M5#4081,M5,2025-09,sell,0.517,2.09,0.86,M5: cost_r,True,sl,-1.048,0.0,False
M10#2038,M10,2025-09,buy,0.512,2.68,0.63,M10: quality,False,,,0.0,False
M5#4098,M5,2025-09,buy,0.574,1.81,0.64,M5: cost_r,True,tp2,1.949,2.5,False
M5#4097,M5,2025-09,buy,0.528,1.37,0.53,M5: cost_r,False,,,0.0,False
M5#4115,M5,2025-09,buy,0.616,4.12,0.93,M5: cost_r,True,sl,-1.024,0.24,False
M5#4119,M5,2025-09,buy,0.5,1.76,0.6,M5: cost_r,True,sl,-1.057,0.0,False
M5#4146,M5,2025-09,buy,0.679,4.88,1.22,M5: session,True,partial_be,0.135,0.9,False
M15#1450,M15,2025-09,buy,0.539,3.24,0.57,M15: quality,True,sl,-1.031,1.5,False
M5#4159,M5,2025-09,sell,0.631,8.95,1.6,M5: session,True,partial_be,0.142,1.09,False
M5#4161,M5,2025-09,buy,0.566,3.22,0.65,M5: cost_r,True,partial_be,0.127,0.67,False
M15#1471,M15,2025-09,buy,0.539,5.37,0.82,M15: quality,True,sl,-1.019,0.44,False
M5#4171,M5,2025-09,buy,0.551,2.25,1.4,M5: cost_r,True,sl,-1.044,0.31,False
M5#4157,M5,2025-09,sell,0.532,2.1,1.29,M5: cost_r,True,tp2,1.95,2.51,False
M10#2103,M10,2025-09,sell,0.513,4.16,1.3,M10: quality,True,partial_be,0.132,0.74,False
M5#4186,M5,2025-09,sell,0.645,4.2,1.14,M5: cost_r,True,partial_be,0.132,0.96,False
M10#2108,M10,2025-09,sell,0.54,5.3,1.17,M10: quality,True,sl,-1.019,0.0,False
M15#1487,M15,2025-09,sell,0.583,6.49,1.34,M15: quality,True,sl,-1.015,0.27,False
M5#4190,M5,2025-09,buy,0.604,2.13,0.71,M5: cost_r,True,partial_be,0.115,1.18,False
M30#777,M30,2025-09,sell,0.501,7.0,1.07,M30: quality,True,partial_be,0.139,0.84,False
M5#4213,M5,2025-09,buy,0.583,2.62,1.09,M5: cost_r,True,partial_be,0.121,1.16,False
M5#4236,M5,2025-09,sell,0.516,2.46,0.63,M5: cost_r,True,sl,-1.041,0.46,False
M10#2135,M10,2025-09,sell,0.504,2.72,0.55,M10: quality,True,sl,-1.037,0.32,False
M5#4256,M5,2025-09,buy,0.526,3.62,1.21,M5: cost_r,True,partial_be,0.129,1.38,False
M15#1504,M15,2025-09,sell,0.558,4.23,0.86,M15: quality,True,sl,-1.024,0.16,False
M10#2143,M10,2025-09,buy,0.554,4.94,1.28,M10: quality,True,sl,-1.02,0.3,False
M5#4257,M5,2025-09,buy,0.516,2.51,1.37,M5: cost_r,True,partial_be,0.121,0.72,False
M15#1509,M15,2025-09,buy,0.553,5.48,1.1,M15: quality,True,partial_be,0.136,1.43,False
M5#4235,M5,2025-09,sell,0.505,2.71,1.29,M5: cost_r,True,partial_be,0.123,0.87,False
M10#2132,M10,2025-09,sell,0.501,2.91,0.84,M10: quality,True,sl,-1.034,0.59,False
M5#4317,M5,2025-09,sell,0.513,2.07,0.8,M5: cost_r,True,sl,-1.048,0.0,False
M10#2165,M10,2025-09,buy,0.532,2.92,0.65,M10: quality,True,sl,-1.034,0.57,False
M5#4321,M5,2025-09,sell,0.501,2.24,0.57,M5: cost_r,True,partial_be,0.116,1.54,False
M10#2181,M10,2025-09,sell,0.561,7.06,0.98,M10: quality,True,sl,-1.014,0.08,False
M5#4354,M5,2025-09,buy,0.616,3.71,1.08,M5: cost_r,True,partial_be,0.13,2.02,False
M5#4351,M5,2025-09,buy,0.596,3.08,0.98,M5: cost_r,True,sl,-1.032,0.16,False
M10#2194,M10,2025-09,buy,0.564,3.59,0.71,M10: quality,True,partial_be,0.129,0.94,False
M5#4230,M5,2025-09,sell,0.512,1.62,0.69,M5: cost_r,True,sl,-1.062,0.24,False
M5#4372,M5,2025-09,sell,0.506,2.24,0.78,M5: cost_r,True,sl,-1.045,0.0,False
M5#4380,M5,2025-09,sell,0.616,4.05,1.29,M5: cost_r,True,sl,-1.025,0.23,False
M5#4255,M5,2025-09,buy,0.506,2.19,0.8,M5: cost_r,False,,,0.0,False
M5#4379,M5,2025-09,sell,0.596,2.8,1.3,M5: cost_r,True,sl,-1.036,0.0,False
M15#1550,M15,2025-09,buy,0.654,5.64,1.55,M15: quality,True,tp2,1.95,2.52,False
M5#4414,M5,2025-09,buy,0.504,1.77,0.65,M5: cost_r,False,,,0.0,False
M10#2242,M10,2025-09,buy,0.507,2.2,0.72,M10: quality,True,tp2,1.95,2.54,False
M5#4435,M5,2025-09,buy,0.742,5.62,1.01,M5: session,True,sl,-1.018,0.43,False
M5#4441,M5,2025-09,buy,0.675,3.31,1.25,M5: cost_r,True,partial_be,0.128,0.77,False
M30#829,M30,2025-09,buy,0.519,5.2,0.59,M30: quality,True,sl,-0.083,1.92,False
M5#4432,M5,2025-09,buy,0.551,3.2,1.33,M5: cost_r,True,sl,-2.834,0.42,False
M5#4454,M5,2025-09,buy,0.517,1.91,0.69,M5: cost_r,False,,,0.0,False
M5#4464,M5,2025-09,buy,0.565,3.71,1.12,M5: cost_r,True,partial_be,0.13,1.19,False
M5#4467,M5,2025-09,buy,0.514,2.98,0.5,M5: cost_r,False,,,0.0,False
M10#2290,M10,2025-09,buy,0.539,4.4,0.61,M10: quality,False,,,0.0,False
M15#1602,M15,2025-09,buy,0.503,6.02,0.73,M15: quality,False,,,0.0,False
M5#4474,M5,2025-09,buy,0.547,2.54,0.87,M5: cost_r,False,,,0.0,False
M30#838,M30,2025-09,buy,0.517,8.44,0.8,M30: quality,False,,,0.0,False
M10#2294,M10,2025-09,buy,0.537,3.71,0.83,M10: quality,True,partial_be,0.13,0.98,False
M10#2295,M10,2025-09,buy,0.509,4.01,0.68,M10: quality,True,sl,-1.025,0.25,False
M5#4489,M5,2025-09,buy,0.513,2.16,0.55,M5: cost_r,True,partial_be,0.116,1.32,False
M5#4483,M5,2025-09,buy,0.505,1.49,0.49,M5: cost_r,True,tp2,1.951,5.13,False
M5#4497,M5,2025-09,buy,0.631,2.37,1.07,M5: cost_r,True,sl,-1.042,0.0,False
M5#4504,M5,2025-09,buy,0.505,1.89,0.67,M5: cost_r,True,partial_be,0.11,0.68,False
M5#4506,M5,2025-09,buy,0.53,2.16,0.8,M5: cost_r,True,partial_be,0.116,1.48,False
M15#1604,M15,2025-09,buy,0.512,4.23,0.84,M15: quality,False,,,0.0,False
M15#1617,M15,2025-09,buy,0.54,4.45,0.56,M15: quality,True,partial_be,0.133,1.2,False
M10#2293,M10,2025-09,buy,0.524,2.36,0.52,M10: quality,True,tp2,1.949,2.76,False
M5#4542,M5,2025-09,buy,0.523,1.52,0.61,M5: cost_r,True,sl,-1.066,0.0,False
M15#1621,M15,2025-09,buy,0.566,2.02,0.53,M15: quality,True,sl,-1.05,0.0,False
M5#4558,M5,2025-09,buy,0.548,2.82,0.79,M5: cost_r,True,partial_be,0.123,2.28,False
M5#4561,M5,2025-09,buy,0.557,2.47,0.95,M5: cost_r,True,partial_be,0.119,1.32,False
M5#4562,M5,2025-09,buy,0.509,1.37,0.61,M5: cost_r,True,sl,-1.073,0.0,False
M30#844,M30,2025-09,buy,0.566,7.92,1.1,M30: quality,True,sl,-1.013,0.3,False
M5#4571,M5,2025-09,sell,0.536,3.49,0.74,M5: cost_r,True,partial_be,0.128,1.7,False
M10#2347,M10,2025-09,sell,0.558,8.5,0.88,M10: quality,True,sl,-1.012,0.32,False
M15#1634,M15,2025-09,sell,0.526,8.45,0.74,M15: quality,True,sl,-1.012,0.32,False
M5#4575,M5,2025-09,sell,0.515,3.51,0.95,M5: cost_r,True,sl,-1.043,0.19,False
M5#4605,M5,2025-09,buy,0.534,4.36,0.77,M5: quality,False,,,0.0,False
M5#4615,M5,2025-09,sell,0.556,5.4,0.82,M5: quality,True,partial_be,0.136,1.73,False
M10#2362,M10,2025-09,sell,0.557,10.13,1.03,M10: quality,True,sl,-1.01,0.42,False
M15#1646,M15,2025-09,sell,0.542,10.13,0.95,M15: quality,True,sl,-1.01,0.42,False
M10#2340,M10,2025-09,sell,0.514,4.2,0.47,M10: quality,True,partial_be,0.132,1.99,False
M15#1633,M15,2025-09,sell,0.536,6.7,0.67,M15: quality,True,partial_be,0.139,1.25,False
M5#4611,M5,2025-09,buy,0.672,5.81,0.86,M5: session,False,,,0.0,False
M5#4572,M5,2025-09,sell,0.511,3.39,1.28,M5: cost_r,True,partial_be,0.128,0.78,False
M5#4625,M5,2025-09,buy,0.532,1.27,0.7,M5: cost_r,False,,,0.0,False
M5#4631,M5,2025-09,buy,0.538,1.07,0.52,M5: cost_r,True,sl,-1.093,0.0,False
M15#1653,M15,2025-09,buy,0.655,5.03,1.13,M15: quality,True,partial_be,0.135,0.73,False
M5#7002606,M5,2026-04,buy,0.534,5.6,0.72,M5: quality,True,sl,-1.018,0.12,False
M5#6004597,M5,2026-04,buy,0.534,5.6,0.72,M5: quality,True,sl,-1.018,0.12,False
M5#6004601,M5,2026-04,sell,0.544,13.15,1.19,M5: quality,True,partial_be,0.144,0.64,False
M5#6004648,M5,2026-04,buy,0.553,4.66,0.61,M5: session,True,partial_be,0.134,1.04,False
M5#7002657,M5,2026-04,buy,0.553,4.66,0.61,M5: session,True,partial_be,0.134,1.04,False
M5#6004647,M5,2026-04,buy,0.646,8.01,0.72,M5: session,True,tp2,1.95,2.74,False
M5#7002656,M5,2026-04,buy,0.645,8.01,0.72,M5: session,True,tp2,1.95,2.74,False
M30#6000819,M30,2026-04,buy,0.508,16.32,0.79,M30: quality,True,sl,-1.006,0.22,False
M10#6002515,M10,2026-04,buy,0.507,3.71,0.45,M10: quality,True,partial_be,0.13,0.97,False
M5#7002667,M5,2026-04,buy,0.5,3.58,0.58,M5: cost_r,True,partial_be,0.129,1.83,False
M5#7002690,M5,2026-04,sell,0.535,10.73,0.49,M5: quality,False,,,0.0,False
M5#7002691,M5,2026-04,sell,0.52,7.66,1.0,M5: quality,False,,,0.0,False
M5#7002712,M5,2026-04,buy,0.507,14.56,0.76,M5: quality,False,,,0.0,False
M5#7002711,M5,2026-04,sell,0.553,20.28,1.0,M5: quality,True,sl,-1.005,0.05,False
M5#7002708,M5,2026-04,sell,0.529,20.56,1.8,M5: quality,True,sl,-1.005,0.34,False
M5#7002706,M5,2026-04,sell,0.51,8.74,0.88,M5: quality,True,partial_be,0.141,1.05,False
M10#6002537,M10,2026-04,sell,0.502,8.74,0.62,M10: quality,True,partial_be,0.141,1.05,False
M5#7002723,M5,2026-04,sell,0.53,9.1,1.03,M5: quality,True,sl,-1.011,0.0,False
M30#6000838,M30,2026-04,buy,0.506,28.2,0.92,M30: quality,True,partial_be,0.147,0.88,False
M5#7002738,M5,2026-04,buy,0.632,26.59,1.5,M5: session,True,partial_be,0.147,0.8,False
M15#6001697,M15,2026-04,sell,0.631,30.68,1.25,M15: quality,True,partial_be,0.148,1.3,False
M5#7002756,M5,2026-04,sell,0.519,7.14,0.49,M5: quality,True,tp2,1.95,3.38,False
M15#6001716,M15,2026-04,buy,0.5,11.43,0.84,M15: quality,False,,,0.0,False
M5#7002782,M5,2026-04,buy,0.501,3.52,0.64,M5: cost_r,True,tp2,1.95,4.02,False
M5#7002785,M5,2026-04,buy,0.505,3.52,0.64,M5: cost_r,True,tp2,1.95,2.58,False
M30#6000698,M30,2026-04,sell,0.514,14.47,0.81,M30: quality,True,partial_be,0.145,1.62,False
M5#7002818,M5,2026-04,sell,0.512,4.74,0.83,M5: quality,True,tp2,1.95,3.03,False
M5#7002834,M5,2026-04,sell,0.539,6.98,0.8,M5: quality,True,sl,-1.014,0.21,False
M15#6001753,M15,2026-04,sell,0.559,13.03,0.83,M15: quality,True,sl,-1.008,0.11,False
M10#6002579,M10,2026-04,buy,0.501,4.9,0.88,M10: quality,True,sl,-1.02,0.72,False
M10#6002615,M10,2026-04,buy,0.563,6.39,1.1,M10: quality,True,sl,-1.016,0.55,False
M5#7002890,M5,2026-04,sell,0.517,6.07,0.87,M5: quality,True,partial_be,0.138,1.6,False
M15#6001768,M15,2026-04,buy,0.531,13.07,0.91,M15: quality,True,sl,-1.008,0.43,False
M5#7002905,M5,2026-04,buy,0.597,6.36,0.67,M5: quality,True,sl,-1.016,0.0,False
M5#7002939,M5,2026-04,buy,0.531,8.08,0.87,M5: quality,False,,,0.0,False
M5#7002945,M5,2026-04,buy,0.579,11.23,1.47,M5: session,True,tp2,1.95,3.15,False
M15#6001781,M15,2026-04,buy,0.509,8.59,0.65,M15: quality,True,tp2,2.005,6.65,False
M5#7002951,M5,2026-04,sell,0.558,5.07,0.78,M5: session,True,sl,-1.02,0.0,False
M15#6001786,M15,2026-04,buy,0.586,13.17,0.85,M15: quality,True,sl,-0.024,4.34,False
M5#7002961,M5,2026-04,buy,0.511,7.39,0.7,M5: quality,True,tp2,1.95,3.84,False
M5#7002972,M5,2026-04,sell,0.54,12.71,0.98,M5: quality,False,,,0.0,False
M5#7002976,M5,2026-04,buy,0.52,5.12,0.73,M5: quality,True,tp2,1.95,2.59,False
M5#7002982,M5,2026-04,sell,0.527,5.72,1.09,M5: quality,True,sl,-1.017,0.21,False
M5#7002968,M5,2026-04,buy,0.588,8.7,1.18,M5: quality,True,partial_be,0.141,0.97,False
M5#7002986,M5,2026-04,buy,0.504,6.42,1.14,M5: quality,True,sl,-1.016,0.0,False
M5#7002994,M5,2026-04,buy,0.513,3.31,0.6,M5: cost_r,True,sl,-1.03,0.49,False
M5#7003002,M5,2026-04,sell,0.538,8.55,1.23,M5: quality,False,,,0.0,False
M5#7002960,M5,2026-04,buy,0.502,4.15,0.33,M5: quality,True,partial_be,0.132,1.1,False
M5#7003043,M5,2026-04,buy,0.553,8.38,0.7,M5: quality,True,sl,-1.012,0.32,False
M5#7003053,M5,2026-04,sell,0.617,8.3,0.94,M5: session,True,partial_be,0.141,1.77,False
M15#6001810,M15,2026-04,sell,0.51,10.49,0.74,M15: quality,True,partial_be,0.143,1.46,False
M30#6000865,M30,2026-04,sell,0.502,14.11,0.68,M30: quality,True,sl,-1.007,0.0,False
M5#7003088,M5,2026-04,sell,0.581,6.73,1.3,M5: quality,True,tp2,1.95,2.47,False
M10#6002733,M10,2026-04,buy,0.525,6.2,0.94,M10: quality,True,sl,-0.052,9.21,False
M5#7003132,M5,2026-04,buy,0.522,5.66,1.16,M5: quality,True,partial_be,0.137,1.19,False
M10#6002746,M10,2026-04,buy,0.519,6.98,0.74,M10: quality,True,sl,-1.014,0.54,False
M5#7003152,M5,2026-04,sell,0.52,6.54,0.93,M5: quality,True,tp2,1.95,2.4,False
M10#6002752,M10,2026-04,buy,0.517,7.55,0.88,M10: quality,True,partial_be,0.14,0.73,False
M10#6002756,M10,2026-04,sell,0.554,7.35,0.81,M10: quality,True,partial_be,0.14,0.72,False
M5#7003131,M5,2026-04,buy,0.503,3.65,0.6,M5: cost_r,True,sl,-0.088,15.64,False
M10#6002761,M10,2026-04,sell,0.524,5.93,0.94,M10: quality,True,partial_be,0.137,0.98,False
M10#6002772,M10,2026-04,buy,0.515,6.76,0.76,M10: quality,True,partial_be,0.139,1.85,False
M5#7003196,M5,2026-04,buy,0.545,3.6,0.86,M5: cost_r,True,partial_be,0.129,0.98,False
M15#6001864,M15,2026-04,buy,0.517,6.76,0.96,M15: quality,True,partial_be,0.139,1.85,False
M5#7003217,M5,2026-04,buy,0.505,3.53,0.55,M5: cost_r,True,sl,-0.091,16.18,False
M30#6000907,M30,2026-04,buy,0.506,9.63,0.77,M30: quality,True,partial_be,0.142,1.75,False
M10#6002790,M10,2026-04,buy,0.504,5.79,0.81,M10: quality,True,tp2,1.95,2.5,False
M5#7003274,M5,2026-04,buy,0.53,4.74,0.86,M5: quality,True,sl,-1.021,0.52,False
M5#7003259,M5,2026-04,sell,0.506,3.22,0.7,M5: cost_r,False,,,0.0,False
M15#6001877,M15,2026-04,buy,0.545,9.72,1.1,M15: quality,True,sl,-1.01,0.13,False
M5#7003276,M5,2026-04,sell,0.545,3.7,0.94,M5: cost_r,False,,,0.0,False
M5#7003227,M5,2026-04,buy,0.505,2.94,0.79,M5: cost_r,True,sl,-1.034,0.0,False
M30#6000909,M30,2026-04,sell,0.506,15.5,1.05,M30: quality,True,partial_be,0.145,0.81,False
M10#6002817,M10,2026-04,buy,0.502,7.09,0.67,M10: quality,True,partial_be,0.139,0.8,False
M30#6000918,M30,2026-04,buy,0.538,17.3,0.75,M30: quality,False,,,0.0,False
M15#6001884,M15,2026-04,buy,0.504,10.36,0.87,M15: quality,False,,,0.0,False
M5#7003296,M5,2026-04,buy,0.564,4.58,0.57,M5: quality,True,partial_be,0.134,1.06,False
M5#7003322,M5,2026-04,sell,0.566,4.4,1.07,M5: quality,True,partial_be,0.133,0.94,False
M5#7003329,M5,2026-04,buy,0.505,3.59,0.58,M5: cost_r,True,sl,-1.028,0.58,False
H1#6000467,H1,2026-04,buy,0.507,21.51,1.09,H1: quality,True,partial_be,0.147,1.01,False
M10#6002816,M10,2026-04,buy,0.502,6.22,0.51,M10: quality,False,,,0.0,False
M5#7003357,M5,2026-04,buy,0.553,5.38,1.03,M5: session,False,,,0.0,False
M30#6000928,M30,2026-04,buy,0.558,15.2,0.88,M30: quality,True,sl,-1.007,0.19,False
M10#6002839,M10,2026-04,buy,0.525,5.11,0.85,M10: quality,False,,,0.0,False
M15#6001880,M15,2026-04,sell,0.501,4.66,0.57,M15: quality,True,partial_be,0.134,1.61,False
M10#6002848,M10,2026-04,buy,0.521,4.11,0.81,M10: quality,False,,,0.0,False
M5#7003385,M5,2026-04,buy,0.526,4.01,0.88,M5: quality,True,tp2,1.95,2.52,False
M15#6001927,M15,2026-04,buy,0.539,6.54,0.76,M15: quality,True,partial_be,0.138,1.48,False
M15#6001944,M15,2026-04,buy,0.549,9.72,0.82,M15: quality,True,tp2,1.95,2.42,False
M10#6002880,M10,2026-04,buy,0.504,3.4,0.32,M10: quality,True,sl,-1.029,0.3,False
H1#6000474,H1,2026-04,buy,0.551,18.4,0.9,H1: quality,True,partial_be,0.146,2.38,False
M5#7003459,M5,2026-04,buy,0.641,5.24,0.79,M5: session,True,partial_be,0.135,1.17,False
M5#7003465,M5,2026-04,buy,0.688,4.16,1.16,M5: session,True,tp2,1.95,3.12,False
M15#6001948,M15,2026-04,buy,0.555,6.1,0.67,M15: quality,True,partial_be,0.138,1.08,False
M10#6002883,M10,2026-04,buy,0.609,10.76,1.05,M10: quality,True,sl,-1.009,0.0,False
M5#7003433,M5,2026-04,buy,0.558,8.26,0.99,M5: quality,False,,,0.0,False
M15#6001964,M15,2026-04,sell,0.518,9.28,0.84,M15: quality,True,partial_be,0.142,0.62,False
M10#6002905,M10,2026-04,sell,0.507,6.02,1.15,M10: quality,True,partial_be,0.137,0.74,False
M30#6000952,M30,2026-04,sell,0.551,16.93,1.27,M30: quality,True,partial_be,0.146,1.32,False
M5#7003483,M5,2026-04,sell,0.644,6.63,1.04,M5: session,False,,,0.0,False
M15#6001976,M15,2026-04,sell,0.526,8.43,0.84,M15: quality,True,sl,-1.012,0.07,False
M5#7003528,M5,2026-04,buy,0.507,2.06,0.64,M5: cost_r,True,partial_be,0.114,0.91,False
M5#7003487,M5,2026-04,sell,0.528,4.15,1.07,M5: quality,True,partial_be,0.132,1.53,False
M5#7003545,M5,2026-04,buy,0.518,3.93,1.11,M5: cost_r,True,sl,-1.025,0.16,False
M30#6000966,M30,2026-04,buy,0.504,12.19,1.23,M30: quality,True,sl,-1.008,0.0,False
M10#6002930,M10,2026-04,buy,0.514,4.62,0.74,M10: quality,True,sl,-1.022,0.59,False
M15#6001985,M15,2026-04,buy,0.504,4.04,0.62,M15: quality,True,tp2,1.95,2.6,False
M10#6002902,M10,2026-04,sell,0.518,6.48,0.95,M10: quality,True,partial_be,0.139,0.71,False
M10#6002928,M10,2026-04,buy,0.503,4.67,0.89,M10: quality,True,sl,-1.021,0.19,False
M15#6002001,M15,2026-04,buy,0.552,7.6,1.22,M15: quality,True,partial_be,0.14,0.8,False
M10#6002975,M10,2026-04,sell,0.528,6.0,0.81,M10: quality,True,sl,-1.017,0.47,False
M15#6001963,M15,2026-04,sell,0.512,6.27,0.87,M15: quality,True,partial_be,0.138,1.89,False
M10#6002988,M10,2026-04,buy,0.504,2.21,0.6,M10: quality,True,sl,-1.045,0.22,False
M5#7003639,M5,2026-04,sell,0.54,3.01,0.53,M5: cost_r,True,partial_be,0.125,0.7,False
M5#7003654,M5,2026-04,buy,0.509,2.9,0.76,M5: cost_r,True,partial_be,0.124,1.2,False
M5#7003637,M5,2026-04,sell,0.503,1.92,0.58,M5: cost_r,True,sl,-1.052,0.1,False
M5#7003662,M5,2026-04,buy,0.517,3.48,0.81,M5: cost_r,True,partial_be,0.129,0.99,False
M10#6003008,M10,2026-04,buy,0.504,4.49,0.81,M10: quality,True,sl,-1.022,0.54,False
M5#7003669,M5,2026-04,sell,0.51,2.53,0.75,M5: cost_r,True,sl,-1.04,0.0,False
M15#6002059,M15,2026-04,buy,0.517,10.01,0.55,M15: quality,True,sl,-4.245,0.25,False
M5#7003685,M5,2026-04,buy,0.602,8.28,0.92,M5: session,True,sl,-4.923,0.3,False
M15#6002063,M15,2026-04,sell,0.598,7.16,0.57,M15: quality,False,,,0.0,False
M10#6003042,M10,2026-04,sell,0.507,4.62,0.38,M10: quality,False,,,0.0,False
M30#6001012,M30,2026-04,buy,0.523,10.23,0.52,M30: quality,True,sl,-1.01,0.58,False
M5#7003780,M5,2026-04,buy,0.512,4.85,0.7,M5: quality,True,tp2,1.95,2.53,False
M5#7003711,M5,2026-04,sell,0.502,2.33,0.29,M5: cost_r,False,,,0.0,False
M5#7003787,M5,2026-04,sell,0.509,2.08,0.37,M5: cost_r,True,partial_be,0.114,0.71,False
M5#7003712,M5,2026-04,sell,0.509,2.92,0.67,M5: cost_r,False,,,0.0,False
M15#6002099,M15,2026-04,buy,0.525,5.75,0.75,M15: quality,True,sl,-1.017,0.22,False
M5#7003820,M5,2026-04,sell,0.515,3.02,0.79,M5: cost_r,False,,,0.0,False
M10#6003100,M10,2026-04,buy,0.522,5.6,0.76,M10: quality,True,tp2,1.95,2.61,False
M10#6003102,M10,2026-04,buy,0.528,5.61,0.96,M10: quality,True,partial_be,0.137,0.71,False
M5#7003885,M5,2026-04,buy,0.521,6.65,0.76,M5: quality,True,sl,-1.015,0.0,False
M5#7003891,M5,2026-04,sell,0.51,4.87,0.72,M5: quality,True,sl,-1.021,0.19,False
M5#7003890,M5,2026-04,sell,0.503,5.26,0.7,M5: quality,True,sl,-1.019,0.06,False
M5#7003912,M5,2026-04,sell,0.502,8.92,0.92,M5: quality,True,partial_be,0.142,0.73,False
M5#7003916,M5,2026-04,buy,0.626,12.37,1.39,M5: session,False,,,0.0,False
M5#7003924,M5,2026-04,buy,0.502,3.88,0.85,M5: cost_r,True,partial_be,0.131,1.14,False
M10#6003122,M10,2026-04,sell,0.503,6.41,1.05,M10: quality,True,partial_be,0.138,1.69,False
M5#7003926,M5,2026-04,buy,0.508,2.09,0.65,M5: cost_r,True,partial_be,0.114,1.75,False
M5#7003941,M5,2026-04,buy,0.616,4.82,1.18,M5: quality,True,sl,-1.021,0.45,False
M10#6003145,M10,2026-04,buy,0.6,5.71,0.93,M10: quality,True,partial_be,0.137,0.98,False
M5#7003971,M5,2026-04,sell,0.502,3.18,0.61,M5: cost_r,True,sl,-1.031,0.0,False
M15#6002134,M15,2026-04,buy,0.509,8.98,1.42,M15: quality,True,tp2,1.95,3.2,False
M10#6003187,M10,2026-04,sell,0.569,7.67,1.77,M10: quality,True,partial_be,0.14,0.62,False
M15#6002167,M15,2026-04,sell,0.547,7.67,1.4,M15: quality,True,partial_be,0.14,0.62,False
M5#7003915,M5,2026-04,buy,0.529,7.79,0.9,M5: quality,True,sl,-1.013,0.16,False
M5#7004024,M5,2026-04,sell,0.524,3.36,1.05,M5: cost_r,True,sl,-1.03,0.0,False
M15#6002195,M15,2026-04,sell,0.5,7.83,0.94,M15: quality,True,sl,-1.013,0.23,False
M5#7004049,M5,2026-04,buy,0.506,4.36,0.64,M5: quality,True,partial_be,0.133,2.11,False
M30#6001085,M30,2026-04,buy,0.5,16.24,1.15,M30: quality,True,partial_be,0.145,1.32,False
M5#7004048,M5,2026-04,buy,0.501,3.04,0.44,M5: cost_r,True,sl,-1.033,0.0,False
M5#7004071,M5,2026-04,sell,0.595,7.12,1.0,M5: session,True,sl,-1.014,0.29,False
M5#7004078,M5,2026-04,buy,0.649,13.5,0.95,M5: session,True,sl,-1.007,0.12,False
M5#7004074,M5,2026-04,sell,0.599,4.75,1.03,M5: session,True,partial_be,0.134,1.56,False
M5#7004080,M5,2026-04,sell,0.528,5.36,1.26,M5: quality,True,tp2,1.95,2.5,False
M5#7004130,M5,2026-04,sell,0.506,4.17,0.9,M5: quality,True,partial_be,0.132,0.74,False
M10#6003261,M10,2026-04,buy,0.533,5.3,0.82,M10: quality,True,tp2,1.95,2.43,False
M5#7004142,M5,2026-04,buy,0.525,6.57,0.95,M5: quality,True,sl,-1.015,0.46,False
M10#6003270,M10,2026-04,buy,0.505,6.23,0.65,M10: quality,True,partial_be,0.138,0.8,False
M30#6001099,M30,2026-04,buy,0.553,13.14,0.81,M30: quality,True,sl,-1.008,0.08,False
M15#6002230,M15,2026-04,buy,0.503,5.82,0.56,M15: quality,True,sl,-0.337,0.0,False
M5#7004152,M5,2026-04,buy,0.517,4.83,1.75,M5: quality,True,partial_be,0.135,0.61,False
M5#7004118,M5,2026-04,buy,0.508,2.42,0.67,M5: cost_r,False,,,0.0,False
M15#6002238,M15,2026-04,sell,0.594,18.21,2.4,M15: quality,True,sl,-1.005,0.0,False
M5#7004200,M5,2026-04,buy,0.504,3.31,0.7,M5: cost_r,True,partial_be,0.128,0.85,False
M5#7004204,M5,2026-04,buy,0.57,4.02,0.97,M5: cost_r,True,sl,-1.025,0.16,False
M30#6001105,M30,2026-04,buy,0.558,8.83,0.79,M30: quality,True,partial_be,0.142,0.72,False
M5#7004254,M5,2026-04,buy,0.514,2.72,0.82,M5: cost_r,True,tp2,1.95,2.5,False
M5#7004117,M5,2026-04,buy,0.5,2.21,0.56,M5: cost_r,True,sl,-1.045,0.0,False
M10#6003316,M10,2026-04,buy,0.505,5.23,1.11,M10: quality,True,sl,-1.019,0.0,False
M15#6002254,M15,2026-04,buy,0.504,5.37,0.89,M15: quality,True,sl,-1.019,0.0,False
M15#6002263,M15,2026-04,sell,0.523,5.91,0.9,M15: quality,False,,,0.0,False
M5#7004290,M5,2026-04,sell,0.585,3.83,0.82,M5: cost_r,False,,,0.0,False
M30#6001122,M30,2026-04,sell,0.501,7.02,0.91,M30: quality,True,sl,-1.014,0.0,False
M5#7004301,M5,2026-04,sell,0.538,4.14,1.07,M5: cost_r,False,,,0.0,False
M15#6002271,M15,2026-04,sell,0.516,9.44,0.99,M15: quality,True,sl,-1.011,0.0,False
M5#7004331,M5,2026-04,buy,0.565,7.76,0.68,M5: quality,True,partial_be,0.14,0.66,False
M5#7004334,M5,2026-04,sell,0.525,5.16,0.49,M5: quality,True,partial_be,0.136,1.15,False
M5#7004345,M5,2026-04,sell,0.528,6.35,0.67,M5: quality,True,sl,-1.016,0.0,False
H1#6000569,H1,2026-04,sell,0.506,23.74,0.96,H1: quality,True,partial_be,0.147,0.75,False
M30#6001125,M30,2026-04,sell,0.52,8.72,0.83,M30: quality,True,tp2,1.95,2.53,False
M5#7004371,M5,2026-04,buy,0.519,2.62,0.61,M5: cost_r,True,sl,-1.038,0.17,False
M5#7004405,M5,2026-04,sell,0.546,3.79,0.84,M5: cost_r,True,partial_be,0.13,0.67,False
M5#7004410,M5,2026-04,sell,0.519,4.56,0.91,M5: quality,True,sl,-1.022,0.0,False
M5#7004424,M5,2026-04,buy,0.503,4.39,0.9,M5: cost_r,True,sl,-1.023,0.0,False
M5#7004431,M5,2026-04,sell,0.5,3.16,0.53,M5: cost_r,True,partial_be,0.127,0.95,False
M5#7004449,M5,2026-04,buy,0.529,3.61,0.51,M5: cost_r,True,partial_be,0.13,1.39,False
M5#7004451,M5,2026-04,sell,0.592,7.72,1.58,M5: session,True,partial_be,0.14,1.78,False
M5#7004460,M5,2026-04,buy,0.521,7.7,0.78,M5: quality,False,,,0.0,False
M10#6003387,M10,2026-04,sell,0.53,4.4,0.52,M10: quality,True,sl,-1.023,0.0,False
M30#6001151,M30,2026-04,buy,0.544,15.49,1.1,M30: quality,True,tp2,1.95,2.43,False
M5#7004475,M5,2026-04,buy,0.535,4.12,0.91,M5: cost_r,True,partial_be,0.132,0.76,False
M5#7004484,M5,2026-04,sell,0.511,2.47,0.7,M5: cost_r,True,tp2,1.95,2.49,False
M10#6003440,M10,2026-04,buy,0.516,3.89,0.41,M10: quality,True,partial_be,0.13,0.75,False
M15#6002326,M15,2026-04,buy,0.514,6.72,0.61,M15: quality,True,partial_be,0.139,2.04,False
M5#7004505,M5,2026-04,buy,0.601,4.51,0.84,M5: quality,True,sl,-1.022,0.32,False
M30#6001161,M30,2026-04,buy,0.568,13.78,0.91,M30: quality,True,sl,-1.007,0.39,False
M10#6003451,M10,2026-04,sell,0.512,5.9,0.87,M10: quality,True,partial_be,0.137,2.08,False
M15#6002269,M15,2026-04,sell,0.506,7.96,0.94,M15: quality,True,partial_be,0.141,0.75,False
M10#6003453,M10,2026-04,buy,0.501,5.45,0.79,M10: quality,True,partial_be,0.136,0.81,False
H1#6000592,H1,2026-04,buy,0.514,15.21,0.74,H1: quality,True,sl,-1.007,0.35,False
M5#7004524,M5,2026-04,sell,0.511,2.94,0.83,M5: cost_r,True,sl,-1.034,0.6,False
M10#6003448,M10,2026-04,sell,0.506,6.43,1.41,M10: quality,True,partial_be,0.138,1.07,False
M10#6003413,M10,2026-04,buy,0.595,10.7,0.98,M10: quality,False,,,0.0,False
