month,tf,shown,placed_not_filled,filtered,f_quality,traded,zone_usd_med,zone_atr_med,q_med,f_cost_r,f_session,skip_overlaps
2025-09,H1,9,2.0,6,6,1.0,8.46,0.92,0.538,0.0,0.0,0.0
2025-09,M10,84,33.0,40,40,11.0,3.88,0.86,0.548,0.0,0.0,0.0
2025-09,M15,58,15.0,42,42,1.0,4.55,0.88,0.539,0.0,0.0,0.0
2025-09,M30,24,9.0,12,12,3.0,7.59,1.08,0.566,0.0,0.0,0.0
2025-09,M5,180,10.0,165,3,4.0,2.33,0.83,0.544,160.0,2.0,1.0
2025-10,H1,9,2.0,6,6,1.0,15.83,0.81,0.524,0.0,0.0,0.0
2025-10,M10,83,31.0,38,38,13.0,6.6,0.95,0.548,0.0,0.0,1.0
2025-10,M15,42,6.0,33,33,2.0,9.86,0.9,0.552,0.0,0.0,1.0
2025-10,M30,30,6.0,18,18,5.0,10.59,0.85,0.54,0.0,0.0,1.0
2025-10,M5,189,30.0,133,32,22.0,4.15,0.87,0.533,95.0,6.0,4.0
2025-11,H1,11,3.0,7,7,1.0,17.19,0.96,0.534,0.0,0.0,0.0
2025-11,M10,68,24.0,33,33,10.0,5.92,0.92,0.54,0.0,0.0,1.0
2025-11,M15,42,5.0,34,34,3.0,6.84,0.91,0.53,0.0,0.0,0.0
2025-11,M30,18,5.0,10,10,3.0,12.57,1.13,0.55,0.0,0.0,0.0
2025-11,M5,135,15.0,105,11,15.0,3.47,0.82,0.536,88.0,6.0,0.0
2025-12,H1,14,4.0,10,10,0.0,15.42,1.0,0.528,0.0,0.0,0.0
2025-12,M10,74,24.0,34,34,14.0,5.73,0.92,0.552,0.0,0.0,2.0
2025-12,M15,40,3.0,33,33,4.0,7.59,0.88,0.542,0.0,0.0,0.0
2025-12,M30,29,8.0,17,17,4.0,11.05,0.96,0.551,0.0,0.0,0.0
2025-12,M5,149,41.0,100,6,8.0,3.76,0.84,0.544,87.0,7.0,0.0
2026-01,H1,17,4.0,12,12,1.0,22.11,0.88,0.536,0.0,0.0,0.0
2026-01,M10,89,26.0,42,42,19.0,7.66,0.88,0.545,0.0,0.0,2.0
2026-01,M15,52,10.0,36,36,5.0,9.82,0.94,0.548,0.0,0.0,1.0
2026-01,M30,22,11.0,7,7,4.0,18.26,1.15,0.595,0.0,0.0,0.0
2026-01,M5,167,55.0,96,19,16.0,5.11,0.87,0.561,65.0,12.0,0.0
2026-02,H1,11,2.0,8,8,1.0,23.81,0.89,0.515,0.0,0.0,0.0
2026-02,M10,73,20.0,40,40,13.0,9.28,0.86,0.525,0.0,0.0,0.0
2026-02,M15,40,6.0,29,29,4.0,13.1,0.92,0.536,0.0,0.0,1.0
2026-02,M30,15,3.0,11,11,1.0,21.94,0.93,0.519,0.0,0.0,0.0
2026-02,M5,142,46.0,80,35,14.0,7.01,0.84,0.54,36.0,9.0,2.0
2026-03,H1,12,3.0,8,8,1.0,33.42,0.94,0.527,0.0,0.0,0.0
2026-03,M10,71,16.0,43,43,12.0,10.99,0.84,0.529,0.0,0.0,0.0
2026-03,M15,38,9.0,23,23,6.0,16.92,0.92,0.55,0.0,0.0,0.0
2026-03,M30,25,8.0,14,14,3.0,21.94,0.91,0.529,0.0,0.0,0.0
2026-03,M5,162,42.0,99,70,19.0,7.57,0.82,0.528,23.0,6.0,2.0
2026-04,H1,7,1.0,4,4,1.0,23.35,0.96,0.539,0.0,0.0,1.0
2026-04,M10,67,30.0,28,28,9.0,6.76,0.91,0.533,0.0,0.0,0.0
2026-04,M15,42,7.0,30,30,5.0,9.58,0.89,0.535,0.0,0.0,0.0
2026-04,M30,21,3.0,16,16,2.0,15.2,0.88,0.523,0.0,0.0,0.0
2026-04,M5,153,53.0,79,32,20.0,5.6,0.9,0.539,40.0,7.0,1.0
2026-05,H1,11,3.0,7,7,1.0,14.92,0.64,0.531,0.0,0.0,0.0
2026-05,M10,71,29.0,33,33,9.0,6.66,0.83,0.544,0.0,0.0,0.0
2026-05,M15,49,8.0,38,38,3.0,9.46,0.85,0.526,0.0,0.0,0.0
2026-05,M30,19,5.0,13,13,1.0,13.87,0.87,0.517,0.0,0.0,0.0
2026-05,M5,180,39.0,124,20,17.0,4.1,0.85,0.53,99.0,5.0,0.0
2026-06,H1,14,2.0,8,8,3.0,23.07,1.02,0.553,0.0,0.0,1.0
2026-06,M10,67,30.0,29,29,8.0,7.65,0.91,0.533,0.0,0.0,0.0
2026-06,M15,50,5.0,39,39,6.0,9.13,0.91,0.527,0.0,0.0,0.0
2026-06,M30,20,4.0,12,12,4.0,16.68,1.05,0.548,0.0,0.0,0.0
2026-06,M5,146,35.0,103,36,8.0,4.87,0.86,0.526,64.0,3.0,0.0
2026-07,H1,14,2.0,10,10,1.0,14.05,0.92,0.518,0.0,0.0,1.0
2026-07,M10,76,26.0,37,37,13.0,6.12,0.96,0.542,0.0,0.0,0.0
2026-07,M15,47,7.0,35,35,5.0,7.81,0.9,0.545,0.0,0.0,0.0
2026-07,M30,28,6.0,19,19,3.0,11.72,0.89,0.537,0.0,0.0,0.0
2026-07,M5,167,32.0,118,7,16.0,3.8,0.87,0.543,104.0,7.0,1.0
2026-08,H1,13,5.0,6,6,2.0,22.66,1.11,0.571,0.0,0.0,0.0
2026-08,M10,86,29.0,40,40,16.0,5.9,0.84,0.542,0.0,0.0,1.0
2026-08,M15,52,12.0,33,33,7.0,7.71,0.9,0.556,0.0,0.0,0.0
2026-08,M30,26,7.0,14,14,5.0,12.51,1.0,0.532,0.0,0.0,0.0
2026-08,M5,180,37.0,127,19,16.0,3.93,0.88,0.544,105.0,3.0,0.0
2026-09,H1,3,0.0,3,3,0.0,12.09,0.79,0.504,0.0,0.0,0.0
2026-09,M10,10,4.0,5,5,1.0,7.05,0.88,0.517,0.0,0.0,0.0
2026-09,M15,11,1.0,10,10,0.0,7.38,0.78,0.536,0.0,0.0,0.0
2026-09,M30,6,4.0,2,2,0.0,15.21,1.17,0.566,0.0,0.0,0.0
2026-09,M5,22,6.0,15,5,1.0,4.45,0.86,0.526,10.0,0.0,0.0
