key,tf,poi_id,kind,side,quality,grade,selected_time,entry_time,close_time,hold_min,entry,limit,sl,tp1,tp2,zone_top,zone_bottom,risk_usd_per_unit,atr,lots,risk_money,gross,commission,swap,net,r_gross,r_net,outcome,partial,mfe_r,mae_r,legs,cum_net,cum_r
M5#2827,M5,2827,IMB,buy,0.579,B,2026-03-03 14:40:00,2026-03-03 15:04:00,2026-03-03 15:08:00,4.0,5177.63,5177.63,5154.62,5200.64,5269.67,5177.63,5154.62,23.01000000000022,23.00428571428568,0.04,92.04000000000087,-92.43999999999869,0.28,0.0,-92.71999999999869,-1.0043459365493026,-1.0073880921338312,sl,False,0.24858757062147763,1.072577140373753,0.02@5154.52:sl;0.02@5154.52:sl,-92.71999999999869,-1.0073880921338312
M5#2834,M5,2834,IMB,sell,0.567,B,2026-03-03 17:10:00,2026-03-03 17:48:00,2026-03-03 18:03:00,15.0,5076.92,5076.92,5102.99,5050.85,4972.64,5102.99,5076.92,26.06999999999971,29.210714285714207,0.03,78.20999999999913,-78.51000000000022,0.21,0.0,-78.72000000000021,-1.0038358266206509,-1.0065209052550965,sl,False,0.5420023014959477,1.0326045262754266,0.01@5103.09:sl;0.02@5103.09:sl,-171.43999999999892,-2.0139089973889277
M5#2915,M5,2915,UW,buy,0.583,B,2026-03-04 15:30:00,2026-03-04 15:59:00,2026-03-04 16:12:00,13.0,5168.67,5168.67,5159.88,5177.46,5203.83,5168.67,5159.88,8.789999999999964,9.424999999999923,0.11,96.6899999999996,16.679999999996653,0.77,0.0,15.909999999996653,0.17251008377284852,0.16454648877853675,partial_be,True,1.3139931740614597,0.12855517633675925,0.02@5177.46:tp1;0.03@5168.57:be;0.06@5168.57:be,-155.53000000000227,-1.8493625086103909
M5#2920,M5,2920,OB,sell,0.553,B,2026-03-04 17:10:00,2026-03-04 17:35:00,2026-03-05 01:56:00,501.0,5163.43,5163.43,5179.41,5147.45,5099.51,5179.41,5163.43,15.979999999999563,15.523571428571424,0.06,95.8799999999974,55.53000000000338,0.42000000000000004,0.6,55.71000000000338,0.5791614518148195,0.5810387984981737,partial_be,True,3.382978723404316,0.2209011264080001,0.01@5147.45:tp1;0.01@5123.48:tp1;0.04@5163.53:be,-99.81999999999888,-1.2683237101122171
M5#2976,M5,2976,UW,buy,0.585,B,2026-03-05 13:50:00,2026-03-05 15:01:00,2026-03-05 15:09:00,8.0,5153.68,5153.68,5147.84,5159.52,5177.04,5153.68,5147.84,5.8400000000001455,4.375000000000065,0.16,93.44000000000233,16.219999999995707,1.12,0.0,15.099999999995706,0.17358732876707303,0.1616010273972103,partial_be,True,1.044520547945086,0.732876712328861,0.03@5159.52:tp1;0.04@5153.58:be;0.09@5153.58:be,-84.72000000000318,-1.1067226827150067
M10#1688,M10,1688,IMB,buy,0.637,B,2026-03-06 05:50:00,2026-03-06 07:38:00,2026-03-06 08:02:00,24.0,5121.08,5121.08,5109.69,5132.47,5166.64,5121.08,5109.69,11.390000000000327,10.445714285714205,0.08,91.12000000000262,-91.91999999999825,0.56,0.0,-92.47999999999826,-1.0087796312554391,-1.01492537313428,sl,False,0.2537313432836035,1.0474100087796268,0.01@5109.59:sl;0.02@5109.59:sl;0.05@5109.59:sl,-177.20000000000144,-2.1216480558492865
M5#3030,M5,3030,IMB,buy,0.598,B,2026-03-06 08:10:00,2026-03-06 09:08:00,2026-03-06 09:33:00,25.0,5108.44,5108.44,5099.47,5117.41,5144.32,5108.44,5099.47,8.969999999999345,6.466428571428748,0.1,89.69999999999345,17.140000000004875,0.7000000000000001,0.0,16.440000000004876,0.1910813823857985,0.1832775919733119,partial_be,True,1.2396878483836802,0.31438127090300055,0.02@5117.41:tp1;0.03@5108.34:be;0.05@5108.34:be,-160.75999999999655,-1.9383704638759747
M5#3213,M5,3213,UW,buy,0.573,B,2026-03-10 05:45:00,2026-03-10 05:47:00,2026-03-10 07:56:00,129.0,5158.26,5158.26,5153.37,5163.15,5177.82,5158.26,5153.37,4.890000000000327,6.377142857142774,0.2,97.80000000000655,288.53999999998996,1.4000000000000001,0.0,287.13999999999,2.9503067484659575,2.9359918200406008,tp2,True,4.134969325152963,0.7607361963190196,0.04@5163.15:tp1;0.06@5170.49:tp1;0.1@5177.82:tp2,126.37999999999343,0.9976213561646261
M5#3303,M5,3303,IMB,buy,0.614,B,2026-03-11 03:35:00,2026-03-11 04:02:00,2026-03-11 05:51:00,109.0,5202.07,5202.07,5192.81,5211.33,5239.11,5202.07,5192.81,9.259999999999309,6.5471428571428465,0.1,92.59999999999309,17.720000000004802,0.7000000000000001,0.0,17.020000000004803,0.19136069114477455,0.18380129589639388,partial_be,True,2.0010799136071316,0.8455723542117183,0.02@5211.33:tp1;0.03@5201.97:be;0.05@5201.97:be,143.39999999999824,1.18142265206102
M5#3347,M5,3347,UW,buy,0.658,A,2026-03-11 18:15:00,2026-03-11 19:36:00,2026-03-12 00:37:00,301.0,5159.97,5159.97,5149.67,5170.27,5201.17,5159.97,5149.67,10.300000000000182,6.794285714285771,0.09,92.70000000000164,9.499999999997272,0.63,-4.0,4.869999999997271,0.10248112189856638,0.05253505933114547,partial_be,True,2.2776699029125846,0.47184466019422294,0.01@5170.27:tp1;0.02@5159.87:be;0.06@5159.87:be,148.26999999999552,1.2339577113921656
M5#3457,M5,3457,OB,buy,0.576,B,2026-03-13 04:15:00,2026-03-13 04:18:00,2026-03-13 04:51:00,33.0,5121.11,5121.11,5111.99,5130.23,5157.59,5121.11,5111.99,9.11999999999989,5.7028571428571535,0.11,100.3199999999988,-101.4199999999928,0.77,0.0,-102.18999999999279,-1.0109649122806421,-1.0186403508771333,sl,False,0.2247807017544086,1.0010964912280942,0.02@5111.89:sl;0.03@5111.89:sl;0.06@5111.89:sl,46.08000000000273,0.21531736051503225
M15#1137,M15,1137,UW,buy,0.621,B,2026-03-13 07:45:00,2026-03-13 16:55:00,2026-03-13 21:47:00,292.0,5049.39,5049.39,5014.72,5084.06,5188.07,5049.39,5014.72,34.67000000000007,6.924999999999922,0.02,69.34000000000015,-69.54000000000087,0.14,0.0,-69.68000000000087,-1.0028843380444292,-1.0049033746755225,sl,False,0.6351312373810061,1.0470147101240297,0.01@5014.62:sl;0.01@5014.62:sl,-23.599999999998147,-0.7895860141604902
M5#3563,M5,3563,OB,buy,0.599,B,2026-03-16 08:10:00,2026-03-16 08:48:00,2026-03-16 09:15:00,27.0,5012.57,5012.57,5004.26,5020.88,5045.81,5012.57,5004.26,8.30999999999949,4.990714285714408,0.12,99.7199999999939,-100.91999999999825,0.8400000000000001,0.0,-101.75999999999826,-1.012033694344208,-1.020457280385123,sl,False,0.49699157641400266,1.3874849578821242,0.02@5004.16:sl;0.03@5004.16:sl;0.07@5004.16:sl,-125.3599999999964,-1.8100432945456133
M5#3518,M5,3518,OB,sell,0.558,B,2026-03-17 06:55:00,2026-03-17 07:16:00,2026-03-17 07:59:00,43.0,5042.01,5042.01,5047.4,5036.62,5020.45,5047.4,5042.01,5.389999999999418,3.6357142857143896,0.18,97.01999999998952,299.12000000000626,1.26,0.0,297.86000000000627,3.0830756545046234,3.070088641517609,tp2,True,4.048237476809457,0.5269016697587278,0.03@5036.62:tp1;0.05@5028.54:tp1;0.1@5020.45:tp2,172.50000000000986,1.2600453469719957
M5#3743,M5,3743,UW,buy,0.66,A,2026-03-18 11:05:00,2026-03-18 11:16:00,2026-03-18 12:27:00,71.0,4985.44,4985.44,4977.3,4993.58,5018.0,4985.44,4977.3,8.139999999999418,5.411428571428717,0.12,97.67999999999303,15.280000000006112,0.8400000000000001,0.0,14.440000000006112,0.15642915642923017,0.14782964782972094,partial_be,True,1.2751842751843798,0.11179361179360191,0.02@4993.58:tp1;0.03@4985.34:be;0.07@4985.34:be,186.94000000001597,1.4078749948017166
M10#2158,M10,2158,OB,sell,0.618,B,2026-03-20 01:50:00,2026-03-20 02:07:00,2026-03-20 03:05:00,58.0,4653.9,4653.9,4671.31,4636.49,4584.26,4671.31,4653.9,17.410000000000764,10.972142857142899,0.05,87.05000000000382,-87.55000000000109,0.35000000000000003,0.0,-87.90000000000109,-1.0057438253876767,-1.009764503159072,sl,False,0.8184951177483323,1.0419299253302954,0.01@4671.41:sl;0.01@4671.41:sl;0.03@4671.41:sl,99.04000000001489,0.39811049164264456
M5#3925,M5,3925,IMB,buy,0.587,B,2026-03-20 06:55:00,2026-03-20 07:02:00,2026-03-20 07:30:00,28.0,4714.49,4714.49,4707.37,4721.61,4742.97,4714.49,4707.37,7.119999999999891,4.860714285714233,0.14,99.67999999999846,13.040000000006332,0.9799999999999999,0.0,12.060000000006331,0.13081861958273008,0.12098715890857262,partial_be,True,1.2977528089887533,0.5772471910111988,0.02@4721.61:tp1;0.04@4714.39:be;0.08@4714.39:be,111.10000000002121,0.5190976505512171
M5#4099,M5,4099,OB,buy,0.648,B,2026-03-24 05:55:00,2026-03-24 06:19:00,2026-03-24 09:03:00,164.0,4333.03,4333.03,4312.67,4353.39,4414.47,4333.03,4312.67,20.359999999999673,11.694285714285732,0.04,81.43999999999869,264.6800000000021,0.28,0.0,264.40000000000214,3.250000000000078,3.246561886051159,tp2,True,4.019646365422469,0.6409626719057167,0.02@4383.93:tp1;0.02@4414.47:tp2,375.50000000002336,3.765659536602376
M15#1500,M15,1500,OB,buy,0.604,B,2026-03-24 19:30:00,2026-03-24 19:35:00,2026-03-24 22:25:00,170.0,4379.35,4379.35,4356.66,4402.04,4470.11,4379.35,4356.66,22.69000000000051,20.202857142857347,0.04,90.76000000000204,294.97999999999774,0.28,0.0,294.6999999999978,3.250110180696244,3.2470251211986687,tp2,True,4.49801674746572,0.3102688408990659,0.02@4436.08:tp1;0.02@4470.11:tp2,670.2000000000212,7.012684657801045
M5#4177,M5,4177,UW,buy,0.558,B,2026-03-25 03:00:00,2026-03-25 03:03:00,2026-03-25 03:31:00,28.0,4553.53,4553.53,4546.44,4560.62,4581.89,4553.53,4546.44,7.0900000000001455,10.452142857142851,0.15,106.35000000000218,319.070000000007,1.05,0.0,318.020000000007,3.0001880582980767,2.9903149976492753,tp2,True,4.0126939351197795,0.14245416078974443,0.03@4560.62:tp1;0.04@4571.26:tp1;0.08@4581.89:tp2,988.2200000000282,10.00299965545032
M15#1530,M15,1530,UW,buy,0.62,B,2026-03-25 13:00:00,2026-03-25 14:28:00,2026-03-25 14:31:00,3.0,4550.78,4550.78,4527.97,4573.59,4642.02,4550.78,4527.97,22.80999999999949,13.53571428571448,0.04,91.23999999999796,-91.63999999999942,0.28,0.0,-91.91999999999942,-1.00438404208682,-1.007452871547583,sl,False,0.0,1.2766330556773582,0.02@4527.87:sl;0.02@4527.87:sl,896.3000000000288,8.995546783902737
M5#4397,M5,4397,IMB,sell,0.644,B,2026-03-30 02:55:00,2026-03-30 03:21:00,2026-03-30 04:10:00,49.0,4460.43,4460.43,4472.46,4448.4,4412.31,4472.46,4460.43,12.029999999999745,11.146428571428585,0.09,108.26999999999771,11.23000000000502,0.63,0.0,10.60000000000502,0.1037221760414266,0.09790338967401167,partial_be,True,2.4505403158769896,0.5502909393183734,0.01@4448.40:tp1;0.02@4460.53:be;0.06@4460.53:be,906.9000000000339,9.093450173576748
M5#4517,M5,4517,IMB,buy,0.652,A,2026-03-31 06:05:00,2026-03-31 06:18:00,2026-03-31 10:19:00,241.0,4565.19,4565.19,4545.59,4584.79,4643.59,4565.19,4545.59,19.599999999999454,10.425000000000052,0.05,97.99999999999727,-98.49999999999909,0.35000000000000003,0.0,-98.84999999999908,-1.0051020408163451,-1.008673469387774,sl,False,0.8433673469388324,1.106632653061235,0.01@4545.49:sl;0.01@4545.49:sl;0.03@4545.49:sl,808.0500000000347,8.084776704188975
M5#4513,M5,4513,OB,buy,0.559,B,2026-03-31 08:20:00,2026-03-31 10:19:00,2026-03-31 13:37:00,198.0,4547.68,4547.68,4539.35,4556.01,4581.0,4547.68,4539.35,8.329999999999927,6.537142857143018,0.13,108.28999999999905,78.34999999999673,0.91,0.0,77.43999999999673,0.723520177301666,0.7151168159571282,partial_be,True,3.285714285714301,0.5018007202881546,0.02@4556.01:tp1;0.03@4568.51:tp1;0.08@4547.58:be,885.4900000000315,8.799893520146103
M5#1002610,M5,1002610,UW,sell,0.625,B,2026-04-01 07:40:00,2026-04-01 09:27:00,2026-04-01 09:48:00,21.0,4710.95,4710.95,4724.1,4697.8,4658.35,4724.1,4710.95,13.150000000000546,4.830714285714488,0.08,105.20000000000437,-106.00000000000001,0.56,0.0,-106.56000000000002,-1.007604562737601,-1.0129277566539505,sl,False,0.6380228136882113,1.2806083650189692,0.01@4724.20:sl;0.02@4724.20:sl;0.05@4724.20:sl,778.9300000000314,7.7869657634921525
M5#1002679,M5,1002679,IMB,buy,0.569,B,2026-04-02 02:45:00,2026-04-02 02:45:00,2026-04-02 02:51:00,6.0,4787.46,4787.46,4778.88,4796.04,4821.78,4787.46,4778.88,8.579999999999927,6.609999999999867,0.12,102.95999999999914,-104.16000000000349,0.8400000000000001,0.0,-105.0000000000035,-1.011655011655054,-1.0198135198135623,sl,False,0.0,1.0734265734265869,0.02@4778.78:sl;0.03@4778.78:sl;0.07@4778.78:sl,673.9300000000279,6.7671522436785905
M5#1002794,M5,1002794,UW,buy,0.557,B,2026-04-06 09:35:00,2026-04-06 09:38:00,2026-04-06 10:12:00,34.0,4652.59,4652.59,4643.32,4661.86,4689.67,4652.59,4643.32,9.270000000000437,6.522142857143081,0.11,101.9700000000048,17.63999999999578,0.77,0.0,16.86999999999578,0.17299205648715257,0.16544081592620366,partial_be,True,1.5954692556633514,0.331175836030158,0.02@4661.86:tp1;0.03@4652.49:be;0.06@4652.49:be,690.8000000000237,6.932593059604794
M5#1003052,M5,1003052,OB,sell,0.574,B,2026-04-09 12:35:00,2026-04-09 13:24:00,2026-04-09 13:47:00,23.0,4734.2,4734.2,4743.3,4725.1,4697.8,4743.3,4734.2,9.100000000000364,4.976428571428706,0.11,100.100000000004,-101.199999999998,0.77,0.0,-101.969999999998,-1.0109890109889506,-1.018681318681258,sl,False,0.0,1.018681318681326,0.02@4743.40:sl;0.03@4743.40:sl;0.06@4743.40:sl,588.8300000000257,5.9139117409235356
M5#1003198,M5,1003198,OB,sell,0.562,B,2026-04-10 08:00:00,2026-04-10 08:36:00,2026-04-10 09:49:00,73.0,4765.73,4765.73,4770.35,4761.11,4747.25,4770.35,4765.73,4.6200000000008,3.122857142857226,0.22,101.64000000001761,309.53999999998996,1.54,0.0,307.99999999998994,3.0454545454539192,3.0303030303024063,tp2,True,4.777056277055189,0.7424242424241768,0.04@4761.11:tp1;0.06@4754.18:tp1;0.12@4747.25:tp2,896.8300000000156,8.944214771225942
M5#1003228,M5,1003228,OB,buy,0.57,B,2026-04-10 18:45:00,2026-04-10 19:06:00,2026-04-10 21:05:00,119.0,4751.78,4751.78,4745.92,4757.64,4775.22,4751.78,4745.92,5.859999999999673,8.785714285714286,0.18,105.4799999999941,89.83000000000993,1.26,0.0,88.57000000000993,0.8516306408799293,0.839685248388461,partial_be,True,2.865187713310734,0.7576791808873461,0.03@4757.64:tp1;0.05@4766.43:tp1;0.1@4751.68:be,985.4000000000256,9.783900019614403
M10#2837,M10,2837,OB,sell,0.6,B,2026-04-13 18:00:00,2026-04-13 19:18:00,2026-04-13 19:40:00,22.0,4727.49,4727.49,4738.47,4716.51,4683.57,4738.47,4727.49,10.980000000000473,11.273571428571618,0.1,109.80000000000473,-110.79999999999927,0.7000000000000001,0.0,-111.49999999999928,-1.0091074681238115,-1.0154826958105143,sl,False,0.46630236794168217,1.051001821493659,0.02@4738.57:sl;0.03@4738.57:sl;0.05@4738.57:sl,873.9000000000262,8.76841732380389
M5#1003454,M5,1003454,OB,buy,0.553,B,2026-04-15 06:15:00,2026-04-15 08:37:00,2026-04-15 09:19:00,42.0,4816.32,4816.32,4810.17,4822.47,4840.92,4816.32,4810.17,6.149999999999636,6.4950000000000205,0.17,104.54999999999382,17.050000000009277,1.1900000000000002,0.0,15.860000000009277,0.16307986609287695,0.15169775227173807,partial_be,True,1.3723577235773998,0.5837398373984322,0.03@4822.47:tp1;0.05@4816.22:be;0.09@4816.22:be,889.7600000000355,8.920115076075628
M5#1003503,M5,1003503,OB,sell,0.579,B,2026-04-15 14:40:00,2026-04-15 14:46:00,2026-04-15 16:21:00,95.0,4809.63,4809.63,4818.4,4800.86,4774.55,4818.4,4809.63,8.769999999999527,4.318571428571237,0.12,105.23999999999434,-106.43999999999869,0.8400000000000001,0.0,-107.2799999999987,-1.0114025085519234,-1.019384264538241,sl,False,0.5906499429874186,1.1755986316990827,0.02@4818.50:sl;0.03@4818.50:sl;0.07@4818.50:sl,782.4800000000367,7.900730811537388
M10#2965,M10,2965,OB,buy,0.631,B,2026-04-16 14:40:00,2026-04-16 15:11:00,2026-04-16 15:38:00,27.0,4813.79,4813.79,4807.07,4820.51,4840.67,4813.79,4807.07,6.720000000000255,5.0200000000001115,0.16,107.52000000000407,18.859999999996035,1.12,0.0,17.739999999996034,0.17540922619043267,0.16499255952376637,partial_be,True,1.0386904761905071,0.3348214285714159,0.03@4820.51:tp1;0.04@4813.69:be;0.09@4813.69:be,800.2200000000328,8.065723371061154
M5#1003645,M5,1003645,IMB,buy,0.563,B,2026-04-17 05:20:00,2026-04-17 05:57:00,2026-04-17 09:18:00,201.0,4786.24,4786.24,4779.23,4793.25,4814.28,4786.24,4779.23,7.010000000000218,6.871428571428429,0.15,105.15000000000327,90.35000000000764,1.05,0.0,89.30000000000764,0.859248692344316,0.8492629576795517,partial_be,True,2.833095577746072,0.2681883024251142,0.03@4793.25:tp1;0.04@4803.77:tp1;0.08@4786.14:be,889.5200000000405,8.914986328740705
M5#1003724,M5,1003724,IMB,buy,0.648,B,2026-04-20 08:20:00,2026-04-20 08:44:00,2026-04-20 14:56:00,372.0,4781.34,4781.34,4774.17,4788.51,4810.02,4781.34,4774.17,7.170000000000073,3.8685714285713533,0.15,107.55000000000109,322.6700000000037,1.05,0.0,321.6200000000037,3.0001859600186003,2.99042305904231,tp2,True,4.073919107391874,0.21757322175737578,0.03@4788.51:tp1;0.04@4799.27:tp1;0.08@4810.02:tp2,1211.1400000000442,11.905409387783015
M5#1003727,M5,1003727,OB,sell,0.568,B,2026-04-20 10:30:00,2026-04-20 14:53:00,2026-04-20 15:12:00,19.0,4806.62,4806.62,4813.0,4800.24,4781.1,4813.0,4806.62,6.380000000000109,5.299285714285686,0.17,108.46000000000186,-110.16000000000804,1.1900000000000002,0.0,-111.35000000000804,-1.0156739811912794,-1.0266457680251349,sl,False,0.5266457680250181,1.0376175548588993,0.03@4813.10:sl;0.05@4813.10:sl;0.09@4813.10:sl,1099.7900000000361,10.87876361975788
M5#1003771,M5,1003771,IMB,buy,0.569,B,2026-04-20 15:15:00,2026-04-20 15:38:00,2026-04-20 15:58:00,20.0,4801.35,4801.35,4794.7,4808.0,4827.95,4801.35,4794.7,6.650000000000546,5.089285714285714,0.16,106.40000000000873,18.64999999999418,1.12,0.0,17.52999999999418,0.17528195488714896,0.16475563909767613,partial_be,True,1.0571428571427322,0.32631578947366835,0.03@4808.00:tp1;0.04@4801.25:be;0.09@4801.25:be,1117.3200000000304,11.043519258855556
M10#3068,M10,3068,OB,sell,0.619,B,2026-04-20 21:00:00,2026-04-20 21:05:00,2026-04-21 01:00:00,235.0,4812.7,4812.7,4823.34,4802.06,4770.14,4823.34,4812.7,10.640000000000327,5.344999999999735,0.1,106.40000000000327,-107.39999999999782,0.7000000000000001,0.0,-108.09999999999782,-1.00939849624055,-1.0159774436089708,sl,False,0.18515037593986786,1.5469924812029634,0.02@4823.44:sl;0.03@4823.44:sl;0.05@4823.44:sl,1009.2200000000325,10.027541815246584
M5#1003723,M5,1003723,IMB,buy,0.562,B,2026-04-21 10:10:00,2026-04-21 15:30:00,2026-04-21 16:06:00,36.0,4771.49,4771.49,4764.96,4778.02,4797.61,4771.49,4764.96,6.529999999999745,6.072142857142808,0.16,104.47999999999593,83.97000000000935,1.12,0.0,82.85000000000935,0.8036944869832755,0.7929747320062459,partial_be,True,2.9019908116386763,0.7764165390505217,0.03@4778.02:tp1;0.04@4787.81:tp1;0.09@4771.39:be,1092.070000000042,10.82051654725283
M5#1003883,M5,1003883,IMB,sell,0.664,A,2026-04-21 18:05:00,2026-04-21 18:10:00,2026-04-21 22:42:00,272.0,4745.64,4745.64,4760.88,4730.4,4684.68,4760.88,4745.64,15.239999999999782,10.014285714285766,0.07,106.67999999999846,335.28000000000156,0.48999999999999994,0.0,334.79000000000156,3.1428571428572027,3.1382639670041845,tp2,True,4.419291338582764,0.7992125984252274,0.01@4730.40:tp1;0.02@4707.54:tp1;0.04@4684.68:tp2,1426.8600000000436,13.958780514257015
M5#1004023,M5,1004023,IMB,sell,0.563,B,2026-04-23 13:35:00,2026-04-23 15:01:00,2026-04-23 15:05:00,4.0,4728.35,4728.35,4733.55,4723.15,4707.55,4733.55,4728.35,5.199999999999818,5.395714285714413,0.21,109.1999999999962,-111.2999999999847,1.4700000000000002,0.0,-112.7699999999847,-1.0192307692306648,-1.0326923076922037,sl,False,0.0,1.1442307692307743,0.04@4733.65:sl;0.06@4733.65:sl;0.11@4733.65:sl,1314.0900000000588,12.926088206564812
M15#2199,M15,2199,IMB,buy,0.618,B,2026-04-23 16:30:00,2026-04-23 17:00:00,2026-04-23 18:54:00,114.0,4719.51,4719.51,4705.82,4733.2,4774.27,4719.51,4705.82,13.69000000000051,10.968571428571522,0.08,109.52000000000407,12.989999999997053,0.56,0.0,12.429999999997053,0.11860847333817175,0.11349525200873439,partial_be,True,1.564645726807836,0.16873630387146196,0.01@4733.20:tp1;0.02@4719.41:be;0.05@4719.41:be,1326.520000000056,13.039583458573546
M10#3272,M10,3272,IMB,buy,0.636,B,2026-04-24 15:30:00,2026-04-24 15:49:00,2026-04-24 16:31:00,42.0,4692.47,4692.47,4680.54,4704.4,4740.19,4692.47,4680.54,11.930000000000291,9.357142857142922,0.09,107.37000000000262,11.129999999996471,0.63,0.0,10.49999999999647,0.10366024029054857,0.09779267951938357,partial_be,True,1.089689857502069,0.16261525565804374,0.01@4704.40:tp1;0.02@4692.37:be;0.06@4692.37:be,1337.0200000000523,13.137376138092929
M10#3283,M10,3283,UW,buy,0.655,A,2026-04-24 23:30:00,2026-04-27 01:00:00,2026-04-27 01:06:00,6.0,4697.03,4697.03,4689.53,4704.53,4727.03,4697.03,4689.53,7.5,4.39714285714282,0.15,112.5,-113.99999999999181,1.05,-7.5,-122.54999999999181,-1.0133333333332606,-1.0893333333332607,sl,False,0.3920000000000679,1.528000000000005,0.03@4689.43:sl;0.04@4689.43:sl;0.08@4689.43:sl,1214.4700000000605,12.048042804759667
M5#1004341,M5,1004341,OB,sell,0.582,B,2026-04-28 17:25:00,2026-04-28 17:33:00,2026-04-28 18:00:00,27.0,4577.88,4577.88,4586.34,4569.42,4544.04,4586.34,4577.88,8.460000000000036,10.368571428571483,0.13,109.98000000000047,15.820000000006075,0.91,0.0,14.910000000006075,0.14384433533375166,0.1355701036552647,partial_be,True,2.400709219858193,0.3593380614657152,0.02@4569.42:tp1;0.03@4577.98:be;0.08@4577.98:be,1229.3800000000665,12.183612908414933
M5#1004384,M5,1004384,IMB,buy,0.551,B,2026-04-29 06:10:00,2026-04-29 08:59:00,2026-04-29 09:07:00,8.0,4591.79,4591.79,4585.23,4598.35,4618.03,4591.79,4585.23,6.5600000000004,5.015714285714174,0.17,111.5200000000068,18.279999999996107,1.1900000000000002,0.0,17.089999999996106,0.16391678622664088,0.15324605451932446,partial_be,True,1.0381097560975587,0.237804878048827,0.03@4598.35:tp1;0.05@4591.69:be;0.09@4591.69:be,1246.4700000000626,12.336858962934258
M5#1004416,M5,1004416,IMB,buy,0.587,B,2026-04-29 12:10:00,2026-04-29 12:29:00,2026-04-29 12:39:00,10.0,4568.12,4568.12,4563.27,4572.97,4587.52,4568.12,4563.27,4.849999999999454,5.187142857142979,0.23,111.54999999998745,-113.84999999999582,1.61,0.0,-115.45999999999582,-1.0206185567011083,-1.0350515463918315,sl,False,0.2742268041237272,1.0948453608247604,0.04@4563.17:sl;0.06@4563.17:sl;0.13@4563.17:sl,1131.0100000000668,11.301807416542427
M5#1004418,M5,1004418,OB,sell,0.626,B,2026-04-29 12:45:00,2026-04-29 13:16:00,2026-04-29 14:03:00,47.0,4572.18,4572.18,4579.55,4564.81,4542.7,4579.55,4572.18,7.369999999999891,5.563571428571452,0.15,110.54999999999836,20.91000000000622,1.05,0.0,19.86000000000622,0.189145183175093,0.17964721845324752,partial_be,True,1.0868385345997744,0.6295793758479629,0.03@4564.81:tp1;0.04@4572.28:be;0.08@4572.28:be,1150.870000000073,11.481454634995675
M5#1004626,M5,1004626,IMB,buy,0.634,B,2026-05-01 18:15:00,2026-05-01 21:14:00,2026-05-01 21:37:00,23.0,4616.38,4616.38,4609.24,4623.52,4644.94,4616.38,4609.24,7.140000000000327,9.570000000000034,0.15,107.10000000000491,20.219999999996617,1.05,0.0,19.169999999996616,0.18879551820724266,0.17899159663861566,partial_be,True,1.0756302521008319,0.35714285714286625,0.03@4623.52:tp1;0.04@4616.28:be;0.08@4616.28:be,1170.0400000000698,11.66044623163429
M5#2002881,M5,2002881,IMB,buy,0.552,B,2026-05-05 11:05:00,2026-05-05 13:53:00,2026-05-05 14:42:00,49.0,4542.5,4542.5,4537.72,4547.28,4561.62,4542.5,4537.72,4.779999999999745,4.359285714285696,0.23,109.93999999999414,339.37999999999647,1.61,0.0,337.76999999999646,3.0869565217392627,3.072312170274827,tp2,True,4.6359832635985425,0.554393305439284,0.04@4547.28:tp1;0.06@4554.45:tp1;0.13@4561.62:tp2,1507.8100000000663,14.732758401909118
M5#2002909,M5,2002909,IMB,buy,0.649,B,2026-05-05 16:35:00,2026-05-05 16:36:00,2026-05-05 17:13:00,37.0,4573.96,4573.96,4565.89,4582.03,4606.24,4573.96,4565.89,8.069999999999709,5.460714285714338,0.14,112.97999999999591,14.939999999995052,0.9799999999999999,0.0,13.959999999995052,0.1322357939457921,0.12356169233488722,partial_be,True,1.2627013630731063,0.2936802973977666,0.02@4582.03:tp1;0.04@4573.86:be;0.08@4573.86:be,1521.7700000000614,14.856320094244005
M10#3567,M10,3567,OB,buy,0.6,B,2026-05-05 23:10:00,2026-05-06 01:04:00,2026-05-06 02:09:00,65.0,4550.84,4550.84,4543.7,4557.98,4579.4,4550.84,4543.7,7.140000000000327,4.10571428571432,0.16,114.24000000000524,349.8599999999915,1.12,0.0,348.7399999999915,3.062499999999785,3.052696078431158,tp2,True,4.137254901960589,0.645658263305374,0.03@4557.98:tp1;0.04@4568.69:tp1;0.09@4579.40:tp2,1870.510000000053,17.909016172675162
M5#2003153,M5,2003153,IMB,buy,0.64,B,2026-05-08 05:10:00,2026-05-08 05:16:00,2026-05-08 05:36:00,20.0,4719.92,4719.92,4711.44,4728.4,4753.84,4719.92,4711.44,8.480000000000473,6.689285714285559,0.13,110.24000000000615,-111.53999999999905,0.91,0.0,-112.44999999999905,-1.0117924528301236,-1.0200471698112552,sl,False,0.4504716981131481,1.2558962264149813,0.02@4711.34:sl;0.03@4711.34:sl;0.08@4711.34:sl,1758.0600000000538,16.888969002863906
M5#2003168,M5,2003168,UW,buy,0.586,B,2026-05-08 10:50:00,2026-05-08 15:11:00,2026-05-08 15:30:00,19.0,4706.3,4706.3,4701.39,4711.21,4725.94,4706.3,4701.39,4.9099999999998545,6.284285714285618,0.23,112.92999999999665,17.739999999992506,1.61,0.0,16.129999999992506,0.1570884618789784,0.14283184273437513,partial_be,True,1.8737270875763932,0.741344195519437,0.04@4711.21:tp1;0.06@4706.20:be;0.13@4706.20:be,1774.1900000000464,17.03180084559828
M5#2003212,M5,2003212,IMB,sell,0.55,B,2026-05-11 04:15:00,2026-05-11 04:22:00,2026-05-11 15:57:00,695.0,4700.55,4700.55,4714.35,4686.75,4645.35,4714.35,4700.55,13.800000000000182,9.67357142857132,0.08,110.40000000000146,82.30000000000291,0.56,0.0,81.74000000000291,0.7454710144927702,0.7403985507246542,partial_be,True,3.802898550724556,0.37028985507243517,0.01@4686.75:tp1;0.02@4666.05:tp1;0.05@4700.65:be,1855.9300000000494,17.772199396322932
M5#2003271,M5,2003271,OB,buy,0.585,B,2026-05-12 17:10:00,2026-05-12 17:33:00,2026-05-12 17:51:00,18.0,4674.74,4674.74,4668.31,4681.17,4700.46,4674.74,4668.31,6.4299999999993815,9.58714285714281,0.18,115.73999999998887,17.79000000000906,1.26,0.0,16.530000000009057,0.15370658372222887,0.1428201140488219,partial_be,True,2.06842923794735,0.612752721617415,0.03@4681.17:tp1;0.05@4674.64:be;0.1@4674.64:be,1872.4600000000585,17.915019510371753
M5#2003519,M5,2003519,IMB,buy,0.67,A,2026-05-14 08:35:00,2026-05-14 08:59:00,2026-05-14 10:59:00,120.0,4691.13,4691.13,4683.69,4698.57,4720.89,4691.13,4683.69,7.440000000000509,5.309285714285904,0.15,111.60000000000764,95.9199999999937,1.05,0.0,94.86999999999371,0.8594982078851894,0.8500896057346524,partial_be,True,3.7190860215051313,0.6747311827957114,0.03@4698.57:tp1;0.04@4709.73:tp1;0.08@4691.03:be,1967.3300000000522,18.765109116106405
M5#2003588,M5,2003588,IMB,sell,0.61,B,2026-05-15 03:55:00,2026-05-15 03:59:00,2026-05-15 08:32:00,273.0,4630.5,4630.5,4644.81,4616.19,4573.26,4644.81,4630.5,14.3100000000004,8.112142857142837,0.08,114.4800000000032,372.06999999999886,0.56,0.0,371.50999999999885,3.250087351502345,3.245195667365378,tp2,True,4.050314465408694,0.0957372466806326,0.01@4616.19:tp1;0.02@4594.72:tp1;0.05@4573.26:tp2,2338.840000000051,22.01030478347178
M5#2003730,M5,2003730,OB,buy,0.597,B,2026-05-18 17:15:00,2026-05-18 17:22:00,2026-05-18 17:33:00,11.0,4555.54,4555.54,4547.36,4563.72,4588.26,4555.54,4547.36,8.180000000000291,8.809285714285513,0.15,122.70000000000437,-124.19999999999618,1.05,0.0,-125.24999999999618,-1.0122249388752385,-1.020782396087952,sl,False,0.9376528117359169,1.0733496332517645,0.03@4547.26:sl;0.04@4547.26:sl;0.08@4547.26:sl,2213.5900000000547,20.98952238738383
M10#3977,M10,3977,OB,sell,0.64,B,2026-05-18 20:20:00,2026-05-18 22:03:00,2026-05-18 23:15:00,72.0,4563.5,4563.5,4575.66,4551.34,4514.86,4575.66,4563.5,12.159999999999854,8.588571428571479,0.1,121.59999999999854,23.5199999999968,0.7000000000000001,0.0,22.8199999999968,0.19342105263155493,0.18766447368418646,partial_be,True,1.3659539473684106,0.12664473684210378,0.02@4551.34:tp1;0.03@4563.60:be;0.05@4563.60:be,2236.4100000000517,21.177186861068016
M5#2003914,M5,2003914,OB,sell,0.645,B,2026-05-20 16:55:00,2026-05-20 17:16:00,2026-05-20 17:21:00,5.0,4496.08,4496.08,4505.15,4487.01,4459.8,4505.15,4496.08,9.069999999999709,5.992142857142816,0.13,117.90999999999622,-119.21000000000095,0.91,0.0,-120.12000000000094,-1.011025358324186,-1.0187431091510881,sl,False,0.82028665931641,1.274531422271309,0.02@4505.25:sl;0.03@4505.25:sl;0.08@4505.25:sl,2116.290000000051,20.158443751916927
M5#2003924,M5,2003924,IMB,buy,0.648,B,2026-05-21 09:30:00,2026-05-21 10:28:00,2026-05-21 13:26:00,178.0,4515.24,4515.24,4507.18,4523.3,4547.48,4515.24,4507.18,8.05999999999949,5.947857142857239,0.15,120.89999999999236,103.98000000000775,1.05,0.0,102.93000000000775,0.8600496277916817,0.851364764268108,partial_be,True,3.405707196029969,0.4317617866004694,0.03@4523.30:tp1;0.04@4535.39:tp1;0.08@4515.14:be,2219.2200000000585,21.009808516185036
M5#2003995,M5,2003995,IMB,sell,0.559,B,2026-05-21 13:50:00,2026-05-21 14:03:00,2026-05-21 16:54:00,171.0,4518.45,4518.45,4532.01,4504.89,4464.21,4532.01,4518.45,13.5600000000004,6.868571428571548,0.09,122.0400000000036,12.759999999996582,0.63,0.0,12.129999999996581,0.10455588331691418,0.09939364142900871,partial_be,True,2.18215339233033,0.22271386430681028,0.01@4504.89:tp1;0.02@4518.55:be;0.06@4518.55:be,2231.350000000055,21.109202157614046
M5#2004024,M5,2004024,IMB,buy,0.675,A,2026-05-22 02:20:00,2026-05-22 03:59:00,2026-05-22 04:05:00,6.0,4526.11,4526.11,4518.35,4533.87,4557.15,4526.11,4518.35,7.759999999999309,1.9757142857142103,0.15,116.39999999998963,22.0800000000072,1.05,0.0,21.0300000000072,0.1896907216495633,0.18067010309286144,partial_be,True,1.3079896907218362,0.3286082474226159,0.03@4533.87:tp1;0.04@4526.01:be;0.08@4526.01:be,2252.380000000062,21.289872260706908
M5#2004493,M5,2004493,IMB,buy,0.699,A,2026-05-28 16:20:00,2026-05-28 16:33:00,2026-05-28 17:13:00,40.0,4420.58,4420.58,4410.12,4431.04,4462.42,4420.58,4410.12,10.460000000000036,8.637142857142733,0.11,115.0600000000004,350.40999999999985,0.77,0.0,349.6399999999999,3.0454545454545334,3.0387623848426792,tp2,True,4.155831739961769,0.23613766730403882,0.02@4431.04:tp1;0.03@4446.73:tp1;0.06@4462.42:tp2,2602.020000000062,24.328634645549588
M5#2004558,M5,2004558,OB,buy,0.61,B,2026-05-29 11:00:00,2026-05-29 11:04:00,2026-05-29 11:48:00,44.0,4519.29,4519.29,4511.77,4526.81,4549.37,4519.29,4511.77,7.519999999999527,4.152857142857101,0.17,127.83999999999196,-129.53999999999814,1.1900000000000002,0.0,-130.72999999999814,-1.0132978723404746,-1.0226063829787733,sl,False,0.17819148936173268,1.0053191489362867,0.03@4511.67:sl;0.05@4511.67:sl;0.09@4511.67:sl,2471.2900000000636,23.306028262570816
M10#4383,M10,4383,IMB,buy,0.616,B,2026-05-28 23:20:00,2026-05-29 01:08:00,2026-05-29 12:13:00,665.0,4494.68,4494.68,4485.89,4503.47,4529.84,4494.68,4485.89,8.789999999999964,4.482857142857223,0.14,123.05999999999948,386.779999999997,0.9799999999999999,0.0,385.799999999997,3.143019665203955,3.1350560702096426,tp2,True,4.039817974971497,0.6461888509670437,0.02@4503.47:tp1;0.04@4516.66:tp1;0.08@4529.84:tp2,2857.0900000000606,26.44108433278046
M5#2004591,M5,2004591,IMB,buy,0.711,A,2026-05-29 18:55:00,2026-05-29 20:43:00,2026-05-29 23:51:00,188.0,4555.61,4555.61,4540.93,4570.29,4614.33,4555.61,4540.93,14.679999999999382,11.004285714285677,0.08,117.43999999999505,-118.23999999999796,0.56,0.0,-118.79999999999797,-1.0068119891008425,-1.0115803814714148,sl,False,0.4121253405994848,1.0102179836512637,0.01@4540.83:sl;0.02@4540.83:sl;0.05@4540.83:sl,2738.2900000000627,25.429503951309044
H1#746,H1,746,IMB,buy,0.6,B,2026-06-02 14:00:00,2026-06-02 15:54:00,2026-06-02 17:00:00,66.0,4515.17,4515.17,4499.44,4530.9,4578.09,4515.17,4499.44,15.730000000000473,14.733571428571395,0.08,125.84000000000378,-126.63999999999942,0.56,0.0,-127.19999999999942,-1.006357279084517,-1.0108073744437032,sl,False,0.6071201525746913,1.0654799745708654,0.01@4499.34:sl;0.02@4499.34:sl;0.05@4499.34:sl,2611.0900000000634,24.41869657686534
M15#3157,M15,3157,UW,buy,0.662,A,2026-06-04 15:45:00,2026-06-04 17:09:00,2026-06-04 17:30:00,21.0,4489.91,4489.91,4482.25,4497.57,4520.55,4489.91,4482.25,7.6599999999998545,10.08142857142866,0.16,122.55999999999767,-124.16000000000349,1.12,0.0,-125.2800000000035,-1.013054830287254,-1.0221932114882986,sl,False,0.49738903394262046,1.001305483028749,0.03@4482.15:sl;0.04@4482.15:sl;0.09@4482.15:sl,2485.81000000006,23.396503365377043
M5#3003096,M5,3003096,OB,buy,0.553,B,2026-06-05 04:10:00,2026-06-05 09:15:00,2026-06-05 10:16:00,61.0,4434.67,4434.67,4427.41,4441.93,4463.71,4434.67,4427.41,7.260000000000218,6.0614285714284835,0.17,123.42000000000371,373.8899999999985,1.1900000000000002,0.0,372.6999999999985,3.029411764705779,3.0197698914275426,tp2,True,4.046831955922759,0.8030303030302689,0.03@4441.93:tp1;0.05@4452.82:tp1;0.09@4463.71:tp2,2858.5100000000584,26.416273256804587
M15#3181,M15,3181,OB,buy,0.621,B,2026-06-05 14:45:00,2026-06-05 15:30:00,2026-06-05 15:50:00,20.0,4449.15,4449.15,4436.65,4461.65,4499.15,4449.15,4436.65,12.5,5.720714285714361,0.1,125.0,-125.99999999999454,0.7000000000000001,0.0,-126.69999999999455,-1.0079999999999563,-1.0135999999999563,sl,False,0.5736000000000058,1.1743999999999506,0.02@4436.55:sl;0.03@4436.55:sl;0.05@4436.55:sl,2731.810000000064,25.40267325680463
M10#4699,M10,4699,OB,sell,0.603,B,2026-06-08 17:40:00,2026-06-08 17:45:00,2026-06-08 18:45:00,60.0,4324.42,4324.42,4341.02,4307.82,4258.02,4341.02,4324.42,16.600000000000364,9.710000000000102,0.07,116.20000000000253,-116.89999999999873,0.48999999999999994,0.0,-117.38999999999872,-1.0060240963855094,-1.0102409638553886,sl,False,0.4228915662650225,1.0120481927710732,0.01@4341.12:sl;0.02@4341.12:sl;0.04@4341.12:sl,2614.4200000000656,24.39243229294924
M5#3003619,M5,3003619,IMB,buy,0.578,B,2026-06-12 04:00:00,2026-06-12 04:04:00,2026-06-12 04:36:00,32.0,4185.87,4185.87,4175.8,4195.94,4226.15,4185.87,4175.8,10.069999999999709,8.367857142857117,0.12,120.83999999999652,-122.04000000000089,0.8400000000000001,0.0,-122.88000000000089,-1.0099304865938794,-1.0168818272095699,sl,False,0.7725918570009901,1.3257199602780378,0.02@4175.70:sl;0.03@4175.70:sl;0.07@4175.70:sl,2491.5400000000645,23.37555046573967
M10#4994,M10,4994,OB,sell,0.673,A,2026-06-16 18:30:00,2026-06-16 18:57:00,2026-06-16 21:01:00,124.0,4341.73,4341.73,4354.3,4329.16,4291.45,4354.3,4341.73,12.570000000000618,7.5271428571429295,0.09,113.13000000000557,11.769999999996799,0.63,0.0,11.139999999996798,0.10403960045961477,0.098470785821588,partial_be,True,1.275258552108111,0.4311853619730084,0.01@4329.16:tp1;0.02@4341.83:be;0.06@4341.83:be,2502.680000000061,23.474021251561258
M30#1710,M30,1710,IMB,buy,0.656,A,2026-06-17 06:00:00,2026-06-17 21:13:00,2026-06-17 22:38:00,85.0,4280.35,4280.35,4219.28,4341.42,4524.63,4280.35,4219.28,61.07000000000062,7.8464285714285325,0.02,122.14000000000124,-122.34000000000013,0.14,0.0,-122.48000000000013,-1.0016374652038553,-1.0027836908465604,sl,False,0.8436220730309318,1.000818732601935,0.01@4219.18:sl;0.01@4219.18:sl,2380.200000000061,22.471237560714698
M5#3004106,M5,3004106,IMB,buy,0.693,A,2026-06-22 04:30:00,2026-06-22 04:31:00,2026-06-22 05:00:00,29.0,4200.89,4200.89,4189.22,4212.56,4247.57,4200.89,4189.22,11.670000000000073,8.341428571428619,0.1,116.70000000000073,-117.70000000000437,0.7000000000000001,0.0,-118.40000000000437,-1.0085689802913764,-1.0145672664953183,sl,False,0.36760925449870924,1.0882604970009124,0.02@4189.12:sl;0.03@4189.12:sl;0.05@4189.12:sl,2261.800000000057,21.45667029421938
M30#1693,M30,1693,IMB,buy,0.62,B,2026-06-19 07:30:00,2026-06-19 07:54:00,2026-06-23 06:21:00,5667.0,4131.47,4131.47,4101.98,4160.96,4249.43,4131.47,4101.98,29.49000000000069,11.893571428571574,0.04,117.96000000000276,147.2599999999984,0.28,-3.0,143.9799999999984,1.2483892845031785,1.2205832485587913,partial_be,True,3.029501525940931,0.3350288233299382,0.02@4205.20:tp1;0.02@4131.37:be,2405.780000000055,22.67725354277817
M5#3004394,M5,3004394,IMB,buy,0.56,B,2026-06-25 03:10:00,2026-06-25 03:13:00,2026-06-25 03:18:00,5.0,4008.01,4008.01,4000.56,4015.46,4037.81,4008.01,4000.56,7.450000000000273,5.33571428571424,0.16,119.20000000000437,-120.80000000000291,1.12,0.0,-121.92000000000291,-1.0134228187919336,-1.0228187919462957,sl,False,0.03758389261741411,1.0067114093959362,0.03@4000.46:sl;0.04@4000.46:sl;0.09@4000.46:sl,2283.8600000000524,21.654434750831875
M5#3004453,M5,3004453,OB,buy,0.59,B,2026-06-26 01:30:00,2026-06-26 02:49:00,2026-06-26 04:05:00,76.0,4016.75,4016.75,4007.99,4025.51,4051.79,4016.75,4007.99,8.760000000000218,3.26357142857153,0.14,122.64000000000304,16.320000000001528,0.9799999999999999,0.0,15.340000000001528,0.13307240704501894,0.12508153946511047,partial_be,True,1.4531963470319293,0.6015981735159647,0.02@4025.51:tp1;0.04@4016.65:be;0.08@4016.65:be,2299.200000000054,21.779516290296986
M15#3660,M15,3660,UW,buy,0.693,A,2026-06-26 23:30:00,2026-06-29 01:18:00,2026-06-29 02:22:00,64.0,4056.41,4056.41,4044.9,4067.92,4102.45,4056.41,4044.9,11.509999999999764,5.939285714285851,0.1,115.09999999999764,22.220000000001164,0.7000000000000001,0.0,21.520000000001165,0.1930495221546622,0.1869678540399792,partial_be,True,1.231972198088669,0.27801911381406463,0.02@4067.92:tp1;0.03@4056.31:be;0.05@4056.31:be,2320.7200000000553,21.966484144336963
M5#3004729,M5,3004729,OB,sell,0.608,B,2026-06-30 13:25:00,2026-06-30 13:28:00,2026-06-30 14:45:00,77.0,4028.39,4028.39,4035.64,4021.14,3999.39,4035.64,4028.39,7.25,3.747857142857096,0.16,116.0,-117.59999999999854,1.12,0.0,-118.71999999999855,-1.0137931034482632,-1.0234482758620564,sl,False,0.40413793103446016,1.2110344827586483,0.03@4035.74:sl;0.04@4035.74:sl;0.09@4035.74:sl,2202.000000000057,20.943035868474908
M5#3004721,M5,3004721,IMB,buy,0.666,A,2026-06-30 12:45:00,2026-06-30 15:56:00,2026-06-30 17:09:00,73.0,4011.11,4011.11,4003.31,4018.91,4042.31,4011.11,4003.31,7.800000000000182,3.964285714285747,0.15,117.00000000000273,350.9999999999977,1.05,0.0,349.9499999999977,2.9999999999999107,2.991025641025552,tp2,True,4.338461538461398,0.32435897435899247,0.03@4018.91:tp1;0.04@4030.61:tp1;0.08@4042.31:tp2,2551.9500000000544,23.93406150950046
M5#3004745,M5,3004745,OB,buy,0.646,B,2026-06-30 16:30:00,2026-06-30 16:36:00,2026-06-30 17:21:00,45.0,4018.23,4018.23,4009.87,4026.59,4051.67,4018.23,4009.87,8.360000000000127,6.587142857142843,0.14,117.04000000000177,367.84000000000106,0.9799999999999999,0.0,366.86000000000104,3.1428571428571046,3.1344839371154776,tp2,True,4.413875598086068,0.6160287081339728,0.02@4026.59:tp1;0.04@4039.13:tp1;0.08@4051.67:tp2,2918.8100000000554,27.068545446615936
M5#3004718,M5,3004718,IMB,buy,0.616,B,2026-07-01 03:40:00,2026-07-01 03:41:00,2026-07-01 04:05:00,24.0,3997.31,3997.31,3988.52,4006.1,4032.47,3997.31,3988.52,8.789999999999964,3.504999999999914,0.14,123.05999999999948,-124.45999999999822,0.9799999999999999,0.0,-125.43999999999822,-1.011376564277578,-1.0193401592718898,sl,False,0.26166097838454966,1.4573378839590443,0.02@3988.42:sl;0.04@3988.42:sl;0.08@3988.42:sl,2793.370000000057,26.049205287344044
M5#3004805,M5,3004805,OB,buy,0.588,B,2026-07-01 06:05:00,2026-07-01 06:33:00,2026-07-01 07:42:00,69.0,3977.69,3977.69,3972.48,3982.9,3998.53,3977.69,3972.48,5.210000000000036,4.11000000000003,0.24,125.04000000000089,-127.43999999999869,1.6800000000000002,0.0,-129.1199999999987,-1.0191938579654334,-1.032629558541249,sl,False,0.8522072936660314,1.0307101727446935,0.04@3972.38:sl;0.07@3972.38:sl;0.13@3972.38:sl,2664.2500000000587,25.016575728802795
M10#5525,M10,5525,IMB,sell,0.645,B,2026-07-01 23:40:00,2026-07-02 01:06:00,2026-07-02 03:49:00,163.0,4039.61,4039.61,4051.2,4028.02,3993.25,4051.2,4039.61,11.58999999999969,6.208571428571498,0.1,115.89999999999691,-116.90000000000055,0.7000000000000001,0.0,-117.60000000000055,-1.0086281276963216,-1.0146678170837247,sl,False,0.7471958584987132,1.13977566867993,0.02@4051.30:sl;0.03@4051.30:sl;0.05@4051.30:sl,2546.6500000000583,24.00190791171907
M5#4002852,M5,4002852,OB,buy,0.58,B,2026-07-02 04:10:00,2026-07-02 04:33:00,2026-07-02 04:45:00,12.0,4046.67,4046.67,4039.22,4054.12,4076.47,4046.67,4039.22,7.450000000000273,6.647142857142983,0.16,119.20000000000437,21.050000000000637,1.12,0.0,19.930000000000636,0.1765939597315425,0.1671979865771804,partial_be,True,1.1691275167784856,0.19194630872486426,0.03@4054.12:tp1;0.04@4046.57:be;0.09@4046.57:be,2566.580000000059,24.169105898296248
M5#4002910,M5,4002910,OB,buy,0.63,B,2026-07-02 16:50:00,2026-07-02 17:10:00,2026-07-02 17:20:00,10.0,4124.25,4124.25,4112.97,4135.53,4169.37,4124.25,4112.97,11.279999999999745,11.075000000000014,0.11,124.0799999999972,21.659999999996217,0.77,0.0,20.889999999996217,0.17456479690519588,0.1683591231463305,partial_be,True,1.0593971631205752,0.09397163120571135,0.02@4135.53:tp1;0.03@4124.15:be;0.06@4124.15:be,2587.4700000000553,24.33746502144258
M5#4002955,M5,4002955,IMB,buy,0.655,A,2026-07-03 08:55:00,2026-07-03 09:02:00,2026-07-03 09:15:00,13.0,4167.52,4167.52,4161.6,4173.44,4191.2,4167.52,4161.6,5.920000000000073,3.9528571428569585,0.21,124.32000000000154,-126.42000000000917,1.4700000000000002,0.0,-127.89000000000917,-1.016891891891953,-1.0287162162162773,sl,False,0.6182432432432111,1.0895270270271364,0.04@4161.50:sl;0.06@4161.50:sl;0.11@4161.50:sl,2459.5800000000463,23.3087488052263
M5#4002954,M5,4002954,IMB,buy,0.672,A,2026-07-03 15:05:00,2026-07-03 17:08:00,2026-07-06 02:28:00,3440.0,4159.21,4159.21,4150.89,4167.53,4192.49,4159.21,4150.89,8.319999999999709,2.718571428571327,0.14,116.47999999999591,366.0799999999981,0.9799999999999999,-4.0,361.0999999999981,3.142857142857237,3.1001030219781143,tp2,True,5.111778846153994,0.4663461538461833,0.02@4167.53:tp1;0.04@4180.01:tp1;0.08@4192.49:tp2,2820.6800000000444,26.408851827204415
M10#5609,M10,5609,OB,sell,0.626,B,2026-07-06 03:20:00,2026-07-06 03:45:00,2026-07-06 04:03:00,18.0,4187.83,4187.83,4200.4,4175.26,4137.55,4200.4,4187.83,12.569999999999709,9.062142857142785,0.1,125.69999999999709,24.339999999996508,0.7000000000000001,0.0,23.63999999999651,0.19363564041366008,0.1880668257756329,partial_be,True,1.20127287191732,0.2800318217979728,0.02@4175.26:tp1;0.03@4187.93:be;0.05@4187.93:be,2844.320000000041,26.596918652980047
M5#4003240,M5,4003240,IMB,sell,0.706,A,2026-07-09 08:05:00,2026-07-09 09:00:00,2026-07-09 11:23:00,143.0,4097.8,4097.8,4116.71,4078.89,4022.16,4116.71,4097.8,18.909999999999854,4.083571428571498,0.06,113.45999999999914,-114.06000000000131,0.42000000000000004,0.0,-114.48000000000131,-1.0052882072977452,-1.0089899524061534,sl,False,0.5002644103648921,1.064516129032272,0.01@4116.81:sl;0.01@4116.81:sl;0.04@4116.81:sl,2729.8400000000397,25.587928700573894
M5#4003352,M5,4003352,UW,sell,0.557,B,2026-07-09 18:30:00,2026-07-09 18:43:00,2026-07-09 19:13:00,30.0,4130.74,4130.74,4135.54,4125.94,4111.54,4135.54,4130.74,4.800000000000182,4.822857142857044,0.26,124.80000000000473,21.89999999999327,1.82,0.0,20.07999999999327,0.17548076923070866,0.16089743589737587,partial_be,True,1.0916666666665797,0.38125000000015985,0.05@4125.94:tp1;0.07@4130.84:be;0.14@4130.84:be,2749.920000000033,25.74882613647127
M15#3988,M15,3988,IMB,buy,0.705,A,2026-07-14 17:45:00,2026-07-14 18:42:00,2026-07-15 05:18:00,636.0,4068.98,4068.98,4030.85,4107.11,4221.5,4068.98,4030.85,38.13000000000011,16.74857142857143,0.03,114.39000000000033,-114.69000000000005,0.21,-4.5,-119.40000000000005,-1.0026226068712276,-1.0437975347495385,sl,False,0.1964332546551209,1.033831628638866,0.01@4030.75:sl;0.02@4030.75:sl,2630.5200000000327,24.70502860172173
M5#4003672,M5,4003672,IMB,buy,0.779,A,2026-07-15 16:35:00,2026-07-15 17:46:00,2026-07-15 18:22:00,36.0,4053.67,4053.67,4040.0,4067.34,4108.35,4053.67,4040.0,13.670000000000073,7.120000000000053,0.09,123.03000000000065,-123.92999999999982,0.63,0.0,-124.55999999999982,-1.0073152889539068,-1.0124359912216463,sl,False,0.6737381126554489,1.035844915874161,0.01@4039.90:sl;0.02@4039.90:sl;0.06@4039.90:sl,2505.960000000033,23.692592610500082
M10#5932,M10,5932,IMB,sell,0.608,B,2026-07-15 23:50:00,2026-07-16 01:00:00,2026-07-16 04:18:00,198.0,4064.66,4064.66,4070.81,4058.51,4040.06,4070.81,4064.66,6.150000000000091,5.331428571428497,0.2,123.00000000000182,362.87999999999556,1.4000000000000001,3.0,364.4799999999956,2.950243902438945,2.9632520325202454,tp2,True,4.1268292682926395,0.28455284552845106,0.04@4058.51:tp1;0.06@4049.28:tp1;0.1@4040.06:tp2,2870.4400000000282,26.655844643020327
M10#5927,M10,5927,IMB,buy,0.628,B,2026-07-15 22:50:00,2026-07-16 03:59:00,2026-07-16 04:23:00,24.0,4047.07,4047.07,4038.89,4055.25,4079.79,4047.07,4038.89,8.180000000000291,7.242857142857084,0.15,122.70000000000437,-124.200000000003,1.05,0.0,-125.250000000003,-1.012224938875294,-1.0207823960880076,sl,False,0.40586797066009667,1.1381418092909064,0.03@4038.79:sl;0.04@4038.79:sl;0.08@4038.79:sl,2745.190000000025,25.635062246932318
M5#4003790,M5,4003790,IMB,buy,0.645,B,2026-07-16 18:55:00,2026-07-16 18:56:00,2026-07-16 19:04:00,8.0,4007.01,4007.01,3998.99,4015.03,4039.09,4007.01,3998.99,8.020000000000437,6.422857142857116,0.15,120.30000000000655,-121.80000000000518,1.05,0.0,-122.85000000000518,-1.0124688279301626,-1.0211970074812842,sl,False,0.07730673316706448,1.00997506234413,0.03@3998.89:sl;0.04@3998.89:sl;0.08@3998.89:sl,2622.3400000000197,24.613865239451034
M5#4003922,M5,4003922,IMB,sell,0.674,A,2026-07-20 01:30:00,2026-07-20 03:20:00,2026-07-20 04:02:00,42.0,4002.27,4002.27,4015.44,3989.1,3949.59,4015.44,4002.27,13.170000000000073,4.564285714285753,0.09,118.53000000000065,-119.42999999999984,0.63,0.0,-120.05999999999983,-1.0075930144267204,-1.0129081245254297,sl,False,0.2930903568716861,1.0311313591496056,0.01@4015.54:sl;0.02@4015.54:sl;0.06@4015.54:sl,2502.2800000000198,23.600957114925603
M15#4036,M15,4036,OB,sell,0.61,B,2026-07-17 19:45:00,2026-07-20 05:48:00,2026-07-20 11:02:00,314.0,4024.25,4024.25,4038.33,4010.17,3967.93,4038.33,4024.25,14.079999999999927,11.691428571428528,0.08,112.63999999999942,13.380000000000566,0.56,0.0,12.820000000000565,0.118785511363642,0.11381392045455106,partial_be,True,1.5767045454545408,0.3075284090909055,0.01@4010.17:tp1;0.02@4024.35:be;0.05@4024.35:be,2515.1000000000204,23.714771035380153
M5#4003971,M5,4003971,IMB,sell,0.648,B,2026-07-20 16:50:00,2026-07-20 18:09:00,2026-07-20 22:30:00,261.0,4017.48,4017.48,4024.89,4010.07,3987.84,4024.89,4017.48,7.4099999999998545,4.715714285714349,0.16,118.55999999999767,20.930000000000746,1.12,0.0,19.810000000000745,0.176535087719308,0.16708839406208784,partial_be,True,2.151147098515569,0.3022941970310156,0.03@4010.07:tp1;0.04@4017.58:be;0.09@4017.58:be,2534.9100000000212,23.88185942944224
M5#4004014,M5,4004014,UW,buy,0.645,B,2026-07-21 04:30:00,2026-07-21 04:39:00,2026-07-21 05:36:00,57.0,4023.59,4023.59,4018.26,4028.92,4044.91,4023.59,4018.26,5.329999999999927,5.10714285714289,0.23,122.58999999999833,378.3999999999942,1.61,0.0,376.78999999999417,3.08671180357288,3.07357859531772,tp2,True,4.013133208255191,0.4202626641651533,0.04@4028.92:tp1;0.06@4036.91:tp1;0.13@4044.91:tp2,2911.7000000000153,26.95543802475996
M5#4004347,M5,4004347,IMB,buy,0.687,A,2026-07-24 18:35:00,2026-07-24 18:43:00,2026-07-24 19:48:00,65.0,4071.99,4071.99,4064.72,4079.26,4101.07,4071.99,4064.72,7.269999999999982,5.723571428571469,0.17,123.58999999999969,-125.28999999999814,1.1900000000000002,0.0,-126.47999999999814,-1.0137551581843067,-1.02338376891333,sl,False,0.8239339752407498,1.0756533700137179,0.03@4064.62:sl;0.05@4064.62:sl;0.09@4064.62:sl,2785.220000000017,25.93205425584663
M5#4004676,M5,4004676,OB,sell,0.629,B,2026-07-30 10:00:00,2026-07-30 10:01:00,2026-07-30 10:04:00,3.0,4041.88,4041.88,4047.96,4035.8,4017.56,4047.96,4041.88,6.079999999999927,4.902142857142865,0.21,127.6799999999985,-129.77999999999656,1.4700000000000002,0.0,-131.24999999999656,-1.0164473684210376,-1.0279605263157745,sl,False,0.0,1.0476973684210473,0.04@4048.06:sl;0.06@4048.06:sl;0.11@4048.06:sl,2653.9700000000207,24.904093729530857
M10#6666,M10,6666,OB,buy,0.641,B,2026-08-05 23:30:00,2026-08-05 23:47:00,2026-08-06 02:34:00,167.0,4243.81,4243.81,4238.63,4248.99,4264.53,4243.81,4238.63,5.180000000000291,5.397857142857187,0.24,124.320000000007,380.7299999999878,1.6800000000000002,-10.0,369.0499999999878,3.0624999999997295,2.9685489060486407,tp2,True,4.14671814671783,0.1698841698841814,0.04@4248.99:tp1;0.07@4256.76:tp1;0.13@4264.53:tp2,3023.0200000000086,27.872642635579496
M5#5003056,M5,5003056,IMB,buy,0.679,A,2026-08-05 17:45:00,2026-08-05 19:03:00,2026-08-06 03:34:00,511.0,4225.75,4225.75,4210.75,4240.75,4285.75,4225.75,4210.75,15.0,10.063571428571517,0.08,120.0,390.0,0.56,-2.5,386.94,3.25,3.2245,tp2,True,4.082666666666652,0.07399999999997817,0.01@4240.75:tp1;0.02@4263.25:tp1;0.05@4285.75:tp2,3409.9600000000087,31.097142635579495
M5#5003136,M5,5003136,OB,sell,0.622,B,2026-08-06 16:10:00,2026-08-06 16:37:00,2026-08-06 16:42:00,5.0,4256.13,4256.13,4270.29,4241.97,4199.49,4270.29,4256.13,14.159999999999854,7.488571428571309,0.09,127.43999999999869,-128.34000000000196,0.63,0.0,-128.97000000000196,-1.007062146892681,-1.0120056497175398,sl,False,0.0,1.1659604519774285,0.01@4270.39:sl;0.02@4270.39:sl;0.06@4270.39:sl,3280.9900000000066,30.085136985861954
M5#5003144,M5,5003144,IMB,buy,0.551,B,2026-08-06 17:35:00,2026-08-06 18:17:00,2026-08-06 18:23:00,6.0,4258.58,4258.58,4252.24,4264.92,4283.94,4258.58,4252.24,6.3400000000001455,8.458571428571434,0.2,126.80000000000291,-128.799999999992,1.4000000000000001,0.0,-130.199999999992,-1.015772870662374,-1.0268138801260964,sl,False,0.0,1.2618296529968165,0.04@4252.14:sl;0.06@4252.14:sl;0.1@4252.14:sl,3150.7900000000145,29.05832310573586
M5#5003308,M5,5003308,UW,sell,0.605,B,2026-08-10 04:30:00,2026-08-10 05:29:00,2026-08-10 07:13:00,104.0,4332.09,4332.09,4340.79,4323.39,4297.29,4340.79,4332.09,8.699999999999818,5.48642857142886,0.15,130.49999999999727,24.900000000006,1.05,0.0,23.850000000006,0.1908045977011994,0.18275862068970497,partial_be,True,1.6402298850574513,0.0793103448276464,0.03@4323.39:tp1;0.04@4332.19:be;0.08@4332.19:be,3174.6400000000203,29.241081726425563
M5#5003492,M5,5003492,OB,buy,0.599,B,2026-08-12 08:30:00,2026-08-12 08:30:00,2026-08-12 08:35:00,5.0,4391.33,4391.33,4386.92,4395.74,4408.97,4391.33,4386.92,4.4099999999998545,3.0892857142857792,0.29,127.88999999999577,19.64999999999054,2.03,0.0,17.61999999999054,0.15364766596286802,0.13777465008985162,partial_be,True,1.2630385487528102,0.4920634920635248,0.05@4395.74:tp1;0.08@4391.23:be;0.16@4391.23:be,3192.2600000000107,29.378856376515415
M10#6950,M10,6950,OB,sell,0.614,B,2026-08-13 14:30:00,2026-08-13 15:30:00,2026-08-13 15:48:00,18.0,4396.63,4396.63,4406.25,4387.01,4358.15,4406.25,4396.63,9.61999999999989,4.132142857143078,0.13,125.05999999999858,18.140000000005784,0.91,0.0,17.230000000005784,0.1450503758196545,0.13777386854314713,partial_be,True,1.6434511434511092,0.510395010395001,0.02@4387.01:tp1;0.03@4396.73:be;0.08@4396.73:be,3209.4900000000166,29.51663024505856
M10#6972,M10,6972,OB,sell,0.626,B,2026-08-14 14:40:00,2026-08-14 16:32:00,2026-08-17 03:28:00,3536.0,4390.13,4390.13,4401.78,4378.48,4343.53,4401.78,4390.13,11.649999999999636,4.3292857142857555,0.11,128.149999999996,22.400000000006003,0.77,1.3499999999999999,22.980000000006005,0.17479516191967773,0.17932110807652535,partial_be,True,1.9442060085837205,0.6111587982832715,0.02@4378.48:tp1;0.03@4390.23:be;0.06@4390.23:be,3232.4700000000225,29.695951353135086
M5#5003790,M5,5003790,IMB,buy,0.67,A,2026-08-17 15:20:00,2026-08-17 15:26:00,2026-08-17 15:31:00,5.0,4384.06,4384.06,4379.5,4388.62,4402.3,4384.06,4379.5,4.5600000000004,3.214285714285649,0.29,132.24000000001158,20.399999999988726,2.03,0.0,18.369999999988725,0.15426497277667076,0.13891409558368964,partial_be,True,1.3026315789471663,0.4385964912280317,0.05@4388.62:tp1;0.08@4383.96:be;0.16@4383.96:be,3250.840000000011,29.834865448718777
M5#5003951,M5,5003951,UW,buy,0.677,A,2026-08-18 17:00:00,2026-08-18 17:32:00,2026-08-18 17:53:00,21.0,4388.9,4388.9,4376.32,4401.48,4439.22,4388.9,4376.32,12.579999999999927,7.969285714285759,0.1,125.79999999999927,-126.79999999999382,0.7000000000000001,0.0,-127.49999999999382,-1.007949125596141,-1.0135135135134703,sl,False,0.581875993640752,1.3100158982511652,0.02@4376.22:sl;0.03@4376.22:sl;0.05@4376.22:sl,3123.3400000000174,28.821351935205307
M10#7005,M10,7005,OB,buy,0.612,B,2026-08-19 02:50:00,2026-08-19 04:02:00,2026-08-19 05:21:00,79.0,4326.89,4326.89,4318.34,4335.44,4361.09,4326.89,4318.34,8.550000000000182,5.052142857142891,0.15,128.25000000000273,384.7699999999968,1.05,0.0,383.7199999999968,3.0001559454190145,2.9919688109160907,tp2,True,4.037426900584654,0.28771929824561215,0.03@4335.44:tp1;0.04@4348.27:tp1;0.08@4361.09:tp2,3507.060000000014,31.8133207461214
M30#2456,M30,2456,IMB,sell,0.624,B,2026-08-19 15:00:00,2026-08-19 15:33:00,2026-08-19 15:36:00,3.0,4377.5,4377.5,4391.12,4363.88,4323.02,4391.12,4377.5,13.61999999999989,9.354999999999889,0.09,122.57999999999902,-123.48000000000229,0.63,0.0,-124.11000000000229,-1.0073421439060473,-1.0124816446402618,sl,False,0.0,1.4170337738619925,0.01@4391.22:sl;0.02@4391.22:sl;0.06@4391.22:sl,3382.9500000000116,30.800839101481138
M5#5003888,M5,5003888,IMB,sell,0.567,B,2026-08-19 15:35:00,2026-08-19 15:38:00,2026-08-19 15:41:00,3.0,4412.03,4412.03,4420.06,4404.0,4379.91,4420.06,4412.03,8.030000000000655,4.693571428571366,0.16,128.48000000001048,-130.08000000000175,1.12,0.0,-131.20000000000175,-1.012453300124464,-1.0211706102116365,sl,False,0.34869240348680497,1.1195516811955115,0.03@4420.16:sl;0.04@4420.16:sl;0.09@4420.16:sl,3251.75000000001,29.7796684912695
M5#5004068,M5,5004068,IMB,buy,0.552,B,2026-08-20 01:45:00,2026-08-20 01:59:00,2026-08-20 02:23:00,24.0,4517.32,4517.32,4511.16,4523.48,4541.96,4517.32,4511.16,6.1599999999998545,2.861428571428665,0.21,129.35999999999697,22.940000000008695,1.4700000000000002,0.0,21.470000000008696,0.17733457019178442,0.1659709338281478,partial_be,True,1.0194805194806498,0.3360389610389217,0.04@4523.48:tp1;0.06@4517.22:be;0.11@4517.22:be,3273.220000000019,29.94563942509765
M10#7224,M10,7224,OB,buy,0.623,B,2026-08-21 06:20:00,2026-08-21 06:29:00,2026-08-21 08:17:00,108.0,4531.31,4531.31,4522.24,4540.38,4567.59,4531.31,4522.24,9.070000000000618,8.874285714285893,0.14,126.98000000000864,16.939999999995052,0.9799999999999999,0.0,15.959999999995052,0.13340683572211293,0.12568908489521158,partial_be,True,1.8324145534728509,0.5148842337375694,0.02@4540.38:tp1;0.04@4531.21:be;0.08@4531.21:be,3289.180000000014,30.07132850999286
M5#5004257,M5,5004257,IMB,sell,0.646,B,2026-08-24 03:45:00,2026-08-24 03:48:00,2026-08-24 04:00:00,12.0,4612.68,4612.68,4628.44,4596.92,4549.64,4628.44,4612.68,15.759999999999309,8.946428571428637,0.08,126.07999999999447,-126.8799999999974,0.56,0.0,-127.4399999999974,-1.006345177664998,-1.0107868020304804,sl,False,0.0755076142131759,1.053299492385856,0.01@4628.54:sl;0.02@4628.54:sl;0.05@4628.54:sl,3161.7400000000166,29.06054170796238
M5#5004263,M5,5004263,IMB,buy,0.574,B,2026-08-24 05:55:00,2026-08-24 21:08:00,2026-08-24 21:38:00,30.0,4626.57,4626.57,4618.94,4634.2,4657.09,4626.57,4618.94,7.630000000000109,8.468571428571522,0.17,129.71000000000186,21.490000000007967,1.1900000000000002,0.0,20.300000000007966,0.16567728008640553,0.15650296815980014,partial_be,True,2.044560943643531,0.192660550458627,0.03@4634.20:tp1;0.05@4626.47:be;0.09@4626.47:be,3182.0400000000245,29.21704467612218
M5#5004415,M5,5004415,UW,buy,0.663,A,2026-08-26 09:35:00,2026-08-26 11:15:00,2026-08-26 15:31:00,256.0,4623.81,4623.81,4613.21,4634.41,4666.21,4623.81,4613.21,10.600000000000364,5.1592857142857484,0.12,127.20000000000438,-128.40000000000873,0.8400000000000001,0.0,-129.24000000000873,-1.0094339622641848,-1.0160377358490902,sl,False,0.8924528301886521,1.0396226415094394,0.02@4613.11:sl;0.03@4613.11:sl;0.07@4613.11:sl,3052.8000000000156,28.20100694027309
M5#5004565,M5,5004565,IMB,buy,0.66,A,2026-08-27 08:10:00,2026-08-27 08:31:00,2026-08-27 08:44:00,13.0,4612.36,4612.36,4605.54,4619.18,4639.64,4612.36,4605.54,6.819999999999709,2.6014285714285768,0.19,129.57999999999447,-131.48000000000138,1.33,0.0,-132.8100000000014,-1.0146627565982944,-1.0249266862170634,sl,False,0.2771260997068047,1.058651026392911,0.03@4605.44:sl;0.05@4605.44:sl;0.11@4605.44:sl,2919.9900000000143,27.176080254056025
M5#5004612,M5,5004612,OB,buy,0.624,B,2026-08-28 02:45:00,2026-08-28 02:48:00,2026-08-28 03:31:00,43.0,4597.37,4597.37,4590.62,4604.12,4624.37,4597.37,4590.62,6.75,2.5421428571429323,0.19,128.25,-130.14999999998963,1.33,0.0,-131.47999999998964,-1.014814814814734,-1.0251851851851044,sl,False,0.7970370370370532,1.050370370370392,0.03@4590.52:sl;0.05@4590.52:sl;0.11@4590.52:sl,2788.510000000025,26.15089506887092
M5#5004679,M5,5004679,IMB,buy,0.623,B,2026-08-28 10:20:00,2026-08-28 14:06:00,2026-08-28 16:15:00,129.0,4596.84,4596.84,4588.76,4604.92,4629.16,4596.84,4588.76,8.079999999999927,6.126428571428538,0.15,121.19999999999891,23.039999999995416,1.05,0.0,21.989999999995415,0.190099009900954,0.18143564356432024,partial_be,True,1.0952970297029125,0.9220297029702829,0.03@4604.92:tp1;0.04@4596.74:be;0.08@4596.74:be,2810.50000000002,26.33233071243524
M5#5004751,M5,5004751,IMB,buy,0.615,B,2026-08-31 07:15:00,2026-08-31 07:24:00,2026-08-31 13:07:00,343.0,4416.56,4416.56,4407.23,4425.89,4453.88,4416.56,4407.23,9.330000000000837,4.217142857142854,0.13,121.29000000001088,387.2099999999973,0.91,0.0,386.2999999999973,3.1924313628490606,3.184928683320658,tp2,True,4.001071811360834,0.3654876741693953,0.02@4425.89:tp1;0.03@4439.89:tp1;0.08@4453.88:tp2,3196.8000000000175,29.5172593957559
M15#4832,M15,4832,IMB,buy,0.643,B,2026-08-31 05:30:00,2026-08-31 05:35:00,2026-09-01 11:32:00,1797.0,4411.38,4411.38,4373.51,4449.25,4562.86,4411.38,4373.51,37.86999999999989,14.93214285714287,0.03,113.60999999999967,-113.91000000000076,0.21,-1.5,-115.62000000000076,-1.0026406126221379,-1.0176921045682694,sl,False,1.3963559545814699,1.008449960390827,0.01@4373.41:sl;0.02@4373.41:sl,3081.1800000000167,28.49956729118763
M5#5004866,M5,5004866,IMB,sell,0.566,B,2026-09-02 17:05:00,2026-09-02 17:05:00,2026-09-02 17:09:00,4.0,4387.54,4387.54,4394.72,4380.36,4358.82,4394.72,4387.54,7.180000000000291,8.95714285714283,0.18,129.24000000000524,-131.03999999999542,1.26,0.0,-132.2999999999954,-1.0139275766015947,-1.0236768802227643,sl,False,0.09192200557100665,1.3203342618384524,0.03@4394.82:sl;0.05@4394.82:sl;0.1@4394.82:sl,2948.880000000021,27.475890410964865
M30#2607,M30,2607,IMB,sell,0.653,A,2026-09-03 06:00:00,2026-09-03 15:53:00,2026-09-04 23:58:00,1925.0,4487.68,4487.68,4524.41,4450.95,4340.76,4524.41,4487.68,36.72999999999956,9.697142857142742,0.03,110.18999999999869,206.38000000000193,0.21,0.44999999999999996,206.6200000000019,1.8729467283782955,1.8751247844632395,forced,True,3.3267084127416817,0.6346310917506063,0.01@4395.86:tp1;0.02@4430.40:forced,3155.5000000000227,29.351015195428104
